0 1 1.000
0 150 1.000
0 103 1.000
0 40 1.000
0 127 1.000
0 37 1.000
0 23 1.000
0 87 1.000
0 4 1.000
0 89 1.000
0 52 1.000
0 140 1.000
0 57 1.000
0 148 1.000
0 146 1.000
0 92 1.000
0 55 1.000
0 75 1.000
0 147 1.000
0 128 1.000
0 105 1.000
0 714 1.000
1 2 1.000
1 146 1.000
1 4 1.000
1 82 1.000
1 124 1.000
1 100 1.000
1 31 1.000
1 75 1.000
1 52 1.000
1 115 1.000
1 125 1.000
1 20 1.000
1 145 1.000
1 57 1.000
1 84 1.000
1 18 1.000
1 87 1.000
2 3 1.000
2 121 1.000
2 57 1.000
2 99 1.000
2 40 1.000
2 115 1.000
2 26 1.000
2 75 1.000
2 44 1.000
2 125 1.000
2 84 1.000
3 4 1.000
3 143 1.000
3 115 1.000
3 57 1.000
3 84 1.000
3 82 1.000
3 99 1.000
3 124 1.000
3 103 1.000
3 648 1.000
3 2721 1.000
4 5 1.000
4 139 1.000
4 37 1.000
4 118 1.000
4 125 1.000
4 104 1.000
4 59 1.000
4 82 1.000
4 18 1.000
4 47 1.000
4 12 1.000
4 23 1.000
4 95 1.000
4 57 1.000
4 117 1.000
4 99 1.000
4 13 1.000
4 21 1.000
4 75 1.000
4 115 1.000
4 89 1.000
4 8 1.000
4 66 1.000
4 20 1.000
4 55 1.000
4 160 1.000
4 886 1.000
4 2136 1.000
5 6 1.000
5 118 1.000
5 78 1.000
5 75 1.000
5 57 1.000
5 82 1.000
5 795 1.000
6 7 1.000
7 8 1.000
7 40 1.000
7 115 1.000
8 9 1.000
8 95 1.000
8 145 1.000
8 73 1.000
8 62 1.000
8 75 1.000
8 117 1.000
8 124 1.000
8 66 1.000
8 11 1.000
8 100 1.000
8 99 1.000
8 114 1.000
8 71 1.000
8 142 1.000
8 103 1.000
8 50 1.000
8 69 1.000
8 488 1.000
9 10 1.000
9 112 1.000
9 40 1.000
10 11 1.000
11 12 1.000
11 42 1.000
12 13 1.000
12 31 1.000
12 144 1.000
12 118 1.000
12 15 1.000
12 125 1.000
12 44 1.000
12 17 1.000
12 24 1.000
12 147 1.000
12 99 1.000
12 53 1.000
12 18 1.000
12 103 1.000
12 82 1.000
12 133 1.000
12 136 1.000
12 84 1.000
12 47 1.000
12 75 1.000
12 2426 1.000
13 14 1.000
13 84 1.000
13 35 1.000
13 113 1.000
13 18 1.000
13 39 1.000
13 124 1.000
13 2677 1.000
14 15 1.000
14 82 1.000
14 1286 1.000
15 16 1.000
15 116 1.000
15 139 1.000
16 17 1.000
16 63 1.000
16 27 1.000
16 124 1.000
16 116 1.000
17 18 1.000
17 124 1.000
17 59 1.000
17 75 1.000
17 82 1.000
17 104 1.000
17 52 1.000
17 113 1.000
17 133 1.000
18 19 1.000
18 33 1.000
18 99 1.000
18 147 1.000
18 20 1.000
18 55 1.000
18 145 1.000
18 72 1.000
18 104 1.000
18 84 1.000
18 125 1.000
18 87 1.000
18 115 1.000
18 31 1.000
18 65 1.000
18 43 1.000
18 106 1.000
18 71 1.000
18 82 1.000
18 23 1.000
18 148 1.000
18 149 1.000
18 47 1.000
18 21 1.000
18 146 1.000
18 3334 1.000
18 3415 1.000
19 20 1.000
20 21 1.000
20 125 1.000
20 75 1.000
20 84 1.000
20 113 1.000
20 58 1.000
20 118 1.000
21 22 1.000
21 121 1.000
21 23 1.000
21 43 1.000
21 82 1.000
21 57 1.000
21 89 1.000
21 37 1.000
21 31 1.000
21 113 1.000
21 29 1.000
21 103 1.000
21 72 1.000
21 127 1.000
21 40 1.000
21 145 1.000
21 33 1.000
21 124 1.000
21 75 1.000
21 84 1.000
21 71 1.000
21 147 1.000
21 62 1.000
21 55 1.000
21 53 1.000
21 990 1.000
22 23 1.000
22 25 1.000
22 113 1.000
22 125 1.000
22 1797 1.000
23 24 1.000
23 115 1.000
23 57 1.000
23 53 1.000
23 142 1.000
23 118 1.000
23 75 1.000
23 148 1.000
23 95 1.000
23 47 1.000
23 94 1.000
23 139 1.000
23 82 1.000
23 116 1.000
23 114 1.000
24 25 1.000
24 145 1.000
24 149 1.000
24 40 1.000
24 87 1.000
25 26 1.000
25 104 1.000
25 82 1.000
26 27 1.000
26 125 1.000
27 28 1.000
27 57 1.000
27 118 1.000
27 69 1.000
27 80 1.000
27 130 1.000
27 66 1.000
27 52 1.000
27 75 1.000
27 104 1.000
27 140 1.000
27 77 1.000
27 82 1.000
27 120 1.000
27 125 1.000
27 113 1.000
27 84 1.000
28 29 1.000
28 84 1.000
28 73 1.000
28 65 1.000
28 55 1.000
28 135 1.000
28 31 1.000
28 124 1.000
28 145 1.000
28 57 1.000
28 94 1.000
28 114 1.000
28 148 1.000
28 62 1.000
29 30 1.000
29 113 1.000
29 82 1.000
29 115 1.000
29 52 1.000
29 100 1.000
30 31 1.000
30 149 1.000
31 32 1.000
31 71 1.000
31 84 1.000
31 70 1.000
31 61 1.000
31 95 1.000
31 82 1.000
31 118 1.000
31 55 1.000
31 115 1.000
31 38 1.000
31 128 1.000
31 43 1.000
31 694 1.000
32 33 1.000
32 43 1.000
32 103 1.000
32 75 1.000
32 84 1.000
33 34 1.000
33 55 1.000
33 38 1.000
33 147 1.000
33 84 1.000
33 57 1.000
33 82 1.000
34 35 1.000
34 52 1.000
34 44 1.000
34 145 1.000
34 84 1.000
35 36 1.000
35 47 1.000
35 115 1.000
35 75 1.000
35 145 1.000
36 37 1.000
37 38 1.000
37 70 1.000
37 143 1.000
37 84 1.000
37 116 1.000
37 115 1.000
37 146 1.000
37 112 1.000
37 145 1.000
37 139 1.000
37 42 1.000
38 39 1.000
38 61 1.000
38 136 1.000
38 125 1.000
38 95 1.000
38 57 1.000
38 108 1.000
39 40 1.000
39 82 1.000
39 105 1.000
39 103 1.000
40 41 1.000
40 147 1.000
40 142 1.000
40 57 1.000
40 115 1.000
40 114 1.000
40 99 1.000
40 104 1.000
40 136 1.000
41 42 1.000
41 87 1.000
41 114 1.000
41 118 1.000
41 84 1.000
42 43 1.000
42 87 1.000
42 145 1.000
42 116 1.000
42 104 1.000
42 103 1.000
42 96 1.000
42 82 1.000
42 64 1.000
43 44 1.000
43 112 1.000
43 72 1.000
43 147 1.000
43 132 1.000
43 100 1.000
43 149 1.000
43 133 1.000
43 145 1.000
43 136 1.000
43 91 1.000
43 52 1.000
43 89 1.000
44 45 1.000
44 112 1.000
44 139 1.000
44 65 1.000
45 46 1.000
46 47 1.000
46 103 1.000
46 57 1.000
46 76 1.000
47 48 1.000
47 81 1.000
47 82 1.000
47 117 1.000
47 91 1.000
47 143 1.000
47 150 1.000
47 141 1.000
47 75 1.000
47 76 1.000
47 84 1.000
47 125 1.000
47 95 1.000
47 71 1.000
47 118 1.000
47 104 1.000
47 142 1.000
48 49 1.000
48 57 1.000
48 55 1.000
48 104 1.000
48 120 1.000
48 137 1.000
48 110 1.000
48 146 1.000
48 87 1.000
48 82 1.000
49 50 1.000
49 118 1.000
49 82 1.000
50 51 1.000
51 52 1.000
52 53 1.000
52 145 1.000
52 113 1.000
52 86 1.000
52 84 1.000
52 76 1.000
52 121 1.000
52 57 1.000
52 125 1.000
52 114 1.000
52 105 1.000
52 862 1.000
53 54 1.000
53 74 1.000
53 114 1.000
53 103 1.000
53 124 1.000
53 144 1.000
53 146 1.000
53 139 1.000
53 66 1.000
53 128 1.000
53 112 1.000
53 108 1.000
53 82 1.000
53 1879 1.000
54 55 1.000
54 81 1.000
54 3587 1.000
55 56 1.000
55 148 1.000
55 115 1.000
55 107 1.000
55 127 1.000
55 57 1.000
55 76 1.000
55 105 1.000
55 144 1.000
55 64 1.000
55 150 1.000
55 135 1.000
55 79 1.000
55 125 1.000
55 89 1.000
55 146 1.000
55 118 1.000
55 72 1.000
55 65 1.000
55 84 1.000
55 75 1.000
55 82 1.000
55 69 1.000
55 104 1.000
55 66 1.000
55 114 1.000
55 145 1.000
55 116 1.000
55 59 1.000
55 695 1.000
55 1249 1.000
56 57 1.000
57 58 1.000
57 63 1.000
57 82 1.000
57 95 1.000
57 113 1.000
57 75 1.000
57 84 1.000
57 112 1.000
57 132 1.000
57 140 1.000
57 145 1.000
57 104 1.000
57 99 1.000
57 124 1.000
57 105 1.000
57 91 1.000
57 87 1.000
57 81 1.000
57 118 1.000
57 125 1.000
57 73 1.000
57 114 1.000
57 108 1.000
57 286 1.000
57 1108 1.000
57 2273 1.000
58 59 1.000
58 82 1.000
58 125 1.000
59 60 1.000
59 135 1.000
59 90 1.000
59 121 1.000
59 75 1.000
59 137 1.000
59 82 1.000
60 61 1.000
60 103 1.000
60 125 1.000
60 99 1.000
60 112 1.000
61 62 1.000
61 86 1.000
61 99 1.000
62 63 1.000
62 136 1.000
62 115 1.000
62 80 1.000
62 141 1.000
62 112 1.000
62 147 1.000
62 118 1.000
62 77 1.000
63 64 1.000
63 104 1.000
63 105 1.000
63 142 1.000
63 145 1.000
63 84 1.000
63 132 1.000
64 65 1.000
64 144 1.000
64 112 1.000
64 89 1.000
64 115 1.000
64 73 1.000
64 118 1.000
64 103 1.000
64 75 1.000
64 87 1.000
64 145 1.000
65 66 1.000
65 143 1.000
65 141 1.000
65 71 1.000
65 118 1.000
65 82 1.000
65 127 1.000
65 79 1.000
65 106 1.000
65 146 1.000
65 75 1.000
65 115 1.000
65 708 1.000
66 67 1.000
66 125 1.000
66 145 1.000
66 696 1.000
67 68 1.000
67 86 1.000
67 84 1.000
68 69 1.000
68 135 1.000
68 145 1.000
68 127 1.000
69 70 1.000
70 71 1.000
70 118 1.000
70 82 1.000
70 104 1.000
70 125 1.000
70 148 1.000
70 304 1.000
71 72 1.000
71 79 1.000
71 118 1.000
71 124 1.000
71 87 1.000
71 106 1.000
71 84 1.000
71 82 1.000
71 125 1.000
71 146 1.000
71 115 1.000
72 73 1.000
72 146 1.000
72 120 1.000
72 99 1.000
72 75 1.000
72 82 1.000
72 113 1.000
72 115 1.000
72 84 1.000
72 3160 1.000
73 74 1.000
73 125 1.000
73 103 1.000
74 75 1.000
75 76 1.000
75 93 1.000
75 138 1.000
75 103 1.000
75 106 1.000
75 118 1.000
75 95 1.000
75 82 1.000
75 92 1.000
75 125 1.000
75 120 1.000
75 112 1.000
75 121 1.000
75 104 1.000
75 78 1.000
75 84 1.000
75 145 1.000
75 139 1.000
75 136 1.000
75 133 1.000
75 97 1.000
75 666 1.000
75 289 1.000
76 77 1.000
76 106 1.000
76 79 1.000
77 78 1.000
77 135 1.000
77 82 1.000
77 127 1.000
78 79 1.000
78 103 1.000
78 84 1.000
78 121 1.000
78 115 1.000
78 91 1.000
78 104 1.000
78 127 1.000
78 82 1.000
79 80 1.000
79 114 1.000
79 125 1.000
79 384 1.000
79 1803 1.000
80 81 1.000
80 115 1.000
81 82 1.000
81 113 1.000
81 129 1.000
81 145 1.000
82 83 1.000
82 133 1.000
82 108 1.000
82 145 1.000
82 87 1.000
82 112 1.000
82 95 1.000
82 84 1.000
82 125 1.000
82 132 1.000
82 150 1.000
82 147 1.000
82 120 1.000
82 119 1.000
82 118 1.000
82 138 1.000
82 144 1.000
82 115 1.000
82 104 1.000
82 136 1.000
82 124 1.000
82 157 1.000
82 799 1.000
82 3359 1.000
83 84 1.000
84 85 1.000
84 87 1.000
84 120 1.000
84 149 1.000
84 121 1.000
84 113 1.000
84 118 1.000
84 145 1.000
84 147 1.000
84 96 1.000
84 110 1.000
84 115 1.000
84 125 1.000
84 103 1.000
84 146 1.000
84 114 1.000
84 216 1.000
85 86 1.000
85 1376 1.000
86 87 1.000
86 99 1.000
87 88 1.000
87 118 1.000
87 100 1.000
87 99 1.000
87 103 1.000
87 112 1.000
87 125 1.000
87 1875 1.000
88 89 1.000
89 90 1.000
89 104 1.000
90 91 1.000
90 118 1.000
90 99 1.000
90 1190 1.000
91 92 1.000
91 146 1.000
91 104 1.000
92 93 1.000
93 94 1.000
94 95 1.000
94 125 1.000
94 118 1.000
94 143 1.000
94 455 1.000
95 96 1.000
95 113 1.000
95 106 1.000
95 124 1.000
95 105 1.000
95 147 1.000
95 112 1.000
95 894 1.000
95 3195 1.000
96 97 1.000
96 125 1.000
97 98 1.000
98 99 1.000
99 100 1.000
99 143 1.000
99 133 1.000
99 147 1.000
99 146 1.000
99 148 1.000
99 145 1.000
99 768 1.000
99 1023 1.000
100 101 1.000
100 1687 1.000
101 102 1.000
101 125 1.000
102 103 1.000
102 118 1.000
102 149 1.000
103 104 1.000
103 121 1.000
103 116 1.000
103 118 1.000
103 115 1.000
103 142 1.000
104 105 1.000
104 119 1.000
104 145 1.000
104 112 1.000
104 115 1.000
104 113 1.000
104 124 1.000
104 149 1.000
104 118 1.000
104 121 1.000
104 143 1.000
104 125 1.000
104 333 1.000
104 2043 1.000
104 2585 1.000
105 106 1.000
105 146 1.000
105 125 1.000
105 118 1.000
106 107 1.000
106 116 1.000
106 112 1.000
107 108 1.000
108 109 1.000
108 113 1.000
109 110 1.000
110 111 1.000
110 136 1.000
110 148 1.000
110 145 1.000
110 125 1.000
111 112 1.000
112 113 1.000
112 124 1.000
112 127 1.000
112 114 1.000
112 115 1.000
112 125 1.000
112 145 1.000
112 138 1.000
112 118 1.000
112 147 1.000
112 1358 1.000
112 2134 1.000
113 114 1.000
113 124 1.000
113 115 1.000
113 118 1.000
114 115 1.000
114 117 1.000
114 116 1.000
114 138 1.000
114 145 1.000
114 142 1.000
114 139 1.000
114 147 1.000
114 136 1.000
114 124 1.000
114 519 1.000
115 116 1.000
115 136 1.000
115 118 1.000
115 135 1.000
115 125 1.000
115 142 1.000
115 133 1.000
115 147 1.000
115 127 1.000
116 117 1.000
116 127 1.000
117 118 1.000
117 124 1.000
117 121 1.000
117 132 1.000
118 119 1.000
118 149 1.000
118 135 1.000
118 147 1.000
118 127 1.000
118 125 1.000
118 124 1.000
118 144 1.000
118 145 1.000
118 132 1.000
119 120 1.000
119 149 1.000
120 121 1.000
121 122 1.000
121 127 1.000
121 143 1.000
122 123 1.000
122 140 1.000
123 124 1.000
124 125 1.000
124 136 1.000
124 145 1.000
124 127 1.000
124 146 1.000
124 148 1.000
124 1237 1.000
124 2209 1.000
125 126 1.000
125 127 1.000
125 144 1.000
125 145 1.000
125 149 1.000
126 127 1.000
126 145 1.000
127 128 1.000
127 147 1.000
127 902 1.000
127 459 1.000
128 129 1.000
129 130 1.000
130 131 1.000
131 132 1.000
131 726 1.000
132 133 1.000
133 134 1.000
133 137 1.000
133 145 1.000
133 142 1.000
133 135 1.000
134 135 1.000
135 136 1.000
135 141 1.000
135 385 1.000
136 137 1.000
136 150 1.000
136 145 1.000
136 286 1.000
137 138 1.000
138 139 1.000
138 146 1.000
139 140 1.000
139 145 1.000
139 147 1.000
140 141 1.000
140 147 1.000
141 142 1.000
141 149 1.000
142 143 1.000
143 144 1.000
143 145 1.000
144 145 1.000
145 146 1.000
145 147 1.000
145 815 1.000
145 2728 1.000
146 147 1.000
146 519 1.000
146 1951 1.000
147 148 1.000
147 862 1.000
148 149 1.000
149 150 1.000
151 152 1.000
151 301 1.000
151 241 1.000
151 273 1.000
151 223 1.000
151 258 1.000
151 286 1.000
151 162 1.000
151 216 1.000
151 224 1.000
151 242 1.000
151 190 1.000
151 297 1.000
151 284 1.000
151 225 1.000
151 217 1.000
151 171 1.000
151 259 1.000
151 158 1.000
151 294 1.000
151 155 1.000
151 295 1.000
151 230 1.000
151 157 1.000
151 270 1.000
151 267 1.000
151 236 1.000
151 209 1.000
151 214 1.000
151 290 1.000
151 194 1.000
151 249 1.000
151 189 1.000
151 181 1.000
151 281 1.000
151 201 1.000
151 248 1.000
151 154 1.000
151 2312 1.000
151 3447 1.000
152 153 1.000
152 216 1.000
152 225 1.000
152 268 1.000
152 294 1.000
152 278 1.000
153 154 1.000
153 267 1.000
153 294 1.000
153 292 1.000
153 545 1.000
154 155 1.000
154 158 1.000
154 190 1.000
154 209 1.000
154 194 1.000
154 223 1.000
154 251 1.000
154 282 1.000
154 283 1.000
154 235 1.000
154 219 1.000
154 216 1.000
154 264 1.000
154 224 1.000
154 267 1.000
154 241 1.000
154 286 1.000
154 249 1.000
154 292 1.000
154 259 1.000
154 230 1.000
154 201 1.000
154 157 1.000
154 232 1.000
155 156 1.000
155 272 1.000
155 176 1.000
155 216 1.000
155 245 1.000
156 157 1.000
156 210 1.000
156 209 1.000
156 158 1.000
156 284 1.000
156 259 1.000
156 217 1.000
156 160 1.000
157 158 1.000
157 253 1.000
157 210 1.000
157 267 1.000
157 237 1.000
157 241 1.000
157 248 1.000
157 225 1.000
157 217 1.000
157 171 1.000
157 292 1.000
157 230 1.000
157 229 1.000
157 284 1.000
157 255 1.000
157 286 1.000
157 170 1.000
157 272 1.000
157 216 1.000
157 259 1.000
157 176 1.000
157 236 1.000
157 190 1.000
157 181 1.000
157 671 1.000
157 388 1.000
157 306 1.000
158 159 1.000
158 289 1.000
158 212 1.000
158 165 1.000
158 278 1.000
158 294 1.000
158 224 1.000
158 229 1.000
158 284 1.000
158 240 1.000
158 209 1.000
158 262 1.000
158 249 1.000
158 217 1.000
158 171 1.000
158 216 1.000
158 207 1.000
158 225 1.000
158 237 1.000
158 182 1.000
158 187 1.000
158 286 1.000
158 230 1.000
158 223 1.000
158 196 1.000
158 235 1.000
158 491 1.000
158 3013 1.000
159 160 1.000
159 210 1.000
159 360 1.000
160 161 1.000
160 167 1.000
160 259 1.000
160 249 1.000
160 225 1.000
160 250 1.000
160 216 1.000
160 285 1.000
160 224 1.000
160 180 1.000
160 183 1.000
160 284 1.000
160 235 1.000
160 256 1.000
160 184 1.000
160 288 1.000
160 280 1.000
160 218 1.000
160 217 1.000
160 262 1.000
160 294 1.000
160 286 1.000
160 186 1.000
160 282 1.000
160 297 1.000
160 214 1.000
160 301 1.000
160 170 1.000
160 227 1.000
160 785 1.000
160 1648 1.000
161 162 1.000
162 163 1.000
162 267 1.000
162 270 1.000
162 294 1.000
162 171 1.000
162 247 1.000
162 286 1.000
162 301 1.000
162 280 1.000
162 3168 1.000
163 164 1.000
163 286 1.000
163 244 1.000
163 268 1.000
163 298 1.000
163 300 1.000
163 173 1.000
163 258 1.000
163 294 1.000
163 208 1.000
163 267 1.000
163 177 1.000
164 165 1.000
165 166 1.000
165 252 1.000
165 244 1.000
165 294 1.000
165 257 1.000
166 167 1.000
166 291 1.000
166 184 1.000
166 224 1.000
166 244 1.000
167 168 1.000
167 251 1.000
167 211 1.000
167 279 1.000
167 241 1.000
167 268 1.000
167 249 1.000
167 230 1.000
167 290 1.000
167 215 1.000
167 235 1.000
167 219 1.000
167 259 1.000
167 488 1.000
168 169 1.000
169 170 1.000
169 284 1.000
169 288 1.000
169 186 1.000
169 230 1.000
169 292 1.000
169 228 1.000
169 189 1.000
169 294 1.000
169 237 1.000
169 216 1.000
169 181 1.000
169 286 1.000
169 171 1.000
169 688 1.000
169 3464 1.000
170 171 1.000
170 238 1.000
170 209 1.000
170 272 1.000
170 217 1.000
170 289 1.000
170 292 1.000
170 182 1.000
170 224 1.000
170 248 1.000
170 196 1.000
170 210 1.000
170 177 1.000
170 218 1.000
170 286 1.000
170 294 1.000
170 189 1.000
170 245 1.000
171 172 1.000
171 173 1.000
171 217 1.000
171 286 1.000
171 284 1.000
171 188 1.000
171 201 1.000
171 216 1.000
171 196 1.000
171 261 1.000
171 230 1.000
171 288 1.000
171 247 1.000
171 232 1.000
171 189 1.000
171 267 1.000
171 249 1.000
171 225 1.000
171 294 1.000
171 214 1.000
171 203 1.000
171 283 1.000
171 190 1.000
171 224 1.000
171 227 1.000
171 292 1.000
171 233 1.000
171 209 1.000
171 237 1.000
171 210 1.000
171 240 1.000
171 268 1.000
171 194 1.000
171 280 1.000
171 311 1.000
171 873 1.000
172 173 1.000
172 286 1.000
172 224 1.000
172 280 1.000
172 189 1.000
172 200 1.000
172 262 1.000
173 174 1.000
173 288 1.000
173 281 1.000
173 190 1.000
173 294 1.000
173 271 1.000
173 186 1.000
173 181 1.000
173 258 1.000
173 194 1.000
173 210 1.000
173 267 1.000
173 201 1.000
173 230 1.000
174 175 1.000
174 298 1.000
174 214 1.000
174 186 1.000
175 176 1.000
175 259 1.000
175 230 1.000
176 177 1.000
176 215 1.000
177 178 1.000
177 260 1.000
177 238 1.000
177 216 1.000
177 225 1.000
177 257 1.000
177 181 1.000
177 202 1.000
177 284 1.000
177 201 1.000
177 262 1.000
178 179 1.000
178 214 1.000
179 180 1.000
179 288 1.000
179 228 1.000
179 230 1.000
179 286 1.000
179 215 1.000
179 198 1.000
179 227 1.000
180 181 1.000
180 235 1.000
180 301 1.000
181 182 1.000
181 263 1.000
181 284 1.000
181 270 1.000
181 280 1.000
181 209 1.000
181 218 1.000
181 241 1.000
181 286 1.000
182 183 1.000
182 188 1.000
182 281 1.000
182 245 1.000
182 201 1.000
182 249 1.000
182 284 1.000
183 184 1.000
183 283 1.000
183 189 1.000
184 185 1.000
184 274 1.000
184 278 1.000
184 268 1.000
184 189 1.000
184 236 1.000
184 245 1.000
184 201 1.000
184 224 1.000
185 186 1.000
186 187 1.000
186 249 1.000
186 218 1.000
186 217 1.000
186 280 1.000
186 201 1.000
186 256 1.000
186 194 1.000
186 227 1.000
186 284 1.000
186 283 1.000
186 251 1.000
186 267 1.000
186 245 1.000
186 290 1.000
186 225 1.000
186 247 1.000
186 211 1.000
186 402 1.000
186 1944 1.000
187 188 1.000
187 217 1.000
188 189 1.000
188 274 1.000
188 281 1.000
189 190 1.000
189 237 1.000
189 244 1.000
189 271 1.000
189 301 1.000
189 214 1.000
189 230 1.000
189 231 1.000
189 201 1.000
189 209 1.000
189 276 1.000
189 294 1.000
189 212 1.000
189 242 1.000
189 215 1.000
190 191 1.000
190 290 1.000
190 227 1.000
190 270 1.000
190 196 1.000
190 288 1.000
190 199 1.000
190 230 1.000
190 259 1.000
190 286 1.000
190 217 1.000
190 240 1.000
190 218 1.000
190 294 1.000
190 284 1.000
190 249 1.000
190 237 1.000
190 210 1.000
190 275 1.000
190 301 1.000
190 212 1.000
190 274 1.000
190 224 1.000
190 209 1.000
190 241 1.000
190 255 1.000
190 228 1.000
190 292 1.000
190 248 1.000
190 201 1.000
190 268 1.000
190 400 1.000
190 374 1.000
190 1069 1.000
191 192 1.000
191 207 1.000
191 274 1.000
191 286 1.000
191 259 1.000
192 193 1.000
192 278 1.000
193 194 1.000
193 249 1.000
194 195 1.000
194 224 1.000
194 259 1.000
194 294 1.000
194 286 1.000
195 196 1.000
195 281 1.000
195 273 1.000
195 274 1.000
195 218 1.000
195 230 1.000
195 283 1.000
195 2776 1.000
196 197 1.000
196 225 1.000
196 232 1.000
196 267 1.000
196 289 1.000
196 210 1.000
196 216 1.000
196 1253 1.000
197 198 1.000
197 248 1.000
197 214 1.000
198 199 1.000
198 244 1.000
199 200 1.000
199 291 1.000
199 230 1.000
200 201 1.000
200 216 1.000
201 202 1.000
201 219 1.000
201 294 1.000
201 224 1.000
201 217 1.000
201 242 1.000
201 286 1.000
201 230 1.000
201 283 1.000
201 216 1.000
201 274 1.000
201 284 1.000
201 240 1.000
201 237 1.000
201 213 1.000
201 249 1.000
201 268 1.000
201 232 1.000
201 287 1.000
201 292 1.000
202 203 1.000
202 271 1.000
202 269 1.000
202 242 1.000
202 286 1.000
202 209 1.000
202 216 1.000
202 210 1.000
202 680 1.000
203 204 1.000
203 268 1.000
203 286 1.000
203 221 1.000
204 205 1.000
204 217 1.000
205 206 1.000
205 241 1.000
205 221 1.000
206 207 1.000
206 260 1.000
206 224 1.000
207 208 1.000
207 284 1.000
207 286 1.000
207 258 1.000
207 1242 1.000
208 209 1.000
208 274 1.000
209 210 1.000
209 229 1.000
209 262 1.000
209 216 1.000
209 291 1.000
209 224 1.000
209 237 1.000
209 217 1.000
209 292 1.000
209 235 1.000
210 211 1.000
210 294 1.000
210 292 1.000
210 298 1.000
210 217 1.000
210 244 1.000
211 212 1.000
211 294 1.000
211 224 1.000
212 213 1.000
212 237 1.000
212 294 1.000
213 214 1.000
213 263 1.000
214 215 1.000
214 286 1.000
214 292 1.000
214 294 1.000
214 289 1.000
214 2030 1.000
215 216 1.000
215 282 1.000
215 242 1.000
215 267 1.000
215 236 1.000
215 224 1.000
215 285 1.000
216 217 1.000
216 272 1.000
216 233 1.000
216 230 1.000
216 227 1.000
216 232 1.000
216 225 1.000
216 219 1.000
216 273 1.000
216 258 1.000
216 286 1.000
216 284 1.000
216 224 1.000
216 285 1.000
216 235 1.000
216 253 1.000
216 724 1.000
216 363 1.000
217 218 1.000
217 257 1.000
217 272 1.000
217 288 1.000
217 249 1.000
217 286 1.000
217 224 1.000
217 294 1.000
217 259 1.000
217 280 1.000
217 230 1.000
217 248 1.000
217 300 1.000
217 225 1.000
217 232 1.000
217 241 1.000
217 268 1.000
217 301 1.000
217 242 1.000
217 267 1.000
217 298 1.000
217 238 1.000
217 235 1.000
217 407 1.000
217 724 1.000
218 219 1.000
218 230 1.000
218 259 1.000
218 278 1.000
218 288 1.000
218 286 1.000
218 271 1.000
219 220 1.000
219 268 1.000
219 238 1.000
219 267 1.000
219 245 1.000
220 221 1.000
221 222 1.000
221 280 1.000
221 256 1.000
221 2275 1.000
222 223 1.000
223 224 1.000
223 230 1.000
224 225 1.000
224 258 1.000
224 284 1.000
224 249 1.000
224 294 1.000
224 286 1.000
224 292 1.000
224 301 1.000
224 274 1.000
224 244 1.000
224 288 1.000
224 230 1.000
224 263 1.000
224 259 1.000
224 290 1.000
224 261 1.000
224 610 1.000
224 2633 1.000
225 226 1.000
225 230 1.000
225 246 1.000
225 259 1.000
225 249 1.000
225 242 1.000
226 227 1.000
227 228 1.000
227 259 1.000
227 249 1.000
227 230 1.000
227 282 1.000
227 267 1.000
227 281 1.000
228 229 1.000
228 281 1.000
228 247 1.000
228 280 1.000
228 294 1.000
228 238 1.000
228 286 1.000
228 241 1.000
228 795 1.000
228 1423 1.000
229 230 1.000
229 237 1.000
229 249 1.000
230 231 1.000
230 261 1.000
230 259 1.000
230 286 1.000
230 279 1.000
230 284 1.000
230 235 1.000
230 267 1.000
230 232 1.000
230 237 1.000
230 270 1.000
230 292 1.000
230 245 1.000
230 236 1.000
230 283 1.000
230 248 1.000
230 242 1.000
230 244 1.000
230 280 1.000
230 240 1.000
230 488 1.000
230 515 1.000
231 232 1.000
232 233 1.000
232 255 1.000
232 234 1.000
232 259 1.000
232 301 1.000
232 286 1.000
232 292 1.000
232 269 1.000
232 245 1.000
232 241 1.000
232 237 1.000
232 235 1.000
232 247 1.000
233 234 1.000
233 245 1.000
233 286 1.000
234 235 1.000
234 286 1.000
235 236 1.000
235 237 1.000
235 276 1.000
235 294 1.000
235 249 1.000
236 237 1.000
236 276 1.000
236 283 1.000
236 244 1.000
236 275 1.000
236 272 1.000
236 267 1.000
237 238 1.000
237 284 1.000
237 249 1.000
237 267 1.000
237 272 1.000
237 244 1.000
237 265 1.000
237 281 1.000
237 242 1.000
237 509 1.000
238 239 1.000
238 294 1.000
238 292 1.000
238 244 1.000
238 288 1.000
238 311 1.000
239 240 1.000
239 268 1.000
240 241 1.000
240 286 1.000
240 251 1.000
241 242 1.000
241 244 1.000
241 274 1.000
241 294 1.000
242 243 1.000
242 288 1.000
242 284 1.000
242 263 1.000
242 294 1.000
242 259 1.000
242 268 1.000
242 248 1.000
243 244 1.000
244 245 1.000
244 248 1.000
244 292 1.000
244 294 1.000
244 268 1.000
244 278 1.000
244 254 1.000
244 274 1.000
244 298 1.000
244 259 1.000
245 246 1.000
246 247 1.000
246 268 1.000
246 291 1.000
247 248 1.000
247 292 1.000
247 286 1.000
247 258 1.000
248 249 1.000
248 267 1.000
248 253 1.000
248 286 1.000
248 294 1.000
248 262 1.000
248 284 1.000
248 278 1.000
248 3385 1.000
249 250 1.000
249 294 1.000
249 286 1.000
249 292 1.000
249 259 1.000
249 272 1.000
249 747 1.000
249 373 1.000
249 788 1.000
250 251 1.000
250 294 1.000
250 285 1.000
251 252 1.000
251 259 1.000
252 253 1.000
253 254 1.000
253 270 1.000
253 280 1.000
253 284 1.000
254 255 1.000
255 256 1.000
255 284 1.000
255 267 1.000
256 257 1.000
257 258 1.000
257 263 1.000
257 298 1.000
257 259 1.000
258 259 1.000
258 279 1.000
258 272 1.000
258 273 1.000
258 292 1.000
258 365 1.000
259 260 1.000
259 296 1.000
259 274 1.000
259 267 1.000
259 298 1.000
259 286 1.000
259 262 1.000
259 904 1.000
259 690 1.000
260 261 1.000
261 262 1.000
261 267 1.000
262 263 1.000
262 267 1.000
262 286 1.000
262 292 1.000
263 264 1.000
263 286 1.000
263 278 1.000
264 265 1.000
265 266 1.000
266 267 1.000
267 268 1.000
267 294 1.000
267 286 1.000
267 284 1.000
267 3517 1.000
268 269 1.000
268 285 1.000
268 286 1.000
269 270 1.000
270 271 1.000
271 272 1.000
271 289 1.000
272 273 1.000
272 285 1.000
272 294 1.000
272 278 1.000
272 334 1.000
273 274 1.000
273 286 1.000
274 275 1.000
274 292 1.000
274 294 1.000
274 945 1.000
275 276 1.000
276 277 1.000
277 278 1.000
277 283 1.000
277 294 1.000
278 279 1.000
278 295 1.000
278 282 1.000
278 285 1.000
278 286 1.000
278 292 1.000
278 287 1.000
279 280 1.000
279 291 1.000
280 281 1.000
280 294 1.000
280 290 1.000
280 283 1.000
281 282 1.000
281 294 1.000
282 283 1.000
283 284 1.000
283 288 1.000
283 950 1.000
284 285 1.000
284 289 1.000
284 293 1.000
284 286 1.000
285 286 1.000
286 287 1.000
286 294 1.000
286 291 1.000
286 290 1.000
286 2568 1.000
287 288 1.000
288 289 1.000
289 290 1.000
289 294 1.000
290 291 1.000
291 292 1.000
292 293 1.000
292 294 1.000
293 294 1.000
294 295 1.000
294 301 1.000
294 1499 1.000
295 296 1.000
296 297 1.000
297 298 1.000
298 299 1.000
299 300 1.000
300 301 1.000
302 303 1.000
302 452 1.000
302 335 1.000
302 341 1.000
302 424 1.000
302 447 1.000
302 327 1.000
302 316 1.000
302 360 1.000
302 432 1.000
302 438 1.000
302 353 1.000
302 412 1.000
302 365 1.000
303 304 1.000
303 317 1.000
303 311 1.000
303 423 1.000
303 379 1.000
303 400 1.000
303 452 1.000
303 407 1.000
303 315 1.000
303 419 1.000
303 306 1.000
303 372 1.000
303 359 1.000
303 378 1.000
303 405 1.000
303 402 1.000
303 387 1.000
303 385 1.000
303 360 1.000
303 443 1.000
303 391 1.000
303 398 1.000
303 313 1.000
304 305 1.000
304 347 1.000
304 384 1.000
304 385 1.000
304 311 1.000
304 383 1.000
304 407 1.000
304 419 1.000
304 322 1.000
304 351 1.000
305 306 1.000
305 407 1.000
305 363 1.000
305 360 1.000
305 398 1.000
305 361 1.000
305 382 1.000
305 311 1.000
306 307 1.000
306 417 1.000
306 380 1.000
306 375 1.000
306 372 1.000
306 331 1.000
306 322 1.000
306 373 1.000
306 381 1.000
306 365 1.000
306 383 1.000
306 311 1.000
306 374 1.000
306 433 1.000
306 429 1.000
306 334 1.000
306 335 1.000
306 424 1.000
306 363 1.000
306 393 1.000
306 340 1.000
306 400 1.000
306 330 1.000
306 316 1.000
306 418 1.000
306 360 1.000
306 420 1.000
306 407 1.000
306 415 1.000
306 385 1.000
306 398 1.000
306 338 1.000
306 405 1.000
306 387 1.000
306 391 1.000
306 590 1.000
306 1356 1.000
307 308 1.000
307 422 1.000
307 317 1.000
307 316 1.000
307 363 1.000
307 311 1.000
307 385 1.000
308 309 1.000
308 362 1.000
308 387 1.000
308 363 1.000
308 373 1.000
308 322 1.000
308 315 1.000
308 359 1.000
309 310 1.000
309 328 1.000
309 420 1.000
309 416 1.000
309 334 1.000
310 311 1.000
311 312 1.000
311 442 1.000
311 400 1.000
311 418 1.000
311 444 1.000
311 360 1.000
311 336 1.000
311 381 1.000
311 373 1.000
311 316 1.000
311 405 1.000
311 387 1.000
311 317 1.000
311 324 1.000
311 445 1.000
311 385 1.000
311 448 1.000
311 327 1.000
311 380 1.000
311 331 1.000
311 334 1.000
311 402 1.000
311 414 1.000
311 347 1.000
311 419 1.000
311 371 1.000
311 452 1.000
311 368 1.000
311 384 1.000
311 363 1.000
311 333 1.000
311 370 1.000
311 335 1.000
311 401 1.000
311 361 1.000
311 433 1.000
311 415 1.000
311 393 1.000
311 443 1.000
311 425 1.000
311 338 1.000
311 372 1.000
311 330 1.000
311 346 1.000
311 395 1.000
311 378 1.000
311 447 1.000
311 377 1.000
311 356 1.000
311 369 1.000
311 407 1.000
311 424 1.000
311 397 1.000
311 409 1.000
311 432 1.000
311 416 1.000
311 319 1.000
311 314 1.000
311 1181 1.000
311 1435 1.000
312 313 1.000
312 343 1.000
312 387 1.000
312 415 1.000
312 426 1.000
312 316 1.000
313 314 1.000
313 363 1.000
313 422 1.000
313 412 1.000
314 315 1.000
315 316 1.000
315 358 1.000
315 381 1.000
315 446 1.000
315 433 1.000
315 447 1.000
315 442 1.000
315 400 1.000
315 373 1.000
315 398 1.000
315 359 1.000
315 322 1.000
315 363 1.000
315 405 1.000
315 423 1.000
315 402 1.000
315 378 1.000
315 417 1.000
315 391 1.000
315 335 1.000
315 366 1.000
315 355 1.000
316 317 1.000
316 363 1.000
316 381 1.000
316 398 1.000
316 382 1.000
316 424 1.000
316 377 1.000
316 432 1.000
316 368 1.000
316 343 1.000
316 358 1.000
316 433 1.000
316 395 1.000
316 370 1.000
316 334 1.000
316 405 1.000
316 353 1.000
316 365 1.000
316 387 1.000
316 359 1.000
316 442 1.000
316 406 1.000
316 360 1.000
316 338 1.000
316 318 1.000
316 400 1.000
316 402 1.000
316 427 1.000
316 418 1.000
316 444 1.000
316 322 1.000
316 396 1.000
316 431 1.000
316 356 1.000
316 373 1.000
316 383 1.000
316 361 1.000
316 2617 1.000
317 318 1.000
317 360 1.000
317 385 1.000
317 409 1.000
317 435 1.000
318 319 1.000
318 370 1.000
318 405 1.000
318 398 1.000
318 416 1.000
319 320 1.000
319 359 1.000
319 363 1.000
320 321 1.000
320 330 1.000
320 322 1.000
320 387 1.000
321 322 1.000
321 366 1.000
321 330 1.000
322 323 1.000
322 413 1.000
322 381 1.000
322 405 1.000
322 417 1.000
322 373 1.000
322 365 1.000
322 330 1.000
322 332 1.000
322 327 1.000
322 426 1.000
322 433 1.000
322 391 1.000
322 400 1.000
322 359 1.000
322 363 1.000
322 415 1.000
322 407 1.000
322 385 1.000
322 431 1.000
322 383 1.000
322 387 1.000
322 378 1.000
322 424 1.000
322 442 1.000
322 2806 1.000
323 324 1.000
323 419 1.000
323 336 1.000
324 325 1.000
324 363 1.000
325 326 1.000
326 327 1.000
326 424 1.000
327 328 1.000
327 413 1.000
327 347 1.000
328 329 1.000
328 354 1.000
328 360 1.000
328 398 1.000
329 330 1.000
329 374 1.000
329 415 1.000
330 331 1.000
330 400 1.000
330 345 1.000
330 334 1.000
330 387 1.000
330 393 1.000
330 363 1.000
330 360 1.000
330 338 1.000
330 385 1.000
330 420 1.000
330 398 1.000
330 415 1.000
330 3244 1.000
331 332 1.000
331 345 1.000
331 334 1.000
331 432 1.000
331 363 1.000
332 333 1.000
332 400 1.000
333 334 1.000
333 365 1.000
333 359 1.000
333 400 1.000
334 335 1.000
334 360 1.000
334 363 1.000
334 427 1.000
334 385 1.000
334 383 1.000
334 384 1.000
334 370 1.000
334 400 1.000
334 365 1.000
334 398 1.000
334 446 1.000
334 442 1.000
334 393 1.000
334 417 1.000
334 354 1.000
334 424 1.000
334 405 1.000
334 422 1.000
334 361 1.000
334 666 1.000
335 336 1.000
335 400 1.000
335 425 1.000
335 444 1.000
335 402 1.000
335 424 1.000
335 356 1.000
335 452 1.000
335 369 1.000
335 443 1.000
335 433 1.000
335 383 1.000
335 353 1.000
335 405 1.000
335 340 1.000
335 384 1.000
336 337 1.000
336 356 1.000
336 367 1.000
336 405 1.000
336 402 1.000
336 373 1.000
336 388 1.000
336 424 1.000
336 355 1.000
337 338 1.000
337 435 1.000
337 360 1.000
338 339 1.000
338 381 1.000
338 444 1.000
339 340 1.000
339 363 1.000
339 417 1.000
339 412 1.000
340 341 1.000
340 371 1.000
340 402 1.000
340 384 1.000
340 405 1.000
340 409 1.000
340 398 1.000
340 383 1.000
341 342 1.000
341 398 1.000
342 343 1.000
342 360 1.000
342 373 1.000
342 424 1.000
343 344 1.000
344 345 1.000
344 377 1.000
344 373 1.000
344 1048 1.000
345 346 1.000
345 360 1.000
345 377 1.000
345 370 1.000
345 407 1.000
345 373 1.000
345 363 1.000
345 409 1.000
345 351 1.000
345 356 1.000
345 365 1.000
345 424 1.000
346 347 1.000
346 360 1.000
346 351 1.000
346 438 1.000
347 348 1.000
347 359 1.000
347 363 1.000
348 349 1.000
348 424 1.000
349 350 1.000
349 431 1.000
350 351 1.000
350 358 1.000
350 405 1.000
351 352 1.000
351 368 1.000
351 398 1.000
351 363 1.000
351 422 1.000
351 433 1.000
351 419 1.000
351 364 1.000
352 353 1.000
352 432 1.000
353 354 1.000
353 412 1.000
353 381 1.000
353 406 1.000
353 359 1.000
353 387 1.000
353 534 1.000
354 355 1.000
354 370 1.000
354 405 1.000
354 356 1.000
354 444 1.000
354 402 1.000
354 441 1.000
354 360 1.000
355 356 1.000
355 405 1.000
355 397 1.000
355 387 1.000
355 393 1.000
355 398 1.000
355 373 1.000
355 401 1.000
355 424 1.000
355 360 1.000
355 435 1.000
356 357 1.000
356 432 1.000
356 424 1.000
356 433 1.000
356 435 1.000
356 398 1.000
356 427 1.000
356 391 1.000
356 363 1.000
356 447 1.000
356 419 1.000
356 392 1.000
356 372 1.000
356 434 1.000
356 378 1.000
356 387 1.000
356 402 1.000
356 405 1.000
356 377 1.000
356 393 1.000
356 369 1.000
356 730 1.000
357 358 1.000
357 405 1.000
358 359 1.000
358 365 1.000
358 363 1.000
358 432 1.000
358 423 1.000
358 433 1.000
358 385 1.000
358 444 1.000
359 360 1.000
359 442 1.000
359 393 1.000
359 418 1.000
359 373 1.000
359 433 1.000
359 452 1.000
359 446 1.000
359 363 1.000
359 422 1.000
359 383 1.000
359 402 1.000
359 365 1.000
359 432 1.000
360 361 1.000
360 419 1.000
360 372 1.000
360 452 1.000
360 400 1.000
360 412 1.000
360 433 1.000
360 378 1.000
360 424 1.000
360 431 1.000
360 370 1.000
360 443 1.000
360 409 1.000
360 402 1.000
360 407 1.000
360 436 1.000
360 385 1.000
360 365 1.000
360 373 1.000
360 396 1.000
360 381 1.000
360 442 1.000
360 363 1.000
360 405 1.000
360 785 1.000
360 940 1.000
360 2118 1.000
360 2336 1.000
361 362 1.000
361 387 1.000
361 373 1.000
361 415 1.000
361 363 1.000
362 363 1.000
362 387 1.000
362 425 1.000
363 364 1.000
363 432 1.000
363 425 1.000
363 384 1.000
363 391 1.000
363 377 1.000
363 430 1.000
363 417 1.000
363 400 1.000
363 370 1.000
363 373 1.000
363 368 1.000
363 365 1.000
363 398 1.000
363 442 1.000
363 452 1.000
363 422 1.000
363 402 1.000
363 371 1.000
363 415 1.000
363 444 1.000
363 375 1.000
363 388 1.000
363 433 1.000
363 419 1.000
363 382 1.000
363 385 1.000
363 378 1.000
363 424 1.000
363 405 1.000
363 366 1.000
363 372 1.000
363 387 1.000
363 383 1.000
363 428 1.000
363 379 1.000
363 560 1.000
363 654 1.000
363 903 1.000
363 1164 1.000
363 2537 1.000
364 365 1.000
364 447 1.000
364 405 1.000
364 393 1.000
365 366 1.000
365 396 1.000
365 437 1.000
365 371 1.000
365 433 1.000
365 387 1.000
365 446 1.000
365 388 1.000
365 435 1.000
365 424 1.000
365 400 1.000
365 432 1.000
365 368 1.000
365 564 1.000
365 1497 1.000
366 367 1.000
366 443 1.000
366 407 1.000
366 424 1.000
366 373 1.000
366 459 1.000
367 368 1.000
368 369 1.000
368 419 1.000
368 417 1.000
368 407 1.000
369 370 1.000
369 398 1.000
369 373 1.000
369 407 1.000
369 423 1.000
370 371 1.000
370 387 1.000
370 372 1.000
370 393 1.000
370 383 1.000
371 372 1.000
371 390 1.000
371 383 1.000
371 424 1.000
371 704 1.000
372 373 1.000
372 378 1.000
372 443 1.000
372 432 1.000
372 382 1.000
372 424 1.000
372 444 1.000
372 405 1.000
372 398 1.000
372 412 1.000
372 388 1.000
372 433 1.000
372 446 1.000
372 406 1.000
372 393 1.000
372 400 1.000
372 498 1.000
372 3274 1.000
373 374 1.000
373 425 1.000
373 442 1.000
373 398 1.000
373 383 1.000
373 405 1.000
373 443 1.000
373 415 1.000
373 385 1.000
373 400 1.000
373 387 1.000
373 380 1.000
373 419 1.000
373 407 1.000
374 375 1.000
374 433 1.000
375 376 1.000
375 400 1.000
376 377 1.000
376 421 1.000
376 400 1.000
377 378 1.000
378 379 1.000
378 446 1.000
378 425 1.000
378 398 1.000
378 422 1.000
378 424 1.000
378 405 1.000
378 415 1.000
379 380 1.000
379 385 1.000
379 424 1.000
380 381 1.000
380 433 1.000
380 424 1.000
381 382 1.000
381 405 1.000
381 439 1.000
381 398 1.000
381 400 1.000
381 402 1.000
382 383 1.000
382 418 1.000
382 398 1.000
382 417 1.000
383 384 1.000
383 415 1.000
383 398 1.000
383 425 1.000
383 412 1.000
383 400 1.000
383 422 1.000
383 402 1.000
383 419 1.000
383 452 1.000
383 407 1.000
383 424 1.000
383 688 1.000
384 385 1.000
384 402 1.000
384 400 1.000
384 408 1.000
384 415 1.000
384 405 1.000
384 409 1.000
384 424 1.000
384 394 1.000
384 393 1.000
385 386 1.000
385 426 1.000
385 407 1.000
385 428 1.000
385 388 1.000
385 419 1.000
385 430 1.000
385 405 1.000
385 433 1.000
385 400 1.000
385 449 1.000
385 440 1.000
385 435 1.000
385 412 1.000
385 452 1.000
385 398 1.000
385 424 1.000
386 387 1.000
386 422 1.000
387 388 1.000
387 409 1.000
387 433 1.000
387 400 1.000
387 420 1.000
387 393 1.000
387 444 1.000
387 785 1.000
387 607 1.000
388 389 1.000
388 433 1.000
389 390 1.000
389 416 1.000
390 391 1.000
390 3643 1.000
391 392 1.000
391 415 1.000
391 412 1.000
391 424 1.000
391 398 1.000
391 626 1.000
392 393 1.000
393 394 1.000
393 405 1.000
393 409 1.000
393 398 1.000
393 444 1.000
394 395 1.000
395 396 1.000
396 397 1.000
396 400 1.000
397 398 1.000
397 444 1.000
398 399 1.000
398 425 1.000
398 406 1.000
398 428 1.000
398 424 1.000
398 426 1.000
398 400 1.000
398 412 1.000
398 409 1.000
398 405 1.000
398 446 1.000
398 432 1.000
399 400 1.000
400 401 1.000
400 433 1.000
400 412 1.000
400 424 1.000
400 446 1.000
400 409 1.000
400 417 1.000
400 435 1.000
400 430 1.000
400 1948 1.000
401 402 1.000
401 407 1.000
401 412 1.000
401 437 1.000
401 433 1.000
402 403 1.000
402 433 1.000
402 412 1.000
402 424 1.000
403 404 1.000
404 405 1.000
405 406 1.000
405 433 1.000
405 444 1.000
405 432 1.000
405 425 1.000
405 424 1.000
405 443 1.000
405 436 1.000
405 446 1.000
405 452 1.000
405 441 1.000
405 416 1.000
405 419 1.000
405 1322 1.000
405 1595 1.000
405 2261 1.000
406 407 1.000
407 408 1.000
407 424 1.000
407 433 1.000
407 418 1.000
407 450 1.000
408 409 1.000
409 410 1.000
409 422 1.000
409 434 1.000
409 419 1.000
409 442 1.000
410 411 1.000
411 412 1.000
412 413 1.000
412 446 1.000
412 433 1.000
412 432 1.000
412 417 1.000
412 435 1.000
412 439 1.000
413 414 1.000
414 415 1.000
415 416 1.000
416 417 1.000
416 433 1.000
417 418 1.000
417 433 1.000
417 446 1.000
417 438 1.000
417 420 1.000
418 419 1.000
418 427 1.000
419 420 1.000
419 424 1.000
419 446 1.000
419 696 1.000
420 421 1.000
421 422 1.000
422 423 1.000
422 443 1.000
422 452 1.000
422 430 1.000
422 424 1.000
423 424 1.000
424 425 1.000
424 442 1.000
424 452 1.000
424 447 1.000
424 439 1.000
424 427 1.000
424 441 1.000
424 436 1.000
424 446 1.000
424 684 1.000
425 426 1.000
426 427 1.000
426 432 1.000
427 428 1.000
427 446 1.000
428 429 1.000
429 430 1.000
430 431 1.000
431 432 1.000
432 433 1.000
433 434 1.000
433 452 1.000
433 443 1.000
433 441 1.000
433 837 1.000
433 1654 1.000
433 2208 1.000
433 3294 1.000
434 435 1.000
435 436 1.000
435 437 1.000
435 742 1.000
436 437 1.000
437 438 1.000
438 439 1.000
439 440 1.000
440 441 1.000
441 442 1.000
442 443 1.000
443 444 1.000
444 445 1.000
445 446 1.000
446 447 1.000
447 448 1.000
448 449 1.000
449 450 1.000
450 451 1.000
451 452 1.000
453 454 1.000
453 603 1.000
453 511 1.000
453 547 1.000
453 508 1.000
453 474 1.000
454 455 1.000
454 545 1.000
454 492 1.000
454 491 1.000
455 456 1.000
455 493 1.000
455 580 1.000
455 534 1.000
455 512 1.000
455 505 1.000
455 547 1.000
455 579 1.000
455 598 1.000
456 457 1.000
457 458 1.000
457 579 1.000
457 518 1.000
458 459 1.000
458 463 1.000
458 534 1.000
458 491 1.000
458 516 1.000
458 530 1.000
458 572 1.000
458 519 1.000
458 588 1.000
458 488 1.000
458 576 1.000
458 580 1.000
458 501 1.000
458 547 1.000
458 603 1.000
458 549 1.000
459 460 1.000
459 552 1.000
459 471 1.000
459 505 1.000
459 487 1.000
459 528 1.000
459 484 1.000
459 558 1.000
459 507 1.000
459 468 1.000
459 551 1.000
459 601 1.000
459 527 1.000
459 549 1.000
459 531 1.000
459 535 1.000
459 479 1.000
459 518 1.000
459 501 1.000
459 466 1.000
459 562 1.000
459 508 1.000
459 515 1.000
459 461 1.000
459 492 1.000
459 585 1.000
459 560 1.000
459 541 1.000
459 578 1.000
459 596 1.000
459 522 1.000
459 580 1.000
460 461 1.000
460 488 1.000
460 529 1.000
460 581 1.000
460 535 1.000
460 580 1.000
460 582 1.000
461 462 1.000
461 508 1.000
461 602 1.000
461 575 1.000
461 471 1.000
461 501 1.000
461 588 1.000
461 583 1.000
461 2947 1.000
462 463 1.000
463 464 1.000
463 468 1.000
463 588 1.000
463 598 1.000
463 522 1.000
463 505 1.000
463 488 1.000
463 471 1.000
463 501 1.000
463 534 1.000
463 507 1.000
463 551 1.000
463 577 1.000
463 485 1.000
463 474 1.000
463 596 1.000
463 571 1.000
463 491 1.000
463 535 1.000
463 545 1.000
463 495 1.000
463 549 1.000
463 511 1.000
463 470 1.000
463 3383 1.000
464 465 1.000
464 508 1.000
465 466 1.000
465 601 1.000
465 505 1.000
465 580 1.000
465 535 1.000
465 544 1.000
465 513 1.000
465 590 1.000
465 602 1.000
465 481 1.000
465 582 1.000
465 591 1.000
465 515 1.000
465 517 1.000
465 522 1.000
465 501 1.000
465 534 1.000
465 553 1.000
465 588 1.000
465 586 1.000
465 492 1.000
465 541 1.000
465 508 1.000
466 467 1.000
466 494 1.000
466 515 1.000
466 539 1.000
467 468 1.000
467 573 1.000
467 580 1.000
468 469 1.000
468 500 1.000
468 572 1.000
468 580 1.000
468 531 1.000
468 481 1.000
468 573 1.000
468 530 1.000
468 529 1.000
468 598 1.000
468 491 1.000
468 577 1.000
468 560 1.000
468 515 1.000
468 471 1.000
468 474 1.000
468 511 1.000
468 534 1.000
468 545 1.000
468 479 1.000
468 510 1.000
468 590 1.000
468 596 1.000
469 470 1.000
469 534 1.000
469 522 1.000
469 488 1.000
469 590 1.000
469 518 1.000
470 471 1.000
470 509 1.000
470 519 1.000
470 474 1.000
470 535 1.000
470 500 1.000
470 521 1.000
470 534 1.000
470 501 1.000
470 562 1.000
470 564 1.000
470 511 1.000
471 472 1.000
471 580 1.000
471 501 1.000
471 515 1.000
471 572 1.000
471 603 1.000
471 518 1.000
471 590 1.000
471 505 1.000
471 551 1.000
471 577 1.000
472 473 1.000
472 584 1.000
472 541 1.000
472 580 1.000
472 491 1.000
472 521 1.000
472 559 1.000
472 590 1.000
472 515 1.000
472 501 1.000
473 474 1.000
473 501 1.000
474 475 1.000
474 546 1.000
474 577 1.000
474 515 1.000
474 544 1.000
474 545 1.000
474 507 1.000
474 531 1.000
474 498 1.000
474 532 1.000
474 501 1.000
474 537 1.000
474 547 1.000
475 476 1.000
475 534 1.000
475 522 1.000
475 588 1.000
475 595 1.000
475 590 1.000
476 477 1.000
476 513 1.000
476 534 1.000
477 478 1.000
477 575 1.000
477 577 1.000
477 559 1.000
477 488 1.000
478 479 1.000
478 505 1.000
478 482 1.000
478 588 1.000
479 480 1.000
479 505 1.000
479 503 1.000
479 501 1.000
479 515 1.000
479 582 1.000
479 531 1.000
479 519 1.000
479 576 1.000
479 549 1.000
479 535 1.000
479 581 1.000
479 541 1.000
479 546 1.000
479 488 1.000
479 525 1.000
479 587 1.000
479 545 1.000
479 598 1.000
479 573 1.000
479 603 1.000
479 521 1.000
479 542 1.000
479 507 1.000
479 513 1.000
479 512 1.000
479 534 1.000
479 590 1.000
479 516 1.000
479 2356 1.000
480 481 1.000
480 491 1.000
480 505 1.000
480 500 1.000
480 515 1.000
480 518 1.000
480 603 1.000
480 501 1.000
480 551 1.000
480 2803 1.000
481 482 1.000
481 586 1.000
481 579 1.000
481 551 1.000
481 521 1.000
481 518 1.000
481 526 1.000
481 545 1.000
482 483 1.000
482 521 1.000
482 518 1.000
482 501 1.000
482 509 1.000
483 484 1.000
483 535 1.000
483 577 1.000
483 551 1.000
484 485 1.000
484 516 1.000
484 492 1.000
484 519 1.000
484 491 1.000
485 486 1.000
485 501 1.000
486 487 1.000
486 513 1.000
486 509 1.000
486 492 1.000
486 508 1.000
486 505 1.000
486 545 1.000
487 488 1.000
487 603 1.000
487 515 1.000
487 500 1.000
488 489 1.000
488 500 1.000
488 531 1.000
488 563 1.000
488 525 1.000
488 580 1.000
488 508 1.000
488 588 1.000
488 498 1.000
488 505 1.000
488 492 1.000
488 522 1.000
488 570 1.000
488 573 1.000
488 583 1.000
488 560 1.000
488 546 1.000
488 513 1.000
488 597 1.000
488 501 1.000
488 602 1.000
488 545 1.000
488 534 1.000
488 577 1.000
488 598 1.000
488 491 1.000
488 526 1.000
488 519 1.000
488 551 1.000
488 747 1.000
489 490 1.000
489 545 1.000
489 511 1.000
489 529 1.000
489 589 1.000
489 3550 1.000
490 491 1.000
491 492 1.000
491 501 1.000
491 571 1.000
491 522 1.000
491 545 1.000
491 603 1.000
491 516 1.000
491 585 1.000
491 505 1.000
491 595 1.000
491 577 1.000
491 560 1.000
491 598 1.000
491 559 1.000
491 515 1.000
491 596 1.000
491 590 1.000
491 549 1.000
491 572 1.000
491 626 1.000
491 724 1.000
492 493 1.000
492 515 1.000
492 549 1.000
492 603 1.000
492 522 1.000
492 534 1.000
492 595 1.000
492 509 1.000
492 1601 1.000
493 494 1.000
493 580 1.000
494 495 1.000
494 551 1.000
494 590 1.000
494 582 1.000
494 559 1.000
494 549 1.000
494 515 1.000
494 545 1.000
494 511 1.000
495 496 1.000
495 560 1.000
495 595 1.000
495 501 1.000
495 545 1.000
496 497 1.000
497 498 1.000
497 547 1.000
498 499 1.000
498 525 1.000
498 501 1.000
498 556 1.000
498 515 1.000
498 603 1.000
498 558 1.000
498 522 1.000
499 500 1.000
499 549 1.000
500 501 1.000
500 522 1.000
500 590 1.000
500 603 1.000
500 598 1.000
500 586 1.000
500 547 1.000
500 554 1.000
500 545 1.000
500 573 1.000
500 508 1.000
501 502 1.000
501 544 1.000
501 539 1.000
501 522 1.000
501 590 1.000
501 585 1.000
501 571 1.000
501 509 1.000
501 564 1.000
501 551 1.000
501 580 1.000
501 587 1.000
501 559 1.000
501 518 1.000
501 505 1.000
501 601 1.000
501 542 1.000
501 545 1.000
501 596 1.000
501 558 1.000
501 588 1.000
501 563 1.000
501 534 1.000
501 511 1.000
501 516 1.000
501 603 1.000
501 508 1.000
501 525 1.000
501 526 1.000
501 575 1.000
501 600 1.000
501 515 1.000
501 506 1.000
501 581 1.000
501 512 1.000
501 602 1.000
501 541 1.000
501 1132 1.000
501 1916 1.000
502 503 1.000
502 588 1.000
503 504 1.000
503 549 1.000
503 560 1.000
503 545 1.000
504 505 1.000
504 568 1.000
504 575 1.000
504 549 1.000
504 602 1.000
505 506 1.000
505 542 1.000
505 595 1.000
505 519 1.000
505 580 1.000
505 573 1.000
505 522 1.000
505 601 1.000
505 545 1.000
505 515 1.000
505 509 1.000
505 539 1.000
505 568 1.000
505 512 1.000
505 534 1.000
505 563 1.000
506 507 1.000
506 544 1.000
506 602 1.000
506 553 1.000
506 511 1.000
506 549 1.000
506 529 1.000
506 550 1.000
506 515 1.000
506 541 1.000
507 508 1.000
507 602 1.000
507 590 1.000
507 547 1.000
507 534 1.000
508 509 1.000
508 512 1.000
508 522 1.000
508 513 1.000
508 577 1.000
508 563 1.000
508 588 1.000
508 602 1.000
508 559 1.000
508 545 1.000
508 578 1.000
508 516 1.000
508 534 1.000
508 515 1.000
508 2162 1.000
509 510 1.000
509 580 1.000
509 535 1.000
509 582 1.000
509 545 1.000
509 595 1.000
509 586 1.000
509 525 1.000
509 522 1.000
509 526 1.000
509 515 1.000
509 511 1.000
509 576 1.000
510 511 1.000
511 512 1.000
511 559 1.000
511 601 1.000
511 549 1.000
511 588 1.000
511 562 1.000
511 602 1.000
511 586 1.000
511 580 1.000
511 522 1.000
511 573 1.000
511 571 1.000
511 587 1.000
511 545 1.000
512 513 1.000
512 542 1.000
512 588 1.000
512 560 1.000
512 549 1.000
512 593 1.000
513 514 1.000
513 542 1.000
513 534 1.000
513 557 1.000
513 582 1.000
513 553 1.000
513 601 1.000
513 521 1.000
513 590 1.000
513 522 1.000
513 588 1.000
513 538 1.000
513 861 1.000
514 515 1.000
514 580 1.000
514 575 1.000
515 516 1.000
515 526 1.000
515 535 1.000
515 555 1.000
515 559 1.000
515 570 1.000
515 529 1.000
515 598 1.000
515 545 1.000
515 577 1.000
515 550 1.000
515 581 1.000
515 588 1.000
515 522 1.000
515 563 1.000
515 558 1.000
515 520 1.000
515 589 1.000
515 603 1.000
515 576 1.000
515 562 1.000
515 553 1.000
515 534 1.000
515 569 1.000
515 597 1.000
515 587 1.000
515 542 1.000
515 602 1.000
515 580 1.000
515 518 1.000
515 549 1.000
515 620 1.000
515 1700 1.000
516 517 1.000
516 597 1.000
516 3487 1.000
517 518 1.000
518 519 1.000
518 530 1.000
518 603 1.000
518 580 1.000
518 535 1.000
518 526 1.000
518 598 1.000
518 541 1.000
518 534 1.000
518 522 1.000
518 588 1.000
518 813 1.000
518 1950 1.000
519 520 1.000
519 547 1.000
519 590 1.000
519 580 1.000
519 535 1.000
519 598 1.000
519 551 1.000
519 587 1.000
519 546 1.000
519 549 1.000
520 521 1.000
520 1371 1.000
521 522 1.000
521 534 1.000
521 546 1.000
521 575 1.000
521 551 1.000
521 545 1.000
521 544 1.000
521 1727 1.000
522 523 1.000
522 573 1.000
522 547 1.000
522 535 1.000
522 526 1.000
522 534 1.000
522 563 1.000
522 524 1.000
522 576 1.000
522 602 1.000
522 564 1.000
522 580 1.000
522 603 1.000
522 582 1.000
522 529 1.000
522 579 1.000
522 545 1.000
522 588 1.000
522 704 1.000
522 2061 1.000
523 524 1.000
523 535 1.000
524 525 1.000
524 573 1.000
525 526 1.000
525 542 1.000
526 527 1.000
526 535 1.000
526 546 1.000
526 576 1.000
526 596 1.000
526 603 1.000
526 747 1.000
526 2407 1.000
527 528 1.000
528 529 1.000
528 567 1.000
528 545 1.000
528 569 1.000
529 530 1.000
529 534 1.000
529 580 1.000
529 547 1.000
529 602 1.000
529 532 1.000
530 531 1.000
531 532 1.000
531 534 1.000
531 588 1.000
531 545 1.000
531 539 1.000
531 603 1.000
531 576 1.000
532 533 1.000
532 541 1.000
532 573 1.000
533 534 1.000
533 549 1.000
534 535 1.000
534 579 1.000
534 560 1.000
534 594 1.000
534 547 1.000
534 577 1.000
534 542 1.000
534 541 1.000
534 568 1.000
534 603 1.000
534 545 1.000
534 571 1.000
534 582 1.000
534 586 1.000
534 580 1.000
534 549 1.000
534 3058 1.000
535 536 1.000
535 596 1.000
535 541 1.000
535 588 1.000
535 580 1.000
535 601 1.000
535 603 1.000
535 558 1.000
535 1277 1.000
536 537 1.000
537 538 1.000
538 539 1.000
538 562 1.000
538 566 1.000
539 540 1.000
539 598 1.000
539 602 1.000
539 590 1.000
540 541 1.000
540 591 1.000
540 573 1.000
541 542 1.000
541 562 1.000
541 603 1.000
541 590 1.000
541 588 1.000
541 601 1.000
541 598 1.000
542 543 1.000
542 587 1.000
542 568 1.000
542 588 1.000
542 591 1.000
542 666 1.000
543 544 1.000
544 545 1.000
544 601 1.000
544 600 1.000
544 567 1.000
544 560 1.000
545 546 1.000
545 555 1.000
545 594 1.000
545 602 1.000
545 547 1.000
545 549 1.000
545 580 1.000
545 590 1.000
545 562 1.000
545 1866 1.000
546 547 1.000
547 548 1.000
547 551 1.000
547 562 1.000
547 559 1.000
547 587 1.000
547 580 1.000
547 900 1.000
548 549 1.000
548 579 1.000
549 550 1.000
549 588 1.000
549 564 1.000
549 578 1.000
549 571 1.000
549 577 1.000
550 551 1.000
551 552 1.000
551 580 1.000
551 602 1.000
551 579 1.000
551 571 1.000
551 559 1.000
551 2145 1.000
552 553 1.000
552 603 1.000
553 554 1.000
553 581 1.000
553 603 1.000
554 555 1.000
554 563 1.000
555 556 1.000
555 558 1.000
556 557 1.000
556 563 1.000
557 558 1.000
558 559 1.000
558 3395 1.000
559 560 1.000
559 571 1.000
559 581 1.000
559 588 1.000
560 561 1.000
560 580 1.000
560 572 1.000
560 577 1.000
560 563 1.000
560 578 1.000
560 583 1.000
561 562 1.000
562 563 1.000
562 585 1.000
562 598 1.000
562 601 1.000
563 564 1.000
563 600 1.000
563 591 1.000
563 571 1.000
563 590 1.000
563 573 1.000
563 570 1.000
563 580 1.000
563 583 1.000
564 565 1.000
565 566 1.000
566 567 1.000
567 568 1.000
567 596 1.000
567 590 1.000
568 569 1.000
568 586 1.000
568 596 1.000
568 2345 1.000
569 570 1.000
569 577 1.000
570 571 1.000
571 572 1.000
571 592 1.000
571 597 1.000
571 603 1.000
572 573 1.000
572 600 1.000
572 590 1.000
572 588 1.000
573 574 1.000
573 598 1.000
573 580 1.000
573 588 1.000
574 575 1.000
575 576 1.000
575 598 1.000
576 577 1.000
576 602 1.000
576 580 1.000
577 578 1.000
577 588 1.000
577 602 1.000
577 591 1.000
577 1500 1.000
577 3531 1.000
578 579 1.000
579 580 1.000
579 586 1.000
579 588 1.000
580 581 1.000
580 598 1.000
580 602 1.000
580 588 1.000
580 603 1.000
580 601 1.000
580 2287 1.000
581 582 1.000
581 632 1.000
582 583 1.000
582 588 1.000
583 584 1.000
583 602 1.000
583 599 1.000
584 585 1.000
585 586 1.000
585 590 1.000
585 781 1.000
586 587 1.000
587 588 1.000
587 602 1.000
587 590 1.000
587 598 1.000
588 589 1.000
588 593 1.000
588 603 1.000
588 595 1.000
588 602 1.000
588 842 1.000
588 1568 1.000
589 590 1.000
590 591 1.000
590 603 1.000
590 669 1.000
590 1052 1.000
590 1738 1.000
590 3540 1.000
591 592 1.000
592 593 1.000
593 594 1.000
594 595 1.000
595 596 1.000
595 598 1.000
595 601 1.000
596 597 1.000
597 598 1.000
597 600 1.000
598 599 1.000
598 602 1.000
598 603 1.000
598 2976 1.000
599 600 1.000
600 601 1.000
601 602 1.000
602 603 1.000
604 605 1.000
604 754 1.000
604 751 1.000
604 690 1.000
604 666 1.000
604 708 1.000
604 669 1.000
604 677 1.000
604 688 1.000
605 606 1.000
605 708 1.000
605 671 1.000
606 607 1.000
606 663 1.000
607 608 1.000
607 743 1.000
607 631 1.000
607 639 1.000
607 713 1.000
607 690 1.000
607 638 1.000
607 648 1.000
607 626 1.000
607 650 1.000
607 685 1.000
608 609 1.000
608 708 1.000
608 612 1.000
608 728 1.000
608 616 1.000
608 666 1.000
608 684 1.000
608 641 1.000
608 729 1.000
608 625 1.000
609 610 1.000
609 695 1.000
609 696 1.000
609 663 1.000
610 611 1.000
610 746 1.000
610 621 1.000
610 719 1.000
610 699 1.000
610 688 1.000
610 708 1.000
610 696 1.000
610 680 1.000
610 654 1.000
610 724 1.000
610 671 1.000
610 744 1.000
610 663 1.000
610 741 1.000
610 754 1.000
610 747 1.000
610 679 1.000
610 672 1.000
610 648 1.000
610 613 1.000
610 628 1.000
610 657 1.000
610 716 1.000
611 612 1.000
611 733 1.000
611 690 1.000
611 656 1.000
611 670 1.000
611 3241 1.000
612 613 1.000
612 743 1.000
612 695 1.000
612 708 1.000
612 681 1.000
612 699 1.000
612 666 1.000
612 693 1.000
612 719 1.000
612 620 1.000
612 696 1.000
612 643 1.000
612 747 1.000
613 614 1.000
613 636 1.000
613 656 1.000
613 744 1.000
613 751 1.000
613 690 1.000
613 689 1.000
613 637 1.000
613 620 1.000
614 615 1.000
615 616 1.000
615 664 1.000
615 670 1.000
616 617 1.000
616 679 1.000
616 642 1.000
616 680 1.000
616 620 1.000
616 728 1.000
616 663 1.000
616 651 1.000
616 628 1.000
616 621 1.000
616 693 1.000
616 738 1.000
616 744 1.000
616 743 1.000
616 750 1.000
616 747 1.000
616 732 1.000
616 688 1.000
616 708 1.000
616 691 1.000
616 690 1.000
616 751 1.000
616 724 1.000
616 639 1.000
617 618 1.000
617 650 1.000
617 705 1.000
617 695 1.000
617 728 1.000
617 700 1.000
617 696 1.000
617 711 1.000
617 660 1.000
617 708 1.000
618 619 1.000
618 708 1.000
618 679 1.000
618 751 1.000
618 635 1.000
618 693 1.000
618 669 1.000
618 676 1.000
618 651 1.000
618 658 1.000
619 620 1.000
619 666 1.000
619 693 1.000
619 662 1.000
619 719 1.000
620 621 1.000
620 679 1.000
620 744 1.000
620 751 1.000
620 666 1.000
620 708 1.000
620 671 1.000
620 664 1.000
620 639 1.000
620 697 1.000
621 622 1.000
621 671 1.000
621 663 1.000
621 704 1.000
621 724 1.000
621 688 1.000
621 643 1.000
621 626 1.000
621 674 1.000
621 641 1.000
621 650 1.000
621 678 1.000
621 720 1.000
621 666 1.000
621 711 1.000
621 726 1.000
621 682 1.000
621 679 1.000
621 680 1.000
621 710 1.000
621 716 1.000
621 637 1.000
621 653 1.000
621 739 1.000
621 631 1.000
621 664 1.000
621 642 1.000
621 696 1.000
621 654 1.000
621 744 1.000
621 1000 1.000
621 2954 1.000
621 2982 1.000
622 623 1.000
622 726 1.000
622 686 1.000
622 747 1.000
622 708 1.000
622 751 1.000
622 704 1.000
622 690 1.000
622 662 1.000
622 743 1.000
622 683 1.000
623 624 1.000
624 625 1.000
624 695 1.000
625 626 1.000
626 627 1.000
626 637 1.000
626 695 1.000
626 705 1.000
626 696 1.000
626 726 1.000
626 669 1.000
626 671 1.000
626 674 1.000
626 690 1.000
626 651 1.000
626 2748 1.000
627 628 1.000
627 660 1.000
627 696 1.000
627 650 1.000
627 680 1.000
628 629 1.000
628 671 1.000
628 719 1.000
628 635 1.000
628 728 1.000
628 751 1.000
628 696 1.000
628 670 1.000
628 689 1.000
629 630 1.000
630 631 1.000
630 734 1.000
630 695 1.000
630 680 1.000
630 688 1.000
630 632 1.000
630 743 1.000
630 2495 1.000
631 632 1.000
631 647 1.000
631 656 1.000
631 708 1.000
631 713 1.000
631 711 1.000
631 662 1.000
631 680 1.000
631 693 1.000
631 663 1.000
631 696 1.000
631 648 1.000
631 738 1.000
631 688 1.000
631 679 1.000
631 735 1.000
631 653 1.000
631 755 1.000
632 633 1.000
632 671 1.000
632 693 1.000
632 719 1.000
633 634 1.000
633 696 1.000
633 685 1.000
633 669 1.000
634 635 1.000
635 636 1.000
635 696 1.000
635 650 1.000
635 648 1.000
635 671 1.000
635 697 1.000
635 680 1.000
635 660 1.000
635 735 1.000
636 637 1.000
636 648 1.000
637 638 1.000
637 713 1.000
637 747 1.000
637 657 1.000
637 671 1.000
637 695 1.000
637 696 1.000
637 724 1.000
637 744 1.000
637 680 1.000
637 658 1.000
637 688 1.000
637 645 1.000
637 648 1.000
637 655 1.000
637 666 1.000
637 641 1.000
638 639 1.000
638 666 1.000
638 708 1.000
638 813 1.000
639 640 1.000
639 694 1.000
639 688 1.000
639 697 1.000
639 721 1.000
639 716 1.000
639 648 1.000
639 708 1.000
639 666 1.000
639 671 1.000
639 714 1.000
639 729 1.000
639 751 1.000
639 653 1.000
639 696 1.000
639 690 1.000
639 693 1.000
639 680 1.000
639 745 1.000
639 747 1.000
639 656 1.000
640 641 1.000
640 656 1.000
641 642 1.000
641 707 1.000
641 704 1.000
641 686 1.000
641 697 1.000
641 718 1.000
641 719 1.000
641 654 1.000
641 671 1.000
641 696 1.000
641 651 1.000
641 670 1.000
641 662 1.000
641 695 1.000
641 699 1.000
641 753 1.000
641 666 1.000
641 669 1.000
641 664 1.000
641 680 1.000
642 643 1.000
642 722 1.000
642 645 1.000
642 728 1.000
642 742 1.000
642 711 1.000
642 656 1.000
642 650 1.000
642 671 1.000
642 697 1.000
642 696 1.000
642 709 1.000
642 719 1.000
642 663 1.000
642 747 1.000
643 644 1.000
643 685 1.000
643 719 1.000
643 709 1.000
643 696 1.000
643 666 1.000
643 1840 1.000
643 3600 1.000
644 645 1.000
645 646 1.000
645 674 1.000
645 696 1.000
645 719 1.000
645 751 1.000
645 704 1.000
645 747 1.000
645 679 1.000
646 647 1.000
646 724 1.000
646 671 1.000
646 685 1.000
646 654 1.000
647 648 1.000
647 735 1.000
647 704 1.000
647 688 1.000
647 671 1.000
647 747 1.000
647 711 1.000
647 742 1.000
647 745 1.000
648 649 1.000
648 666 1.000
648 676 1.000
648 704 1.000
648 673 1.000
648 726 1.000
648 671 1.000
648 743 1.000
648 720 1.000
648 657 1.000
648 662 1.000
648 690 1.000
648 685 1.000
648 684 1.000
648 747 1.000
648 694 1.000
648 744 1.000
648 669 1.000
648 736 1.000
648 693 1.000
648 1121 1.000
648 1887 1.000
649 650 1.000
649 747 1.000
650 651 1.000
650 747 1.000
650 688 1.000
650 666 1.000
650 697 1.000
650 695 1.000
650 671 1.000
650 670 1.000
650 736 1.000
650 742 1.000
650 678 1.000
651 652 1.000
651 688 1.000
651 747 1.000
651 669 1.000
651 682 1.000
651 862 1.000
652 653 1.000
652 713 1.000
652 739 1.000
653 654 1.000
653 662 1.000
653 671 1.000
653 746 1.000
653 656 1.000
653 724 1.000
653 708 1.000
653 655 1.000
653 744 1.000
653 3179 1.000
654 655 1.000
654 666 1.000
654 662 1.000
654 708 1.000
654 753 1.000
654 732 1.000
654 671 1.000
654 747 1.000
654 1940 1.000
655 656 1.000
655 724 1.000
655 697 1.000
655 706 1.000
655 663 1.000
655 671 1.000
655 2053 1.000
655 2235 1.000
656 657 1.000
656 671 1.000
656 726 1.000
656 713 1.000
656 740 1.000
656 697 1.000
656 747 1.000
656 688 1.000
656 704 1.000
656 666 1.000
656 693 1.000
656 674 1.000
656 706 1.000
656 663 1.000
656 711 1.000
656 660 1.000
656 724 1.000
657 658 1.000
657 662 1.000
657 659 1.000
658 659 1.000
658 747 1.000
658 708 1.000
659 660 1.000
660 661 1.000
660 693 1.000
660 694 1.000
660 713 1.000
660 685 1.000
660 671 1.000
660 724 1.000
660 719 1.000
660 708 1.000
661 662 1.000
662 663 1.000
662 666 1.000
662 724 1.000
662 719 1.000
662 671 1.000
662 747 1.000
662 694 1.000
662 683 1.000
662 697 1.000
663 664 1.000
663 685 1.000
663 744 1.000
663 696 1.000
663 743 1.000
663 747 1.000
663 695 1.000
663 671 1.000
663 693 1.000
663 688 1.000
663 689 1.000
663 680 1.000
663 709 1.000
663 720 1.000
663 704 1.000
663 708 1.000
663 697 1.000
663 669 1.000
663 679 1.000
663 719 1.000
663 750 1.000
663 734 1.000
663 702 1.000
663 690 1.000
664 665 1.000
664 742 1.000
664 747 1.000
664 751 1.000
664 670 1.000
665 666 1.000
665 706 1.000
665 719 1.000
665 747 1.000
666 667 1.000
666 706 1.000
666 728 1.000
666 747 1.000
666 708 1.000
666 679 1.000
666 698 1.000
666 713 1.000
666 729 1.000
666 751 1.000
666 688 1.000
666 744 1.000
666 732 1.000
666 724 1.000
666 678 1.000
666 743 1.000
666 750 1.000
666 680 1.000
666 696 1.000
666 704 1.000
666 674 1.000
666 721 1.000
666 673 1.000
666 691 1.000
666 693 1.000
666 690 1.000
666 726 1.000
666 677 1.000
666 2391 1.000
667 668 1.000
668 669 1.000
668 747 1.000
669 670 1.000
669 688 1.000
669 721 1.000
669 726 1.000
669 680 1.000
669 727 1.000
669 682 1.000
669 687 1.000
669 671 1.000
669 724 1.000
669 708 1.000
669 693 1.000
669 744 1.000
669 1933 1.000
670 671 1.000
670 720 1.000
670 688 1.000
670 693 1.000
670 719 1.000
670 696 1.000
670 744 1.000
670 726 1.000
670 690 1.000
671 672 1.000
671 700 1.000
671 704 1.000
671 699 1.000
671 724 1.000
671 693 1.000
671 706 1.000
671 747 1.000
671 716 1.000
671 708 1.000
671 695 1.000
671 676 1.000
671 696 1.000
671 690 1.000
671 744 1.000
671 719 1.000
671 721 1.000
671 697 1.000
671 679 1.000
671 739 1.000
671 680 1.000
671 711 1.000
671 754 1.000
671 741 1.000
671 742 1.000
671 720 1.000
671 726 1.000
671 955 1.000
671 2880 1.000
672 673 1.000
672 705 1.000
672 724 1.000
672 704 1.000
672 742 1.000
673 674 1.000
673 724 1.000
674 675 1.000
674 728 1.000
674 697 1.000
674 747 1.000
674 745 1.000
674 696 1.000
674 744 1.000
675 676 1.000
675 685 1.000
675 709 1.000
676 677 1.000
676 747 1.000
676 738 1.000
677 678 1.000
677 685 1.000
677 688 1.000
677 679 1.000
677 1528 1.000
678 679 1.000
679 680 1.000
679 742 1.000
679 751 1.000
679 736 1.000
679 708 1.000
679 704 1.000
679 696 1.000
679 726 1.000
679 693 1.000
679 682 1.000
679 688 1.000
679 747 1.000
679 697 1.000
679 686 1.000
679 743 1.000
679 724 1.000
680 681 1.000
680 695 1.000
680 682 1.000
680 690 1.000
680 708 1.000
680 751 1.000
680 693 1.000
680 728 1.000
680 747 1.000
680 726 1.000
680 2991 1.000
681 682 1.000
681 696 1.000
682 683 1.000
682 754 1.000
682 747 1.000
682 693 1.000
683 684 1.000
683 728 1.000
683 719 1.000
684 685 1.000
684 708 1.000
685 686 1.000
685 735 1.000
685 690 1.000
685 751 1.000
685 747 1.000
685 708 1.000
685 743 1.000
686 687 1.000
687 688 1.000
688 689 1.000
688 708 1.000
688 747 1.000
688 690 1.000
688 744 1.000
688 751 1.000
688 739 1.000
688 733 1.000
688 724 1.000
688 742 1.000
688 702 1.000
688 719 1.000
688 728 1.000
688 743 1.000
688 696 1.000
688 735 1.000
689 690 1.000
689 696 1.000
689 724 1.000
690 691 1.000
690 720 1.000
690 728 1.000
690 705 1.000
690 724 1.000
690 747 1.000
690 704 1.000
690 695 1.000
690 693 1.000
690 750 1.000
690 719 1.000
690 1501 1.000
691 692 1.000
691 724 1.000
692 693 1.000
692 695 1.000
693 694 1.000
693 695 1.000
693 720 1.000
693 746 1.000
693 724 1.000
693 696 1.000
693 728 1.000
693 697 1.000
693 751 1.000
693 2431 1.000
694 695 1.000
694 696 1.000
694 697 1.000
694 724 1.000
695 696 1.000
695 742 1.000
695 719 1.000
695 747 1.000
695 708 1.000
695 728 1.000
695 751 1.000
696 697 1.000
696 708 1.000
696 714 1.000
696 727 1.000
696 724 1.000
696 741 1.000
696 747 1.000
696 728 1.000
696 699 1.000
696 719 1.000
696 744 1.000
696 745 1.000
696 721 1.000
696 743 1.000
696 713 1.000
696 736 1.000
697 698 1.000
697 704 1.000
697 744 1.000
697 733 1.000
697 728 1.000
697 742 1.000
697 743 1.000
697 724 1.000
697 745 1.000
698 699 1.000
698 747 1.000
699 700 1.000
699 733 1.000
700 701 1.000
700 708 1.000
700 733 1.000
700 2448 1.000
701 702 1.000
702 703 1.000
703 704 1.000
704 705 1.000
704 708 1.000
704 726 1.000
704 751 1.000
704 733 1.000
704 724 1.000
704 718 1.000
704 742 1.000
704 750 1.000
704 1645 1.000
704 2093 1.000
705 706 1.000
705 750 1.000
706 707 1.000
706 722 1.000
706 747 1.000
706 744 1.000
707 708 1.000
708 709 1.000
708 724 1.000
708 729 1.000
708 751 1.000
708 744 1.000
708 735 1.000
708 747 1.000
708 728 1.000
708 721 1.000
708 711 1.000
708 726 1.000
708 738 1.000
708 719 1.000
708 3337 1.000
709 710 1.000
709 3603 1.000
710 711 1.000
710 744 1.000
711 712 1.000
712 713 1.000
712 719 1.000
713 714 1.000
713 726 1.000
713 747 1.000
713 743 1.000
713 724 1.000
714 715 1.000
715 716 1.000
716 717 1.000
716 747 1.000
716 744 1.000
717 718 1.000
718 719 1.000
718 747 1.000
718 722 1.000
719 720 1.000
719 735 1.000
719 724 1.000
719 754 1.000
719 744 1.000
719 750 1.000
719 747 1.000
719 863 1.000
719 1420 1.000
720 721 1.000
721 722 1.000
721 738 1.000
721 742 1.000
721 831 1.000
721 2475 1.000
722 723 1.000
722 744 1.000
723 724 1.000
724 725 1.000
724 734 1.000
724 738 1.000
724 754 1.000
724 744 1.000
724 747 1.000
724 743 1.000
724 3262 1.000
725 726 1.000
726 727 1.000
726 747 1.000
727 728 1.000
728 729 1.000
728 750 1.000
728 732 1.000
728 747 1.000
729 730 1.000
729 743 1.000
730 731 1.000
730 751 1.000
730 747 1.000
730 743 1.000
731 732 1.000
732 733 1.000
733 734 1.000
733 747 1.000
734 735 1.000
735 736 1.000
735 738 1.000
735 747 1.000
735 742 1.000
736 737 1.000
737 738 1.000
738 739 1.000
738 751 1.000
739 740 1.000
739 749 1.000
740 741 1.000
741 742 1.000
742 743 1.000
742 750 1.000
742 3061 1.000
743 744 1.000
743 749 1.000
743 751 1.000
743 747 1.000
743 750 1.000
743 2201 1.000
744 745 1.000
744 751 1.000
744 747 1.000
744 2435 1.000
744 2914 1.000
745 746 1.000
745 751 1.000
746 747 1.000
747 748 1.000
747 754 1.000
747 862 1.000
747 2990 1.000
748 749 1.000
749 750 1.000
750 751 1.000
751 752 1.000
751 754 1.000
751 844 1.000
752 753 1.000
753 754 1.000
755 756 1.000
755 905 1.000
755 761 1.000
755 868 1.000
755 786 1.000
755 768 1.000
755 891 1.000
755 861 1.000
755 785 1.000
755 904 1.000
755 873 1.000
755 826 1.000
755 887 1.000
755 879 1.000
755 862 1.000
755 827 1.000
755 846 1.000
755 809 1.000
755 795 1.000
755 781 1.000
755 832 1.000
755 3118 1.000
756 757 1.000
756 799 1.000
756 860 1.000
756 785 1.000
757 758 1.000
757 787 1.000
758 759 1.000
758 873 1.000
758 862 1.000
758 834 1.000
758 785 1.000
758 824 1.000
759 760 1.000
759 904 1.000
759 815 1.000
759 854 1.000
759 880 1.000
759 799 1.000
759 822 1.000
759 805 1.000
759 862 1.000
759 827 1.000
759 786 1.000
759 797 1.000
759 873 1.000
759 834 1.000
759 807 1.000
759 795 1.000
759 789 1.000
759 2678 1.000
759 3313 1.000
760 761 1.000
761 762 1.000
761 876 1.000
761 862 1.000
761 763 1.000
761 795 1.000
761 873 1.000
761 891 1.000
761 846 1.000
761 899 1.000
761 853 1.000
761 810 1.000
762 763 1.000
762 846 1.000
762 799 1.000
762 862 1.000
762 885 1.000
762 849 1.000
762 785 1.000
762 854 1.000
762 814 1.000
762 781 1.000
762 810 1.000
762 2503 1.000
763 764 1.000
763 873 1.000
763 885 1.000
763 902 1.000
763 818 1.000
763 803 1.000
763 808 1.000
763 771 1.000
763 863 1.000
763 862 1.000
763 825 1.000
763 854 1.000
764 765 1.000
764 827 1.000
764 862 1.000
765 766 1.000
765 843 1.000
765 820 1.000
765 862 1.000
765 865 1.000
765 902 1.000
765 818 1.000
766 767 1.000
766 788 1.000
767 768 1.000
767 862 1.000
767 880 1.000
767 806 1.000
768 769 1.000
768 828 1.000
768 873 1.000
768 902 1.000
768 787 1.000
768 894 1.000
768 862 1.000
768 785 1.000
768 887 1.000
768 829 1.000
768 842 1.000
768 846 1.000
768 865 1.000
768 781 1.000
768 799 1.000
768 814 1.000
768 805 1.000
768 853 1.000
768 851 1.000
768 825 1.000
768 867 1.000
768 786 1.000
768 797 1.000
768 808 1.000
768 882 1.000
768 788 1.000
768 813 1.000
768 876 1.000
768 2881 1.000
769 770 1.000
770 771 1.000
771 772 1.000
771 835 1.000
771 873 1.000
771 811 1.000
771 796 1.000
771 862 1.000
772 773 1.000
772 785 1.000
772 813 1.000
773 774 1.000
773 813 1.000
773 844 1.000
774 775 1.000
774 862 1.000
774 832 1.000
774 840 1.000
775 776 1.000
775 890 1.000
776 777 1.000
776 808 1.000
776 788 1.000
776 862 1.000
776 811 1.000
776 842 1.000
776 816 1.000
776 781 1.000
776 1802 1.000
777 778 1.000
777 830 1.000
778 779 1.000
778 800 1.000
778 780 1.000
778 839 1.000
778 842 1.000
778 862 1.000
778 809 1.000
778 846 1.000
778 867 1.000
778 863 1.000
778 868 1.000
778 873 1.000
778 785 1.000
778 824 1.000
778 904 1.000
778 874 1.000
778 781 1.000
779 780 1.000
779 866 1.000
779 854 1.000
780 781 1.000
780 808 1.000
780 799 1.000
780 880 1.000
780 819 1.000
780 904 1.000
780 809 1.000
780 791 1.000
780 785 1.000
781 782 1.000
781 874 1.000
781 799 1.000
781 838 1.000
781 852 1.000
781 809 1.000
781 816 1.000
781 808 1.000
781 842 1.000
781 855 1.000
781 821 1.000
781 785 1.000
781 813 1.000
781 853 1.000
781 811 1.000
781 844 1.000
781 862 1.000
781 861 1.000
781 788 1.000
781 812 1.000
781 846 1.000
781 796 1.000
781 815 1.000
781 786 1.000
781 826 1.000
781 865 1.000
781 873 1.000
781 897 1.000
781 889 1.000
781 891 1.000
781 882 1.000
781 904 1.000
781 1755 1.000
781 2605 1.000
782 783 1.000
782 880 1.000
782 862 1.000
783 784 1.000
783 903 1.000
783 825 1.000
784 785 1.000
784 799 1.000
784 818 1.000
785 786 1.000
785 885 1.000
785 816 1.000
785 813 1.000
785 827 1.000
785 851 1.000
785 876 1.000
785 873 1.000
785 809 1.000
785 795 1.000
785 812 1.000
785 836 1.000
785 865 1.000
785 904 1.000
785 846 1.000
785 862 1.000
785 842 1.000
785 849 1.000
785 881 1.000
785 839 1.000
785 903 1.000
785 811 1.000
785 843 1.000
785 902 1.000
785 825 1.000
785 799 1.000
785 788 1.000
785 1545 1.000
785 3516 1.000
786 787 1.000
786 903 1.000
786 809 1.000
786 873 1.000
786 862 1.000
786 886 1.000
786 795 1.000
786 820 1.000
786 805 1.000
786 881 1.000
786 837 1.000
786 788 1.000
786 868 1.000
786 880 1.000
786 834 1.000
787 788 1.000
787 827 1.000
787 809 1.000
787 889 1.000
787 843 1.000
787 891 1.000
787 867 1.000
787 799 1.000
787 871 1.000
787 831 1.000
787 902 1.000
787 842 1.000
787 795 1.000
787 885 1.000
787 894 1.000
787 862 1.000
787 873 1.000
788 789 1.000
788 837 1.000
788 835 1.000
788 808 1.000
788 860 1.000
788 854 1.000
788 825 1.000
788 827 1.000
788 904 1.000
788 811 1.000
788 795 1.000
788 813 1.000
789 790 1.000
789 810 1.000
789 865 1.000
789 2818 1.000
790 791 1.000
790 797 1.000
790 860 1.000
790 904 1.000
790 894 1.000
790 862 1.000
791 792 1.000
791 871 1.000
791 853 1.000
791 808 1.000
791 797 1.000
791 879 1.000
792 793 1.000
793 794 1.000
793 862 1.000
794 795 1.000
795 796 1.000
795 892 1.000
795 847 1.000
795 853 1.000
795 862 1.000
795 842 1.000
795 808 1.000
795 831 1.000
795 843 1.000
795 889 1.000
795 810 1.000
795 799 1.000
795 820 1.000
795 865 1.000
795 854 1.000
795 813 1.000
795 815 1.000
795 866 1.000
795 825 1.000
795 901 1.000
795 873 1.000
795 878 1.000
795 802 1.000
795 883 1.000
795 818 1.000
795 904 1.000
795 868 1.000
795 857 1.000
795 797 1.000
795 897 1.000
795 809 1.000
795 863 1.000
795 891 1.000
795 1397 1.000
795 1577 1.000
795 3049 1.000
795 3077 1.000
796 797 1.000
796 873 1.000
796 805 1.000
796 809 1.000
797 798 1.000
797 862 1.000
797 868 1.000
797 837 1.000
797 904 1.000
797 813 1.000
797 873 1.000
797 842 1.000
797 808 1.000
797 867 1.000
797 903 1.000
797 839 1.000
797 812 1.000
797 889 1.000
797 811 1.000
797 816 1.000
797 824 1.000
797 802 1.000
798 799 1.000
798 853 1.000
798 849 1.000
799 800 1.000
799 870 1.000
799 815 1.000
799 863 1.000
799 880 1.000
799 805 1.000
799 889 1.000
799 827 1.000
799 839 1.000
799 890 1.000
799 879 1.000
799 885 1.000
799 862 1.000
799 821 1.000
799 846 1.000
799 808 1.000
799 881 1.000
799 842 1.000
799 802 1.000
799 887 1.000
799 843 1.000
799 810 1.000
799 873 1.000
799 809 1.000
799 891 1.000
799 865 1.000
799 894 1.000
799 820 1.000
799 900 1.000
799 816 1.000
800 801 1.000
800 900 1.000
800 853 1.000
800 808 1.000
801 802 1.000
802 803 1.000
802 881 1.000
802 809 1.000
802 876 1.000
803 804 1.000
803 862 1.000
803 854 1.000
803 820 1.000
804 805 1.000
804 809 1.000
805 806 1.000
805 810 1.000
805 832 1.000
805 836 1.000
805 820 1.000
805 809 1.000
805 849 1.000
805 813 1.000
805 831 1.000
805 894 1.000
805 880 1.000
805 893 1.000
805 881 1.000
805 862 1.000
805 811 1.000
805 2757 1.000
806 807 1.000
806 818 1.000
806 861 1.000
806 873 1.000
806 891 1.000
806 862 1.000
806 840 1.000
807 808 1.000
807 840 1.000
807 891 1.000
807 820 1.000
807 838 1.000
808 809 1.000
808 891 1.000
808 862 1.000
808 839 1.000
808 849 1.000
808 846 1.000
808 898 1.000
808 842 1.000
808 827 1.000
808 859 1.000
808 885 1.000
808 873 1.000
808 1161 1.000
809 810 1.000
809 892 1.000
809 885 1.000
809 873 1.000
809 871 1.000
809 868 1.000
809 862 1.000
809 815 1.000
809 872 1.000
809 839 1.000
809 824 1.000
809 866 1.000
809 848 1.000
809 818 1.000
809 904 1.000
809 831 1.000
809 902 1.000
809 842 1.000
809 861 1.000
809 890 1.000
809 832 1.000
809 811 1.000
809 865 1.000
809 846 1.000
809 837 1.000
809 854 1.000
809 813 1.000
809 883 1.000
809 820 1.000
809 891 1.000
809 853 1.000
809 900 1.000
809 903 1.000
809 814 1.000
809 835 1.000
809 880 1.000
810 811 1.000
810 822 1.000
810 862 1.000
810 868 1.000
810 880 1.000
810 813 1.000
810 849 1.000
810 872 1.000
810 827 1.000
810 881 1.000
810 834 1.000
810 848 1.000
810 885 1.000
811 812 1.000
811 864 1.000
811 829 1.000
811 821 1.000
811 901 1.000
811 902 1.000
811 824 1.000
811 876 1.000
811 862 1.000
811 827 1.000
811 848 1.000
811 891 1.000
811 842 1.000
811 853 1.000
811 904 1.000
812 813 1.000
812 893 1.000
813 814 1.000
813 839 1.000
813 902 1.000
813 815 1.000
813 821 1.000
813 863 1.000
813 825 1.000
813 831 1.000
813 862 1.000
813 891 1.000
813 867 1.000
813 846 1.000
813 853 1.000
813 824 1.000
813 860 1.000
813 827 1.000
813 903 1.000
813 854 1.000
813 890 1.000
813 873 1.000
813 826 1.000
813 2882 1.000
814 815 1.000
814 862 1.000
814 846 1.000
814 844 1.000
815 816 1.000
815 827 1.000
815 852 1.000
815 848 1.000
815 872 1.000
815 853 1.000
815 831 1.000
815 825 1.000
816 817 1.000
816 880 1.000
816 904 1.000
816 846 1.000
816 891 1.000
816 862 1.000
816 902 1.000
816 879 1.000
817 818 1.000
818 819 1.000
818 873 1.000
818 821 1.000
818 862 1.000
818 890 1.000
818 868 1.000
818 887 1.000
819 820 1.000
819 853 1.000
819 880 1.000
819 862 1.000
820 821 1.000
820 903 1.000
820 863 1.000
820 862 1.000
820 865 1.000
821 822 1.000
821 862 1.000
821 890 1.000
821 880 1.000
821 854 1.000
821 904 1.000
821 824 1.000
821 856 1.000
821 891 1.000
821 873 1.000
821 1057 1.000
822 823 1.000
823 824 1.000
823 882 1.000
824 825 1.000
824 898 1.000
824 836 1.000
824 862 1.000
824 871 1.000
824 839 1.000
824 861 1.000
824 873 1.000
824 904 1.000
824 1632 1.000
825 826 1.000
825 846 1.000
825 904 1.000
825 865 1.000
825 873 1.000
825 891 1.000
825 862 1.000
826 827 1.000
826 883 1.000
826 892 1.000
826 881 1.000
826 861 1.000
826 873 1.000
826 862 1.000
826 864 1.000
826 885 1.000
826 904 1.000
826 859 1.000
826 3446 1.000
827 828 1.000
827 865 1.000
827 867 1.000
827 889 1.000
827 833 1.000
827 862 1.000
827 891 1.000
827 846 1.000
827 887 1.000
827 873 1.000
827 831 1.000
827 849 1.000
827 895 1.000
827 902 1.000
827 3520 1.000
828 829 1.000
828 894 1.000
828 880 1.000
828 2076 1.000
829 830 1.000
829 853 1.000
829 891 1.000
829 889 1.000
829 862 1.000
830 831 1.000
830 873 1.000
831 832 1.000
831 868 1.000
831 889 1.000
831 836 1.000
832 833 1.000
832 842 1.000
832 883 1.000
832 865 1.000
833 834 1.000
833 873 1.000
834 835 1.000
834 873 1.000
834 901 1.000
835 836 1.000
836 837 1.000
836 880 1.000
837 838 1.000
837 862 1.000
837 879 1.000
838 839 1.000
838 882 1.000
838 873 1.000
838 903 1.000
838 865 1.000
838 862 1.000
839 840 1.000
839 849 1.000
839 862 1.000
839 851 1.000
839 994 1.000
840 841 1.000
840 880 1.000
840 3148 1.000
841 842 1.000
841 854 1.000
841 900 1.000
841 861 1.000
841 2594 1.000
842 843 1.000
842 892 1.000
842 861 1.000
842 846 1.000
842 865 1.000
842 863 1.000
842 862 1.000
842 880 1.000
842 881 1.000
842 873 1.000
843 844 1.000
843 862 1.000
843 883 1.000
843 873 1.000
844 845 1.000
845 846 1.000
845 894 1.000
846 847 1.000
846 854 1.000
846 862 1.000
846 902 1.000
846 880 1.000
846 873 1.000
846 868 1.000
846 879 1.000
847 848 1.000
847 900 1.000
847 873 1.000
848 849 1.000
848 858 1.000
848 862 1.000
848 902 1.000
848 873 1.000
848 854 1.000
848 882 1.000
848 866 1.000
848 903 1.000
849 850 1.000
849 862 1.000
849 900 1.000
850 851 1.000
850 904 1.000
851 852 1.000
851 862 1.000
852 853 1.000
852 895 1.000
852 862 1.000
852 904 1.000
853 854 1.000
853 862 1.000
853 876 1.000
853 889 1.000
853 866 1.000
853 902 1.000
853 865 1.000
853 880 1.000
853 867 1.000
853 873 1.000
853 904 1.000
853 891 1.000
854 855 1.000
854 862 1.000
854 861 1.000
854 894 1.000
854 860 1.000
854 873 1.000
854 865 1.000
855 856 1.000
855 903 1.000
855 862 1.000
855 881 1.000
856 857 1.000
856 861 1.000
857 858 1.000
858 859 1.000
859 860 1.000
859 862 1.000
860 861 1.000
860 867 1.000
860 862 1.000
861 862 1.000
861 865 1.000
861 891 1.000
861 2934 1.000
862 863 1.000
862 904 1.000
862 901 1.000
862 883 1.000
862 887 1.000
862 891 1.000
862 882 1.000
862 865 1.000
862 889 1.000
862 873 1.000
862 881 1.000
862 878 1.000
862 880 1.000
862 885 1.000
862 866 1.000
862 903 1.000
862 898 1.000
862 902 1.000
862 894 1.000
862 893 1.000
862 879 1.000
862 899 1.000
862 886 1.000
862 897 1.000
862 871 1.000
862 900 1.000
862 876 1.000
862 874 1.000
862 1317 1.000
862 2645 1.000
862 3126 1.000
863 864 1.000
863 880 1.000
864 865 1.000
865 866 1.000
865 902 1.000
865 904 1.000
865 890 1.000
865 873 1.000
865 887 1.000
865 878 1.000
865 883 1.000
865 1129 1.000
866 867 1.000
866 868 1.000
867 868 1.000
867 873 1.000
867 889 1.000
867 880 1.000
868 869 1.000
869 870 1.000
870 871 1.000
870 880 1.000
871 872 1.000
871 904 1.000
871 876 1.000
871 897 1.000
871 881 1.000
871 880 1.000
871 2856 1.000
872 873 1.000
872 880 1.000
872 2668 1.000
873 874 1.000
873 890 1.000
873 892 1.000
873 880 1.000
873 902 1.000
873 879 1.000
873 891 1.000
873 904 1.000
873 898 1.000
873 1789 1.000
873 2067 1.000
874 875 1.000
874 879 1.000
874 881 1.000
874 890 1.000
875 876 1.000
875 883 1.000
876 877 1.000
876 903 1.000
877 878 1.000
878 879 1.000
879 880 1.000
880 881 1.000
880 903 1.000
880 904 1.000
880 893 1.000
880 2376 1.000
880 2541 1.000
881 882 1.000
881 890 1.000
882 883 1.000
883 884 1.000
883 903 1.000
883 3166 1.000
884 885 1.000
885 886 1.000
885 894 1.000
885 887 1.000
886 887 1.000
887 888 1.000
888 889 1.000
888 904 1.000
889 890 1.000
890 891 1.000
891 892 1.000
892 893 1.000
893 894 1.000
894 895 1.000
895 896 1.000
896 897 1.000
897 898 1.000
898 899 1.000
899 900 1.000
900 901 1.000
900 1538 1.000
900 2773 1.000
901 902 1.000
902 903 1.000
902 904 1.000
903 904 1.000
904 905 1.000
905 3593 1.000
908 950 1.000
908 924 1.000
908 945 1.000
908 940 1.000
908 932 1.000
908 957 1.000
908 960 1.000
908 942 1.000
908 955 1.000
908 948 1.000
908 959 1.000
908 931 1.000
924 950 1.000
924 932 1.000
924 945 1.000
924 940 1.000
924 955 1.000
924 957 1.000
924 942 1.000
924 960 1.000
924 933 1.000
924 948 1.000
924 959 1.000
924 931 1.000
926 955 1.000
926 942 1.000
926 948 1.000
926 935 1.000
926 945 1.000
926 957 1.000
926 932 1.000
926 959 1.000
931 933 1.000
931 942 1.000
931 955 1.000
931 957 1.000
931 940 1.000
931 950 1.000
931 948 1.000
931 945 1.000
932 950 1.000
932 940 1.000
932 955 1.000
932 945 1.000
932 957 1.000
932 942 1.000
932 948 1.000
932 959 1.000
932 933 1.000
932 960 1.000
933 957 1.000
933 950 1.000
933 940 1.000
933 942 1.000
933 948 1.000
933 955 1.000
933 945 1.000
933 959 1.000
933 960 1.000
933 952 1.000
933 966 1.000
935 959 1.000
940 945 1.000
940 950 1.000
940 955 1.000
940 957 1.000
940 942 1.000
940 948 1.000
940 959 1.000
940 952 1.000
940 960 1.000
942 950 1.000
942 955 1.000
942 945 1.000
942 957 1.000
942 948 1.000
942 960 1.000
942 959 1.000
942 966 1.000
945 950 1.000
945 955 1.000
945 957 1.000
945 959 1.000
945 948 1.000
945 960 1.000
948 950 1.000
948 955 1.000
948 957 1.000
948 959 1.000
948 960 1.000
950 955 1.000
950 957 1.000
950 959 1.000
950 952 1.000
955 957 1.000
955 959 1.000
955 960 1.000
957 960 1.000
957 959 1.000
957 966 1.000
959 960 1.000
971 1000 1.000
971 1023 1.000
971 994 1.000
975 1000 1.000
975 1010 1.000
975 990 1.000
975 1022 1.000
975 1002 1.000
975 1024 1.000
975 1023 1.000
975 994 1.000
975 1005 1.000
975 1017 1.000
975 1006 1.000
975 1011 1.000
990 1010 1.000
990 1023 1.000
990 1000 1.000
990 1022 1.000
990 1005 1.000
990 994 1.000
990 1024 1.000
990 1002 1.000
990 1006 1.000
990 1011 1.000
990 1017 1.000
994 1005 1.000
994 1022 1.000
994 1000 1.000
994 1010 1.000
994 1023 1.000
994 1024 1.000
994 1002 1.000
994 1006 1.000
994 1011 1.000
994 1017 1.000
1000 1005 1.000
1000 1023 1.000
1000 1022 1.000
1000 1010 1.000
1000 1002 1.000
1000 1024 1.000
1000 1006 1.000
1000 1011 1.000
1002 1023 1.000
1002 1010 1.000
1002 1022 1.000
1002 1005 1.000
1002 1024 1.000
1002 1006 1.000
1002 1011 1.000
1002 1017 1.000
1005 1022 1.000
1005 1023 1.000
1005 1010 1.000
1005 1024 1.000
1005 1006 1.000
1005 1011 1.000
1006 1023 1.000
1006 1024 1.000
1006 1022 1.000
1006 1010 1.000
1006 1011 1.000
1006 1017 1.000
1010 1023 1.000
1010 1022 1.000
1010 1011 1.000
1010 1024 1.000
1011 1022 1.000
1011 1023 1.000
1011 1024 1.000
1011 1017 1.000
1017 1024 1.000
1017 1023 1.000
1022 1023 1.000
1022 1024 1.000
1023 1024 1.000
1032 1048 1.000
1032 1075 1.000
1032 1052 1.000
1032 1060 1.000
1032 1043 1.000
1032 1057 1.000
1032 1084 1.000
1032 1070 1.000
1032 1069 1.000
1032 1034 1.000
1032 1062 1.000
1032 1053 1.000
1034 1052 1.000
1034 1069 1.000
1034 1057 1.000
1034 1048 1.000
1034 1043 1.000
1034 1084 1.000
1034 1075 1.000
1034 1053 1.000
1034 1060 1.000
1034 1062 1.000
1034 1070 1.000
1043 1069 1.000
1043 1052 1.000
1043 1075 1.000
1043 1048 1.000
1043 1057 1.000
1043 1084 1.000
1043 1086 1.000
1043 1053 1.000
1043 1060 1.000
1043 1070 1.000
1043 1062 1.000
1048 1052 1.000
1048 1057 1.000
1048 1069 1.000
1048 1053 1.000
1048 1075 1.000
1048 1084 1.000
1048 1060 1.000
1048 1062 1.000
1048 1070 1.000
1052 1057 1.000
1052 1069 1.000
1052 1075 1.000
1052 1053 1.000
1052 1084 1.000
1052 1060 1.000
1052 1062 1.000
1052 1070 1.000
1052 1086 1.000
1053 1069 1.000
1053 1075 1.000
1053 1057 1.000
1053 1084 1.000
1053 1060 1.000
1053 1062 1.000
1053 1070 1.000
1055 1084 1.000
1057 1069 1.000
1057 1075 1.000
1057 1084 1.000
1057 1060 1.000
1057 1070 1.000
1057 1062 1.000
1057 1086 1.000
1060 1069 1.000
1060 1075 1.000
1060 1084 1.000
1060 1070 1.000
1060 1062 1.000
1062 1070 1.000
1062 1084 1.000
1062 1075 1.000
1062 1069 1.000
1069 1075 1.000
1069 1084 1.000
1069 1070 1.000
1069 1086 1.000
1070 1084 1.000
1070 1075 1.000
1075 1084 1.000
1091 1129 1.000
1091 1107 1.000
1091 1132 1.000
1091 1133 1.000
1091 1103 1.000
1091 1101 1.000
1091 1116 1.000
1091 1110 1.000
1091 1113 1.000
1091 1108 1.000
1091 1142 1.000
1091 1121 1.000
1097 1108 1.000
1097 1116 1.000
1097 1110 1.000
1101 1108 1.000
1101 1113 1.000
1101 1121 1.000
1101 1129 1.000
1101 1116 1.000
1101 1132 1.000
1101 1133 1.000
1101 1107 1.000
1101 1103 1.000
1101 1147 1.000
1101 1148 1.000
1101 1141 1.000
1101 1110 1.000
1103 1108 1.000
1103 1129 1.000
1103 1121 1.000
1103 1116 1.000
1103 1132 1.000
1103 1107 1.000
1103 1147 1.000
1103 1113 1.000
1103 1133 1.000
1103 1142 1.000
1103 1141 1.000
1103 1110 1.000
1103 1123 1.000
1107 1132 1.000
1107 1113 1.000
1107 1108 1.000
1107 1129 1.000
1107 1147 1.000
1107 1123 1.000
1107 1121 1.000
1107 1134 1.000
1107 1133 1.000
1107 1141 1.000
1107 1116 1.000
1107 1142 1.000
1107 1110 1.000
1108 1113 1.000
1108 1132 1.000
1108 1121 1.000
1108 1129 1.000
1108 1110 1.000
1108 1133 1.000
1108 1142 1.000
1108 1123 1.000
1108 1141 1.000
1108 1116 1.000
1108 1147 1.000
1108 1134 1.000
1108 1130 1.000
1110 1129 1.000
1110 1132 1.000
1110 1121 1.000
1110 1113 1.000
1110 1123 1.000
1110 1116 1.000
1110 1141 1.000
1110 1133 1.000
1110 1134 1.000
1113 1129 1.000
1113 1121 1.000
1113 1132 1.000
1113 1141 1.000
1113 1116 1.000
1113 1133 1.000
1113 1123 1.000
1113 1147 1.000
1116 1132 1.000
1116 1129 1.000
1116 1141 1.000
1116 1121 1.000
1116 1142 1.000
1116 1133 1.000
1116 1123 1.000
1116 1134 1.000
1116 1147 1.000
1121 1132 1.000
1121 1129 1.000
1121 1133 1.000
1121 1147 1.000
1121 1141 1.000
1121 1142 1.000
1121 1135 1.000
1121 1134 1.000
1121 1123 1.000
1121 1130 1.000
1123 1132 1.000
1123 1133 1.000
1123 1141 1.000
1123 1129 1.000
1123 1147 1.000
1129 1132 1.000
1129 1141 1.000
1129 1147 1.000
1129 1133 1.000
1129 1134 1.000
1129 1142 1.000
1130 1132 1.000
1132 1147 1.000
1132 1133 1.000
1132 1141 1.000
1132 1134 1.000
1132 1142 1.000
1133 1142 1.000
1133 1141 1.000
1133 1147 1.000
1133 1134 1.000
1134 1142 1.000
1134 1147 1.000
1141 1142 1.000
1141 1147 1.000
1142 1147 1.000
1151 1181 1.000
1151 1164 1.000
1151 1190 1.000
1151 1184 1.000
1151 1162 1.000
1151 1172 1.000
1151 1197 1.000
1151 1194 1.000
1151 1161 1.000
1151 1171 1.000
1151 1201 1.000
1151 1179 1.000
1151 1163 1.000
1151 1207 1.000
1160 1172 1.000
1160 1171 1.000
1160 1161 1.000
1161 1190 1.000
1161 1164 1.000
1161 1201 1.000
1161 1181 1.000
1161 1162 1.000
1161 1171 1.000
1161 1184 1.000
1161 1172 1.000
1161 1197 1.000
1161 1163 1.000
1161 1195 1.000
1161 1179 1.000
1162 1164 1.000
1162 1190 1.000
1162 1184 1.000
1162 1201 1.000
1162 1181 1.000
1162 1197 1.000
1162 1179 1.000
1162 1172 1.000
1162 1171 1.000
1162 1163 1.000
1162 1175 1.000
1163 1190 1.000
1163 1171 1.000
1163 1164 1.000
1163 1184 1.000
1163 1179 1.000
1163 1201 1.000
1163 1197 1.000
1163 1172 1.000
1163 1181 1.000
1163 1194 1.000
1164 1190 1.000
1164 1181 1.000
1164 1201 1.000
1164 1179 1.000
1164 1184 1.000
1164 1171 1.000
1164 1172 1.000
1164 1197 1.000
1171 1201 1.000
1171 1184 1.000
1171 1190 1.000
1171 1181 1.000
1171 1207 1.000
1171 1179 1.000
1171 1197 1.000
1171 1172 1.000
1171 1194 1.000
1172 1184 1.000
1172 1181 1.000
1172 1201 1.000
1172 1190 1.000
1172 1197 1.000
1172 1179 1.000
1172 1194 1.000
1175 1201 1.000
1175 1181 1.000
1175 1197 1.000
1175 1184 1.000
1175 1190 1.000
1179 1201 1.000
1179 1184 1.000
1179 1190 1.000
1179 1197 1.000
1179 1181 1.000
1179 1194 1.000
1181 1190 1.000
1181 1201 1.000
1181 1184 1.000
1181 1197 1.000
1181 1207 1.000
1181 1194 1.000
1184 1190 1.000
1184 1201 1.000
1184 1197 1.000
1184 1194 1.000
1184 1207 1.000
1190 1201 1.000
1190 1194 1.000
1190 1197 1.000
1191 1201 1.000
1194 1197 1.000
1197 1201 1.000
1197 1207 1.000
1201 1207 1.000
1211 1249 1.000
1211 1266 1.000
1211 1213 1.000
1211 1237 1.000
1211 1242 1.000
1211 1246 1.000
1211 1223 1.000
1211 1253 1.000
1211 1238 1.000
1211 1271 1.000
1211 1243 1.000
1211 1248 1.000
1211 1222 1.000
1211 1239 1.000
1213 1266 1.000
1213 1242 1.000
1213 1259 1.000
1213 1249 1.000
1213 1237 1.000
1213 1271 1.000
1213 1246 1.000
1213 1238 1.000
1213 1223 1.000
1213 1228 1.000
1213 1243 1.000
1213 1222 1.000
1213 1248 1.000
1222 1242 1.000
1222 1249 1.000
1222 1271 1.000
1222 1238 1.000
1222 1237 1.000
1222 1266 1.000
1222 1223 1.000
1222 1259 1.000
1222 1246 1.000
1222 1228 1.000
1222 1248 1.000
1222 1239 1.000
1222 1253 1.000
1222 1243 1.000
1223 1242 1.000
1223 1266 1.000
1223 1237 1.000
1223 1238 1.000
1223 1259 1.000
1223 1249 1.000
1223 1246 1.000
1223 1271 1.000
1223 1239 1.000
1223 1228 1.000
1223 1253 1.000
1228 1259 1.000
1228 1238 1.000
1228 1249 1.000
1228 1237 1.000
1228 1239 1.000
1228 1246 1.000
1228 1271 1.000
1228 1242 1.000
1228 1253 1.000
1228 1266 1.000
1228 1248 1.000
1230 1237 1.000
1237 1259 1.000
1237 1249 1.000
1237 1242 1.000
1237 1266 1.000
1237 1246 1.000
1237 1271 1.000
1237 1238 1.000
1237 1243 1.000
1237 1253 1.000
1237 1248 1.000
1238 1259 1.000
1238 1266 1.000
1238 1246 1.000
1238 1271 1.000
1238 1242 1.000
1238 1249 1.000
1238 1243 1.000
1238 1239 1.000
1238 1253 1.000
1238 1240 1.000
1239 1271 1.000
1239 1259 1.000
1239 1266 1.000
1239 1249 1.000
1239 1246 1.000
1239 1248 1.000
1239 1242 1.000
1239 1253 1.000
1240 1266 1.000
1240 1259 1.000
1242 1249 1.000
1242 1259 1.000
1242 1271 1.000
1242 1266 1.000
1242 1246 1.000
1242 1243 1.000
1242 1248 1.000
1242 1253 1.000
1243 1266 1.000
1243 1246 1.000
1243 1253 1.000
1243 1271 1.000
1243 1248 1.000
1243 1249 1.000
1243 1259 1.000
1246 1259 1.000
1246 1271 1.000
1246 1266 1.000
1246 1249 1.000
1246 1248 1.000
1246 1253 1.000
1248 1259 1.000
1248 1266 1.000
1248 1253 1.000
1248 1271 1.000
1248 1249 1.000
1249 1271 1.000
1249 1259 1.000
1249 1266 1.000
1249 1253 1.000
1250 1271 1.000
1253 1259 1.000
1253 1271 1.000
1253 1266 1.000
1259 1271 1.000
1259 1266 1.000
1266 1271 1.000
1272 1296 1.000
1272 1317 1.000
1272 1322 1.000
1272 1310 1.000
1272 1292 1.000
1272 1291 1.000
1272 1282 1.000
1272 1286 1.000
1272 1303 1.000
1272 1277 1.000
1272 1316 1.000
1272 1289 1.000
1272 1293 1.000
1277 1286 1.000
1277 1317 1.000
1277 1303 1.000
1277 1296 1.000
1277 1282 1.000
1277 1322 1.000
1277 1310 1.000
1277 1291 1.000
1277 1292 1.000
1277 1293 1.000
1277 1316 1.000
1280 1292 1.000
1282 1317 1.000
1282 1296 1.000
1282 1292 1.000
1282 1286 1.000
1282 1291 1.000
1282 1303 1.000
1282 1322 1.000
1282 1310 1.000
1282 1315 1.000
1282 1289 1.000
1282 1316 1.000
1286 1322 1.000
1286 1296 1.000
1286 1317 1.000
1286 1303 1.000
1286 1291 1.000
1286 1310 1.000
1286 1292 1.000
1286 1316 1.000
1286 1289 1.000
1286 1304 1.000
1286 1293 1.000
1289 1322 1.000
1289 1296 1.000
1289 1292 1.000
1291 1317 1.000
1291 1296 1.000
1291 1310 1.000
1291 1322 1.000
1291 1303 1.000
1291 1292 1.000
1291 1316 1.000
1291 1324 1.000
1292 1296 1.000
1292 1303 1.000
1292 1317 1.000
1292 1322 1.000
1292 1310 1.000
1292 1316 1.000
1292 1293 1.000
1293 1296 1.000
1293 1310 1.000
1293 1322 1.000
1296 1317 1.000
1296 1322 1.000
1296 1310 1.000
1296 1303 1.000
1296 1316 1.000
1303 1317 1.000
1303 1322 1.000
1303 1310 1.000
1303 1316 1.000
1304 1316 1.000
1310 1317 1.000
1310 1322 1.000
1310 1324 1.000
1310 1316 1.000
1316 1317 1.000
1316 1322 1.000
1316 1324 1.000
1317 1322 1.000
1336 1358 1.000
1336 1356 1.000
1336 1376 1.000
1336 1386 1.000
1336 1390 1.000
1336 1370 1.000
1336 1392 1.000
1336 1353 1.000
1336 1371 1.000
1336 1374 1.000
1336 1364 1.000
1336 1380 1.000
1336 1379 1.000
1336 1343 1.000
1343 1356 1.000
1343 1390 1.000
1343 1374 1.000
1343 1370 1.000
1343 1358 1.000
1343 1371 1.000
1343 1386 1.000
1343 1392 1.000
1343 1379 1.000
1351 1390 1.000
1353 1358 1.000
1353 1376 1.000
1353 1392 1.000
1353 1371 1.000
1353 1386 1.000
1353 1356 1.000
1353 1370 1.000
1353 1374 1.000
1353 1390 1.000
1353 1364 1.000
1353 1380 1.000
1356 1386 1.000
1356 1358 1.000
1356 1376 1.000
1356 1371 1.000
1356 1392 1.000
1356 1390 1.000
1356 1374 1.000
1356 1364 1.000
1356 1370 1.000
1356 1375 1.000
1358 1376 1.000
1358 1392 1.000
1358 1371 1.000
1358 1386 1.000
1358 1374 1.000
1358 1390 1.000
1358 1370 1.000
1358 1379 1.000
1358 1364 1.000
1358 1377 1.000
1358 1380 1.000
1364 1371 1.000
1364 1392 1.000
1364 1390 1.000
1364 1376 1.000
1364 1374 1.000
1364 1370 1.000
1364 1386 1.000
1364 1380 1.000
1364 1379 1.000
1364 1377 1.000
1370 1386 1.000
1370 1376 1.000
1370 1390 1.000
1370 1371 1.000
1370 1374 1.000
1370 1392 1.000
1370 1375 1.000
1370 1379 1.000
1370 1380 1.000
1371 1376 1.000
1371 1374 1.000
1371 1392 1.000
1371 1386 1.000
1371 1390 1.000
1371 1379 1.000
1371 1380 1.000
1374 1376 1.000
1374 1390 1.000
1374 1392 1.000
1374 1386 1.000
1374 1379 1.000
1374 1380 1.000
1376 1392 1.000
1376 1386 1.000
1376 1380 1.000
1376 1390 1.000
1376 1379 1.000
1377 1392 1.000
1379 1392 1.000
1379 1386 1.000
1379 1390 1.000
1379 1380 1.000
1380 1386 1.000
1380 1390 1.000
1386 1390 1.000
1386 1392 1.000
1390 1392 1.000
1395 1423 1.000
1395 1424 1.000
1395 1453 1.000
1395 1426 1.000
1395 1435 1.000
1395 1409 1.000
1395 1418 1.000
1395 1420 1.000
1395 1402 1.000
1395 1397 1.000
1395 1399 1.000
1395 1404 1.000
1395 1432 1.000
1397 1426 1.000
1397 1435 1.000
1397 1453 1.000
1397 1424 1.000
1397 1420 1.000
1397 1423 1.000
1397 1409 1.000
1397 1402 1.000
1397 1404 1.000
1397 1418 1.000
1397 1434 1.000
1397 1399 1.000
1399 1435 1.000
1399 1404 1.000
1399 1420 1.000
1399 1423 1.000
1399 1402 1.000
1399 1453 1.000
1399 1426 1.000
1399 1424 1.000
1402 1435 1.000
1402 1453 1.000
1402 1423 1.000
1402 1426 1.000
1402 1418 1.000
1402 1420 1.000
1402 1404 1.000
1402 1424 1.000
1402 1409 1.000
1404 1423 1.000
1404 1453 1.000
1404 1435 1.000
1404 1424 1.000
1404 1426 1.000
1404 1420 1.000
1404 1409 1.000
1404 1418 1.000
1404 1434 1.000
1409 1435 1.000
1409 1424 1.000
1409 1420 1.000
1409 1453 1.000
1409 1426 1.000
1409 1423 1.000
1409 1410 1.000
1409 1418 1.000
1409 1432 1.000
1410 1420 1.000
1418 1423 1.000
1418 1435 1.000
1418 1420 1.000
1418 1424 1.000
1418 1453 1.000
1418 1426 1.000
1418 1428 1.000
1420 1426 1.000
1420 1435 1.000
1420 1424 1.000
1420 1434 1.000
1420 1423 1.000
1420 1453 1.000
1420 1432 1.000
1423 1426 1.000
1423 1435 1.000
1423 1453 1.000
1423 1424 1.000
1423 1432 1.000
1424 1435 1.000
1424 1426 1.000
1424 1453 1.000
1424 1434 1.000
1426 1435 1.000
1426 1453 1.000
1426 1434 1.000
1426 1432 1.000
1432 1435 1.000
1432 1453 1.000
1434 1435 1.000
1435 1453 1.000
1455 1497 1.000
1455 1501 1.000
1455 1465 1.000
1455 1499 1.000
1455 1491 1.000
1455 1469 1.000
1455 1475 1.000
1455 1500 1.000
1455 1467 1.000
1455 1496 1.000
1455 1470 1.000
1455 1468 1.000
1463 1467 1.000
1465 1497 1.000
1465 1499 1.000
1465 1501 1.000
1465 1500 1.000
1465 1491 1.000
1465 1467 1.000
1465 1469 1.000
1465 1496 1.000
1465 1472 1.000
1465 1475 1.000
1465 1470 1.000
1465 1468 1.000
1467 1501 1.000
1467 1499 1.000
1467 1500 1.000
1467 1497 1.000
1467 1475 1.000
1467 1491 1.000
1467 1469 1.000
1467 1496 1.000
1467 1472 1.000
1467 1468 1.000
1468 1475 1.000
1469 1500 1.000
1469 1501 1.000
1469 1497 1.000
1469 1499 1.000
1469 1491 1.000
1469 1496 1.000
1469 1475 1.000
1469 1470 1.000
1470 1500 1.000
1470 1499 1.000
1470 1496 1.000
1470 1491 1.000
1470 1501 1.000
1470 1497 1.000
1470 1475 1.000
1470 1472 1.000
1472 1499 1.000
1472 1496 1.000
1472 1491 1.000
1472 1500 1.000
1472 1475 1.000
1472 1501 1.000
1472 1497 1.000
1475 1499 1.000
1475 1501 1.000
1475 1491 1.000
1475 1497 1.000
1475 1496 1.000
1475 1500 1.000
1480 1499 1.000
1491 1501 1.000
1491 1500 1.000
1491 1497 1.000
1491 1499 1.000
1491 1496 1.000
1496 1500 1.000
1496 1501 1.000
1496 1497 1.000
1496 1499 1.000
1497 1501 1.000
1497 1500 1.000
1497 1499 1.000
1499 1500 1.000
1499 1501 1.000
1500 1501 1.000
1517 1568 1.000
1517 1545 1.000
1517 1528 1.000
1517 1554 1.000
1517 1543 1.000
1517 1538 1.000
1517 1521 1.000
1517 1550 1.000
1517 1520 1.000
1517 1576 1.000
1517 1563 1.000
1517 1541 1.000
1520 1545 1.000
1520 1568 1.000
1520 1528 1.000
1520 1521 1.000
1520 1554 1.000
1520 1538 1.000
1520 1543 1.000
1520 1576 1.000
1520 1539 1.000
1520 1550 1.000
1520 1563 1.000
1520 1575 1.000
1520 1541 1.000
1521 1568 1.000
1521 1545 1.000
1521 1538 1.000
1521 1528 1.000
1521 1554 1.000
1521 1576 1.000
1521 1550 1.000
1521 1543 1.000
1521 1563 1.000
1525 1528 1.000
1525 1563 1.000
1528 1568 1.000
1528 1545 1.000
1528 1550 1.000
1528 1576 1.000
1528 1538 1.000
1528 1554 1.000
1528 1563 1.000
1528 1543 1.000
1538 1568 1.000
1538 1545 1.000
1538 1554 1.000
1538 1543 1.000
1538 1563 1.000
1538 1550 1.000
1538 1576 1.000
1539 1543 1.000
1541 1554 1.000
1541 1543 1.000
1541 1576 1.000
1541 1563 1.000
1543 1568 1.000
1543 1545 1.000
1543 1554 1.000
1543 1576 1.000
1543 1550 1.000
1543 1563 1.000
1545 1568 1.000
1545 1554 1.000
1545 1550 1.000
1545 1563 1.000
1545 1576 1.000
1548 1563 1.000
1550 1554 1.000
1550 1576 1.000
1550 1563 1.000
1550 1568 1.000
1554 1568 1.000
1554 1576 1.000
1554 1563 1.000
1563 1576 1.000
1563 1568 1.000
1568 1576 1.000
1577 1601 1.000
1577 1595 1.000
1577 1632 1.000
1577 1603 1.000
1577 1596 1.000
1577 1620 1.000
1577 1628 1.000
1577 1581 1.000
1577 1625 1.000
1577 1579 1.000
1577 1600 1.000
1577 1635 1.000
1577 1599 1.000
1577 1623 1.000
1577 1615 1.000
1579 1595 1.000
1579 1581 1.000
1579 1596 1.000
1579 1603 1.000
1579 1628 1.000
1579 1620 1.000
1579 1599 1.000
1579 1615 1.000
1579 1635 1.000
1579 1601 1.000
1579 1632 1.000
1579 1600 1.000
1579 1623 1.000
1579 1625 1.000
1581 1601 1.000
1581 1595 1.000
1581 1603 1.000
1581 1620 1.000
1581 1596 1.000
1581 1632 1.000
1581 1628 1.000
1581 1600 1.000
1581 1625 1.000
1581 1599 1.000
1581 1615 1.000
1581 1635 1.000
1581 1623 1.000
1595 1601 1.000
1595 1603 1.000
1595 1632 1.000
1595 1620 1.000
1595 1628 1.000
1595 1596 1.000
1595 1600 1.000
1595 1599 1.000
1595 1625 1.000
1595 1623 1.000
1595 1615 1.000
1596 1632 1.000
1596 1603 1.000
1596 1620 1.000
1596 1628 1.000
1596 1601 1.000
1596 1600 1.000
1596 1625 1.000
1596 1599 1.000
1596 1623 1.000
1596 1635 1.000
1596 1615 1.000
1599 1628 1.000
1599 1601 1.000
1599 1603 1.000
1599 1620 1.000
1599 1600 1.000
1599 1623 1.000
1599 1625 1.000
1599 1615 1.000
1599 1632 1.000
1600 1628 1.000
1600 1601 1.000
1600 1603 1.000
1600 1632 1.000
1600 1620 1.000
1600 1615 1.000
1600 1625 1.000
1600 1623 1.000
1601 1632 1.000
1601 1603 1.000
1601 1620 1.000
1601 1625 1.000
1601 1628 1.000
1601 1623 1.000
1601 1615 1.000
1603 1628 1.000
1603 1632 1.000
1603 1620 1.000
1603 1625 1.000
1603 1635 1.000
1603 1615 1.000
1615 1628 1.000
1615 1620 1.000
1615 1625 1.000
1615 1623 1.000
1620 1632 1.000
1620 1635 1.000
1620 1625 1.000
1620 1628 1.000
1623 1628 1.000
1625 1632 1.000
1625 1628 1.000
1625 1635 1.000
1628 1632 1.000
1632 1635 1.000
1638 1683 1.000
1640 1645 1.000
1641 1645 1.000
1645 1684 1.000
1645 1693 1.000
1645 1677 1.000
1645 1687 1.000
1645 1648 1.000
1645 1683 1.000
1645 1650 1.000
1645 1654 1.000
1645 1651 1.000
1645 1669 1.000
1645 1692 1.000
1645 1657 1.000
1645 1685 1.000
1648 1683 1.000
1648 1687 1.000
1648 1677 1.000
1648 1693 1.000
1648 1650 1.000
1648 1654 1.000
1648 1651 1.000
1648 1657 1.000
1648 1692 1.000
1648 1669 1.000
1648 1684 1.000
1648 1685 1.000
1650 1683 1.000
1650 1687 1.000
1650 1677 1.000
1650 1657 1.000
1650 1651 1.000
1650 1693 1.000
1650 1692 1.000
1650 1654 1.000
1650 1669 1.000
1650 1685 1.000
1650 1684 1.000
1650 1668 1.000
1651 1693 1.000
1651 1657 1.000
1651 1692 1.000
1651 1669 1.000
1651 1677 1.000
1651 1685 1.000
1651 1654 1.000
1651 1683 1.000
1651 1687 1.000
1651 1681 1.000
1651 1684 1.000
1654 1687 1.000
1654 1657 1.000
1654 1683 1.000
1654 1692 1.000
1654 1669 1.000
1654 1685 1.000
1654 1677 1.000
1654 1684 1.000
1654 1693 1.000
1657 1687 1.000
1657 1677 1.000
1657 1683 1.000
1657 1692 1.000
1657 1693 1.000
1657 1669 1.000
1657 1684 1.000
1657 1685 1.000
1658 1669 1.000
1669 1684 1.000
1669 1683 1.000
1669 1693 1.000
1669 1687 1.000
1669 1692 1.000
1669 1677 1.000
1669 1685 1.000
1677 1687 1.000
1677 1693 1.000
1677 1683 1.000
1677 1692 1.000
1677 1684 1.000
1683 1692 1.000
1683 1693 1.000
1683 1687 1.000
1683 1684 1.000
1684 1685 1.000
1684 1687 1.000
1684 1693 1.000
1684 1692 1.000
1685 1693 1.000
1685 1692 1.000
1687 1693 1.000
1687 1692 1.000
1692 1693 1.000
1700 1738 1.000
1700 1755 1.000
1700 1704 1.000
1700 1709 1.000
1700 1721 1.000
1700 1740 1.000
1700 1749 1.000
1700 1718 1.000
1700 1745 1.000
1700 1751 1.000
1700 1727 1.000
1700 1702 1.000
1700 1747 1.000
1702 1738 1.000
1702 1709 1.000
1702 1749 1.000
1702 1727 1.000
1702 1721 1.000
1702 1755 1.000
1702 1740 1.000
1702 1747 1.000
1702 1718 1.000
1702 1751 1.000
1702 1704 1.000
1702 1745 1.000
1702 1715 1.000
1702 1707 1.000
1704 1755 1.000
1704 1749 1.000
1704 1738 1.000
1704 1718 1.000
1704 1727 1.000
1704 1740 1.000
1704 1721 1.000
1704 1751 1.000
1704 1709 1.000
1704 1745 1.000
1709 1755 1.000
1709 1721 1.000
1709 1749 1.000
1709 1738 1.000
1709 1727 1.000
1709 1740 1.000
1709 1718 1.000
1709 1751 1.000
1709 1745 1.000
1709 1747 1.000
1718 1721 1.000
1718 1755 1.000
1718 1738 1.000
1718 1727 1.000
1718 1749 1.000
1718 1740 1.000
1718 1751 1.000
1718 1745 1.000
1718 1752 1.000
1718 1747 1.000
1721 1740 1.000
1721 1755 1.000
1721 1738 1.000
1721 1727 1.000
1721 1749 1.000
1721 1747 1.000
1721 1751 1.000
1721 1745 1.000
1727 1738 1.000
1727 1755 1.000
1727 1749 1.000
1727 1740 1.000
1727 1751 1.000
1727 1745 1.000
1727 1747 1.000
1738 1755 1.000
1738 1749 1.000
1738 1740 1.000
1738 1751 1.000
1738 1747 1.000
1738 1745 1.000
1740 1755 1.000
1740 1749 1.000
1740 1745 1.000
1740 1747 1.000
1740 1751 1.000
1745 1755 1.000
1745 1749 1.000
1745 1751 1.000
1745 1747 1.000
1747 1749 1.000
1747 1755 1.000
1747 1751 1.000
1747 1752 1.000
1749 1751 1.000
1749 1755 1.000
1751 1755 1.000
1771 1797 1.000
1771 1812 1.000
1771 1810 1.000
1771 1817 1.000
1771 1792 1.000
1771 1784 1.000
1771 1781 1.000
1771 1789 1.000
1771 1803 1.000
1771 1798 1.000
1771 1820 1.000
1771 1802 1.000
1771 1783 1.000
1780 1817 1.000
1780 1789 1.000
1781 1820 1.000
1781 1817 1.000
1781 1797 1.000
1781 1784 1.000
1781 1810 1.000
1781 1803 1.000
1781 1792 1.000
1781 1812 1.000
1781 1789 1.000
1781 1802 1.000
1781 1798 1.000
1781 1783 1.000
1783 1820 1.000
1783 1784 1.000
1783 1797 1.000
1783 1798 1.000
1783 1812 1.000
1783 1803 1.000
1783 1817 1.000
1783 1789 1.000
1783 1810 1.000
1784 1797 1.000
1784 1802 1.000
1784 1803 1.000
1784 1810 1.000
1784 1820 1.000
1784 1792 1.000
1784 1817 1.000
1784 1789 1.000
1784 1812 1.000
1784 1798 1.000
1789 1797 1.000
1789 1820 1.000
1789 1803 1.000
1789 1817 1.000
1789 1810 1.000
1789 1802 1.000
1789 1792 1.000
1789 1812 1.000
1789 1798 1.000
1792 1797 1.000
1792 1802 1.000
1792 1820 1.000
1792 1803 1.000
1792 1810 1.000
1792 1817 1.000
1792 1812 1.000
1792 1798 1.000
1797 1802 1.000
1797 1803 1.000
1797 1820 1.000
1797 1810 1.000
1797 1812 1.000
1797 1817 1.000
1797 1798 1.000
1798 1820 1.000
1798 1802 1.000
1798 1817 1.000
1798 1803 1.000
1798 1810 1.000
1798 1812 1.000
1802 1820 1.000
1802 1803 1.000
1802 1810 1.000
1802 1817 1.000
1802 1812 1.000
1803 1820 1.000
1803 1810 1.000
1803 1817 1.000
1803 1812 1.000
1810 1820 1.000
1810 1817 1.000
1810 1812 1.000
1812 1817 1.000
1812 1820 1.000
1817 1820 1.000
1822 1847 1.000
1822 1865 1.000
1822 1828 1.000
1822 1834 1.000
1822 1876 1.000
1822 1866 1.000
1822 1879 1.000
1822 1872 1.000
1822 1840 1.000
1822 1875 1.000
1822 1859 1.000
1824 1872 1.000
1824 1871 1.000
1824 1847 1.000
1828 1834 1.000
1828 1847 1.000
1828 1866 1.000
1828 1876 1.000
1828 1840 1.000
1828 1875 1.000
1828 1879 1.000
1828 1865 1.000
1828 1872 1.000
1828 1859 1.000
1828 1878 1.000
1834 1866 1.000
1834 1847 1.000
1834 1865 1.000
1834 1879 1.000
1834 1840 1.000
1834 1875 1.000
1834 1876 1.000
1834 1872 1.000
1834 1878 1.000
1834 1859 1.000
1840 1879 1.000
1840 1875 1.000
1840 1866 1.000
1840 1876 1.000
1840 1865 1.000
1840 1847 1.000
1840 1872 1.000
1840 1878 1.000
1840 1859 1.000
1840 1871 1.000
1847 1879 1.000
1847 1866 1.000
1847 1875 1.000
1847 1872 1.000
1847 1876 1.000
1847 1865 1.000
1847 1878 1.000
1847 1871 1.000
1859 1865 1.000
1859 1872 1.000
1859 1879 1.000
1859 1878 1.000
1865 1875 1.000
1865 1866 1.000
1865 1878 1.000
1865 1879 1.000
1865 1876 1.000
1865 1872 1.000
1865 1871 1.000
1866 1875 1.000
1866 1872 1.000
1866 1876 1.000
1866 1879 1.000
1866 1878 1.000
1866 1871 1.000
1871 1872 1.000
1871 1879 1.000
1872 1879 1.000
1872 1876 1.000
1872 1878 1.000
1872 1875 1.000
1875 1876 1.000
1875 1879 1.000
1875 1878 1.000
1876 1879 1.000
1876 1878 1.000
1878 1879 1.000
1887 1940 1.000
1887 1927 1.000
1887 1923 1.000
1887 1933 1.000
1887 1892 1.000
1887 1903 1.000
1887 1916 1.000
1887 1915 1.000
1887 1932 1.000
1887 1913 1.000
1890 1933 1.000
1892 1933 1.000
1892 1940 1.000
1892 1923 1.000
1892 1916 1.000
1892 1913 1.000
1892 1903 1.000
1892 1932 1.000
1892 1927 1.000
1892 1915 1.000
1892 1935 1.000
1892 1922 1.000
1899 1916 1.000
1899 1903 1.000
1903 1916 1.000
1903 1940 1.000
1903 1933 1.000
1903 1923 1.000
1903 1915 1.000
1903 1932 1.000
1903 1913 1.000
1903 1917 1.000
1903 1927 1.000
1903 1935 1.000
1903 1922 1.000
1913 1940 1.000
1913 1933 1.000
1913 1932 1.000
1913 1927 1.000
1913 1915 1.000
1913 1923 1.000
1913 1916 1.000
1913 1935 1.000
1915 1923 1.000
1915 1940 1.000
1915 1916 1.000
1915 1927 1.000
1915 1933 1.000
1915 1932 1.000
1915 1935 1.000
1916 1940 1.000
1916 1933 1.000
1916 1932 1.000
1916 1927 1.000
1916 1923 1.000
1916 1935 1.000
1916 1922 1.000
1923 1940 1.000
1923 1932 1.000
1923 1933 1.000
1923 1927 1.000
1923 1935 1.000
1927 1933 1.000
1927 1940 1.000
1927 1932 1.000
1927 1935 1.000
1932 1940 1.000
1932 1933 1.000
1932 1935 1.000
1933 1940 1.000
1933 1935 1.000
1935 1940 1.000
1944 1978 1.000
1944 1951 1.000
1944 1948 1.000
1944 1980 1.000
1944 1963 1.000
1944 1950 1.000
1944 1984 1.000
1944 1975 1.000
1944 1994 1.000
1944 2003 1.000
1944 1991 1.000
1944 1969 1.000
1944 1964 1.000
1944 2001 1.000
1944 1979 1.000
1944 1977 1.000
1944 1952 1.000
1948 1984 1.000
1948 1951 1.000
1948 1975 1.000
1948 1978 1.000
1948 1980 1.000
1948 1950 1.000
1948 1991 1.000
1948 1964 1.000
1948 1969 1.000
1948 1994 1.000
1948 2003 1.000
1948 2001 1.000
1948 1979 1.000
1948 1952 1.000
1948 1977 1.000
1950 1984 1.000
1950 1951 1.000
1950 1969 1.000
1950 1978 1.000
1950 1975 1.000
1950 1994 1.000
1950 1980 1.000
1950 1952 1.000
1950 1991 1.000
1950 2003 1.000
1950 2001 1.000
1950 1964 1.000
1950 1979 1.000
1951 1984 1.000
1951 1980 1.000
1951 1975 1.000
1951 1978 1.000
1951 2003 1.000
1951 1994 1.000
1951 1969 1.000
1951 2001 1.000
1951 1991 1.000
1951 1979 1.000
1951 1977 1.000
1951 1964 1.000
1952 1978 1.000
1952 1969 1.000
1952 1964 1.000
1952 1975 1.000
1952 1980 1.000
1952 1963 1.000
1952 1979 1.000
1952 1984 1.000
1963 1984 1.000
1963 1975 1.000
1963 2003 1.000
1963 1969 1.000
1963 1980 1.000
1963 2001 1.000
1963 1978 1.000
1963 1991 1.000
1963 1977 1.000
1964 2003 1.000
1964 1979 1.000
1964 1994 1.000
1964 1969 1.000
1964 1980 1.000
1964 1984 1.000
1964 2001 1.000
1964 1978 1.000
1964 1973 1.000
1969 1975 1.000
1969 1984 1.000
1969 2003 1.000
1969 1978 1.000
1969 1994 1.000
1969 1979 1.000
1969 1980 1.000
1969 1977 1.000
1969 1991 1.000
1973 1975 1.000
1975 1984 1.000
1975 2003 1.000
1975 1978 1.000
1975 1991 1.000
1975 1980 1.000
1975 1994 1.000
1975 2001 1.000
1975 1979 1.000
1977 1980 1.000
1977 1984 1.000
1977 1991 1.000
1978 1984 1.000
1978 1980 1.000
1978 2003 1.000
1978 1994 1.000
1978 2001 1.000
1978 1991 1.000
1978 1979 1.000
1979 1980 1.000
1979 1994 1.000
1979 1984 1.000
1979 2001 1.000
1980 1984 1.000
1980 1994 1.000
1980 1991 1.000
1980 2003 1.000
1980 2001 1.000
1984 2003 1.000
1984 1994 1.000
1984 1991 1.000
1984 2001 1.000
1991 2001 1.000
1991 1994 1.000
1994 2003 1.000
1994 2001 1.000
2001 2003 1.000
2007 2030 1.000
2007 2022 1.000
2007 2053 1.000
2007 2050 1.000
2007 2061 1.000
2007 2063 1.000
2007 2024 1.000
2007 2012 1.000
2007 2017 1.000
2007 2047 1.000
2007 2058 1.000
2007 2043 1.000
2012 2058 1.000
2012 2030 1.000
2012 2061 1.000
2012 2043 1.000
2012 2047 1.000
2012 2055 1.000
2012 2022 1.000
2012 2020 1.000
2012 2053 1.000
2012 2050 1.000
2012 2024 1.000
2012 2063 1.000
2012 2039 1.000
2017 2058 1.000
2017 2053 1.000
2017 2047 1.000
2017 2030 1.000
2020 2061 1.000
2020 2030 1.000
2020 2043 1.000
2020 2055 1.000
2020 2053 1.000
2020 2047 1.000
2020 2058 1.000
2020 2022 1.000
2020 2050 1.000
2020 2063 1.000
2020 2024 1.000
2022 2061 1.000
2022 2053 1.000
2022 2058 1.000
2022 2030 1.000
2022 2055 1.000
2022 2043 1.000
2022 2047 1.000
2022 2050 1.000
2022 2063 1.000
2022 2039 1.000
2022 2024 1.000
2022 2025 1.000
2024 2058 1.000
2024 2043 1.000
2024 2053 1.000
2024 2063 1.000
2024 2055 1.000
2024 2061 1.000
2024 2030 1.000
2025 2063 1.000
2030 2043 1.000
2030 2061 1.000
2030 2053 1.000
2030 2055 1.000
2030 2047 1.000
2030 2058 1.000
2030 2050 1.000
2030 2063 1.000
2043 2053 1.000
2043 2061 1.000
2043 2058 1.000
2043 2055 1.000
2043 2047 1.000
2043 2050 1.000
2043 2063 1.000
2047 2058 1.000
2047 2061 1.000
2047 2053 1.000
2047 2055 1.000
2047 2050 1.000
2047 2063 1.000
2050 2061 1.000
2050 2058 1.000
2050 2053 1.000
2050 2055 1.000
2050 2063 1.000
2053 2061 1.000
2053 2058 1.000
2053 2055 1.000
2053 2063 1.000
2055 2061 1.000
2055 2058 1.000
2055 2063 1.000
2058 2061 1.000
2058 2063 1.000
2061 2063 1.000
2067 2118 1.000
2067 2076 1.000
2067 2101 1.000
2067 2103 1.000
2067 2082 1.000
2067 2093 1.000
2067 2079 1.000
2067 2096 1.000
2067 2094 1.000
2067 2074 1.000
2067 2123 1.000
2067 2105 1.000
2067 2120 1.000
2074 2103 1.000
2074 2082 1.000
2074 2105 1.000
2074 2093 1.000
2074 2094 1.000
2074 2118 1.000
2074 2096 1.000
2074 2108 1.000
2074 2101 1.000
2074 2079 1.000
2074 2076 1.000
2074 2120 1.000
2074 2123 1.000
2074 2122 1.000
2076 2118 1.000
2076 2103 1.000
2076 2093 1.000
2076 2101 1.000
2076 2096 1.000
2076 2094 1.000
2076 2082 1.000
2076 2079 1.000
2076 2120 1.000
2076 2123 1.000
2079 2103 1.000
2079 2094 1.000
2079 2082 1.000
2079 2118 1.000
2079 2101 1.000
2079 2096 1.000
2079 2093 1.000
2079 2123 1.000
2079 2120 1.000
2079 2108 1.000
2082 2103 1.000
2082 2118 1.000
2082 2096 1.000
2082 2094 1.000
2082 2093 1.000
2082 2101 1.000
2082 2105 1.000
2082 2123 1.000
2082 2120 1.000
2086 2093 1.000
2093 2118 1.000
2093 2103 1.000
2093 2096 1.000
2093 2101 1.000
2093 2094 1.000
2093 2105 1.000
2093 2120 1.000
2093 2107 1.000
2093 2123 1.000
2094 2096 1.000
2094 2118 1.000
2094 2103 1.000
2094 2101 1.000
2094 2122 1.000
2094 2123 1.000
2094 2120 1.000
2094 2105 1.000
2094 2108 1.000
2096 2103 1.000
2096 2118 1.000
2096 2101 1.000
2096 2105 1.000
2096 2120 1.000
2101 2103 1.000
2101 2118 1.000
2101 2123 1.000
2101 2105 1.000
2101 2120 1.000
2103 2118 1.000
2103 2120 1.000
2103 2123 1.000
2103 2105 1.000
2118 2120 1.000
2118 2123 1.000
2120 2123 1.000
2126 2129 1.000
2126 2136 1.000
2126 2145 1.000
2126 2180 1.000
2126 2146 1.000
2126 2177 1.000
2126 2134 1.000
2126 2181 1.000
2126 2162 1.000
2126 2149 1.000
2126 2152 1.000
2129 2146 1.000
2129 2145 1.000
2129 2177 1.000
2129 2181 1.000
2129 2136 1.000
2129 2180 1.000
2129 2162 1.000
2129 2134 1.000
2129 2149 1.000
2129 2152 1.000
2129 2156 1.000
2129 2132 1.000
2132 2181 1.000
2132 2136 1.000
2132 2149 1.000
2132 2142 1.000
2132 2180 1.000
2134 2146 1.000
2134 2145 1.000
2134 2177 1.000
2134 2136 1.000
2134 2162 1.000
2134 2181 1.000
2134 2180 1.000
2134 2149 1.000
2134 2152 1.000
2134 2156 1.000
2136 2145 1.000
2136 2177 1.000
2136 2146 1.000
2136 2180 1.000
2136 2162 1.000
2136 2181 1.000
2136 2149 1.000
2136 2156 1.000
2136 2152 1.000
2145 2146 1.000
2145 2181 1.000
2145 2180 1.000
2145 2177 1.000
2145 2149 1.000
2145 2162 1.000
2145 2152 1.000
2146 2162 1.000
2146 2180 1.000
2146 2181 1.000
2146 2177 1.000
2146 2149 1.000
2146 2152 1.000
2149 2162 1.000
2149 2181 1.000
2149 2177 1.000
2149 2180 1.000
2149 2152 1.000
2149 2156 1.000
2152 2180 1.000
2152 2162 1.000
2152 2181 1.000
2152 2177 1.000
2152 2156 1.000
2156 2162 1.000
2156 2181 1.000
2162 2180 1.000
2162 2177 1.000
2162 2181 1.000
2177 2181 1.000
2177 2180 1.000
2180 2181 1.000
2191 2208 1.000
2191 2245 1.000
2191 2235 1.000
2191 2206 1.000
2191 2201 1.000
2191 2222 1.000
2191 2202 1.000
2191 2193 1.000
2191 2209 1.000
2191 2234 1.000
2191 2204 1.000
2191 2205 1.000
2191 2233 1.000
2191 2247 1.000
2191 2225 1.000
2191 2244 1.000
2193 2234 1.000
2193 2204 1.000
2193 2233 1.000
2193 2209 1.000
2193 2208 1.000
2193 2202 1.000
2193 2205 1.000
2193 2206 1.000
2193 2247 1.000
2193 2245 1.000
2193 2225 1.000
2193 2222 1.000
2193 2235 1.000
2193 2201 1.000
2201 2245 1.000
2201 2206 1.000
2201 2235 1.000
2201 2208 1.000
2201 2234 1.000
2201 2222 1.000
2201 2209 1.000
2201 2204 1.000
2201 2233 1.000
2201 2205 1.000
2201 2202 1.000
2201 2244 1.000
2201 2225 1.000
2201 2247 1.000
2202 2235 1.000
2202 2233 1.000
2202 2209 1.000
2202 2205 1.000
2202 2234 1.000
2202 2208 1.000
2202 2204 1.000
2202 2244 1.000
2202 2222 1.000
2202 2245 1.000
2202 2206 1.000
2204 2235 1.000
2204 2208 1.000
2204 2245 1.000
2204 2234 1.000
2204 2225 1.000
2204 2222 1.000
2204 2209 1.000
2204 2205 1.000
2204 2233 1.000
2204 2206 1.000
2204 2247 1.000
2204 2244 1.000
2205 2235 1.000
2205 2208 1.000
2205 2245 1.000
2205 2209 1.000
2205 2233 1.000
2205 2225 1.000
2205 2222 1.000
2205 2234 1.000
2205 2206 1.000
2205 2244 1.000
2205 2247 1.000
2206 2245 1.000
2206 2208 1.000
2206 2235 1.000
2206 2234 1.000
2206 2209 1.000
2206 2222 1.000
2206 2233 1.000
2208 2245 1.000
2208 2222 1.000
2208 2225 1.000
2208 2235 1.000
2208 2209 1.000
2208 2233 1.000
2208 2234 1.000
2208 2244 1.000
2208 2247 1.000
2209 2235 1.000
2209 2245 1.000
2209 2222 1.000
2209 2233 1.000
2209 2225 1.000
2209 2234 1.000
2209 2244 1.000
2222 2234 1.000
2222 2245 1.000
2222 2235 1.000
2222 2233 1.000
2222 2244 1.000
2225 2234 1.000
2225 2235 1.000
2225 2245 1.000
2225 2247 1.000
2233 2245 1.000
2233 2234 1.000
2233 2235 1.000
2233 2244 1.000
2234 2245 1.000
2234 2235 1.000
2235 2245 1.000
2235 2244 1.000
2244 2245 1.000
2249 2275 1.000
2249 2287 1.000
2249 2290 1.000
2249 2261 1.000
2249 2253 1.000
2249 2292 1.000
2249 2254 1.000
2249 2299 1.000
2249 2273 1.000
2249 2307 1.000
2249 2283 1.000
2249 2286 1.000
2249 2282 1.000
2253 2254 1.000
2253 2287 1.000
2253 2261 1.000
2253 2292 1.000
2253 2275 1.000
2253 2273 1.000
2253 2299 1.000
2253 2290 1.000
2253 2283 1.000
2253 2301 1.000
2253 2307 1.000
2253 2282 1.000
2253 2295 1.000
2254 2261 1.000
2254 2275 1.000
2254 2287 1.000
2254 2292 1.000
2254 2273 1.000
2254 2299 1.000
2254 2307 1.000
2254 2290 1.000
2254 2295 1.000
2254 2282 1.000
2254 2283 1.000
2261 2275 1.000
2261 2273 1.000
2261 2287 1.000
2261 2299 1.000
2261 2292 1.000
2261 2290 1.000
2261 2283 1.000
2261 2307 1.000
2273 2287 1.000
2273 2275 1.000
2273 2292 1.000
2273 2299 1.000
2273 2283 1.000
2273 2290 1.000
2273 2307 1.000
2273 2295 1.000
2273 2282 1.000
2275 2287 1.000
2275 2292 1.000
2275 2290 1.000
2275 2299 1.000
2275 2283 1.000
2275 2307 1.000
2282 2295 1.000
2282 2283 1.000
2282 2287 1.000
2283 2287 1.000
2283 2292 1.000
2283 2299 1.000
2283 2290 1.000
2283 2307 1.000
2283 2295 1.000
2287 2292 1.000
2287 2299 1.000
2287 2290 1.000
2287 2295 1.000
2287 2307 1.000
2287 2301 1.000
2290 2292 1.000
2290 2299 1.000
2290 2307 1.000
2290 2295 1.000
2292 2299 1.000
2292 2295 1.000
2292 2307 1.000
2295 2299 1.000
2299 2307 1.000
2311 2358 1.000
2311 2341 1.000
2311 2313 1.000
2311 2353 1.000
2311 2336 1.000
2311 2356 1.000
2311 2312 1.000
2311 2345 1.000
2311 2323 1.000
2311 2361 1.000
2311 2349 1.000
2311 2329 1.000
2311 2314 1.000
2312 2341 1.000
2312 2313 1.000
2312 2336 1.000
2312 2353 1.000
2312 2345 1.000
2312 2358 1.000
2312 2323 1.000
2312 2356 1.000
2312 2361 1.000
2312 2349 1.000
2312 2334 1.000
2312 2314 1.000
2313 2341 1.000
2313 2353 1.000
2313 2336 1.000
2313 2358 1.000
2313 2356 1.000
2313 2323 1.000
2313 2349 1.000
2313 2345 1.000
2313 2334 1.000
2313 2314 1.000
2313 2361 1.000
2313 2352 1.000
2314 2345 1.000
2314 2323 1.000
2314 2356 1.000
2314 2353 1.000
2314 2336 1.000
2314 2341 1.000
2314 2349 1.000
2314 2358 1.000
2314 2361 1.000
2314 2334 1.000
2318 2353 1.000
2318 2345 1.000
2323 2336 1.000
2323 2353 1.000
2323 2345 1.000
2323 2358 1.000
2323 2356 1.000
2323 2349 1.000
2323 2341 1.000
2323 2334 1.000
2323 2361 1.000
2334 2336 1.000
2334 2345 1.000
2334 2341 1.000
2334 2358 1.000
2334 2361 1.000
2334 2349 1.000
2336 2341 1.000
2336 2356 1.000
2336 2353 1.000
2336 2345 1.000
2336 2358 1.000
2336 2349 1.000
2336 2361 1.000
2336 2352 1.000
2341 2358 1.000
2341 2353 1.000
2341 2345 1.000
2341 2356 1.000
2341 2349 1.000
2341 2361 1.000
2345 2358 1.000
2345 2349 1.000
2345 2353 1.000
2345 2356 1.000
2345 2361 1.000
2349 2356 1.000
2349 2353 1.000
2349 2358 1.000
2353 2356 1.000
2353 2361 1.000
2353 2358 1.000
2356 2358 1.000
2356 2361 1.000
2358 2361 1.000
2370 2376 1.000
2370 2426 1.000
2370 2403 1.000
2370 2391 1.000
2370 2424 1.000
2370 2377 1.000
2370 2407 1.000
2370 2405 1.000
2370 2399 1.000
2370 2402 1.000
2370 2411 1.000
2370 2404 1.000
2370 2425 1.000
2370 2412 1.000
2370 2406 1.000
2376 2403 1.000
2376 2391 1.000
2376 2426 1.000
2376 2424 1.000
2376 2399 1.000
2376 2407 1.000
2376 2377 1.000
2376 2405 1.000
2376 2411 1.000
2376 2425 1.000
2376 2412 1.000
2376 2402 1.000
2376 2404 1.000
2377 2426 1.000
2377 2391 1.000
2377 2403 1.000
2377 2405 1.000
2377 2407 1.000
2377 2411 1.000
2377 2399 1.000
2377 2425 1.000
2377 2424 1.000
2377 2402 1.000
2377 2412 1.000
2377 2404 1.000
2381 2424 1.000
2391 2403 1.000
2391 2405 1.000
2391 2426 1.000
2391 2399 1.000
2391 2407 1.000
2391 2424 1.000
2391 2411 1.000
2391 2402 1.000
2391 2412 1.000
2391 2425 1.000
2397 2399 1.000
2399 2407 1.000
2399 2424 1.000
2399 2403 1.000
2399 2426 1.000
2399 2405 1.000
2399 2402 1.000
2399 2411 1.000
2399 2412 1.000
2399 2404 1.000
2399 2425 1.000
2399 2406 1.000
2402 2405 1.000
2402 2411 1.000
2402 2404 1.000
2402 2424 1.000
2402 2407 1.000
2402 2426 1.000
2402 2403 1.000
2402 2425 1.000
2402 2412 1.000
2403 2426 1.000
2403 2424 1.000
2403 2405 1.000
2403 2411 1.000
2403 2407 1.000
2403 2406 1.000
2403 2412 1.000
2403 2425 1.000
2403 2404 1.000
2404 2407 1.000
2404 2405 1.000
2404 2412 1.000
2404 2424 1.000
2404 2426 1.000
2404 2411 1.000
2404 2425 1.000
2405 2426 1.000
2405 2424 1.000
2405 2407 1.000
2405 2411 1.000
2405 2425 1.000
2405 2412 1.000
2405 2406 1.000
2407 2426 1.000
2407 2424 1.000
2407 2411 1.000
2407 2412 1.000
2407 2425 1.000
2411 2426 1.000
2411 2424 1.000
2411 2412 1.000
2412 2424 1.000
2412 2426 1.000
2412 2419 1.000
2424 2426 1.000
2424 2425 1.000
2425 2426 1.000
2431 2448 1.000
2431 2479 1.000
2431 2438 1.000
2431 2475 1.000
2431 2433 1.000
2431 2452 1.000
2431 2468 1.000
2431 2485 1.000
2431 2461 1.000
2431 2453 1.000
2431 2481 1.000
2431 2489 1.000
2431 2486 1.000
2431 2435 1.000
2431 2470 1.000
2433 2448 1.000
2433 2485 1.000
2433 2475 1.000
2433 2438 1.000
2433 2481 1.000
2433 2479 1.000
2433 2470 1.000
2433 2461 1.000
2433 2452 1.000
2433 2468 1.000
2433 2454 1.000
2433 2453 1.000
2433 2486 1.000
2433 2489 1.000
2433 2435 1.000
2435 2448 1.000
2435 2479 1.000
2435 2461 1.000
2435 2475 1.000
2435 2485 1.000
2435 2438 1.000
2438 2448 1.000
2438 2479 1.000
2438 2468 1.000
2438 2461 1.000
2438 2453 1.000
2438 2475 1.000
2438 2481 1.000
2438 2470 1.000
2438 2452 1.000
2438 2489 1.000
2438 2485 1.000
2438 2486 1.000
2448 2461 1.000
2448 2479 1.000
2448 2475 1.000
2448 2452 1.000
2448 2470 1.000
2448 2481 1.000
2448 2485 1.000
2448 2453 1.000
2448 2468 1.000
2448 2486 1.000
2448 2489 1.000
2451 2452 1.000
2451 2486 1.000
2451 2473 1.000
2452 2475 1.000
2452 2468 1.000
2452 2479 1.000
2452 2481 1.000
2452 2485 1.000
2452 2461 1.000
2452 2486 1.000
2452 2453 1.000
2452 2470 1.000
2452 2489 1.000
2453 2461 1.000
2453 2479 1.000
2453 2481 1.000
2453 2489 1.000
2453 2485 1.000
2453 2468 1.000
2453 2475 1.000
2453 2470 1.000
2453 2486 1.000
2461 2470 1.000
2461 2485 1.000
2461 2479 1.000
2461 2481 1.000
2461 2468 1.000
2461 2475 1.000
2461 2489 1.000
2461 2486 1.000
2468 2481 1.000
2468 2486 1.000
2468 2479 1.000
2468 2470 1.000
2468 2489 1.000
2468 2475 1.000
2468 2485 1.000
2470 2475 1.000
2470 2479 1.000
2470 2485 1.000
2470 2481 1.000
2470 2489 1.000
2470 2486 1.000
2475 2479 1.000
2475 2485 1.000
2475 2481 1.000
2475 2489 1.000
2475 2486 1.000
2479 2489 1.000
2479 2481 1.000
2479 2485 1.000
2479 2486 1.000
2481 2489 1.000
2481 2486 1.000
2485 2489 1.000
2485 2486 1.000
2495 2537 1.000
2495 2506 1.000
2495 2512 1.000
2495 2529 1.000
2495 2503 1.000
2495 2517 1.000
2495 2546 1.000
2495 2500 1.000
2495 2520 1.000
2495 2510 1.000
2495 2524 1.000
2495 2516 1.000
2495 2541 1.000
2495 2505 1.000
2495 2548 1.000
2500 2503 1.000
2500 2537 1.000
2500 2529 1.000
2500 2506 1.000
2500 2517 1.000
2500 2512 1.000
2500 2546 1.000
2500 2520 1.000
2500 2510 1.000
2500 2527 1.000
2500 2524 1.000
2500 2505 1.000
2500 2541 1.000
2500 2548 1.000
2503 2537 1.000
2503 2517 1.000
2503 2510 1.000
2503 2506 1.000
2503 2512 1.000
2503 2529 1.000
2503 2548 1.000
2503 2546 1.000
2503 2520 1.000
2503 2541 1.000
2503 2539 1.000
2503 2505 1.000
2503 2524 1.000
2503 2527 1.000
2503 2516 1.000
2505 2517 1.000
2505 2524 1.000
2505 2520 1.000
2505 2506 1.000
2505 2512 1.000
2505 2529 1.000
2505 2527 1.000
2505 2541 1.000
2505 2537 1.000
2506 2537 1.000
2506 2529 1.000
2506 2517 1.000
2506 2520 1.000
2506 2546 1.000
2506 2510 1.000
2506 2512 1.000
2506 2524 1.000
2506 2548 1.000
2506 2541 1.000
2506 2527 1.000
2510 2537 1.000
2510 2517 1.000
2510 2520 1.000
2510 2512 1.000
2510 2524 1.000
2510 2546 1.000
2510 2541 1.000
2510 2548 1.000
2510 2529 1.000
2510 2527 1.000
2512 2520 1.000
2512 2537 1.000
2512 2517 1.000
2512 2546 1.000
2512 2529 1.000
2512 2514 1.000
2512 2524 1.000
2512 2548 1.000
2512 2541 1.000
2512 2516 1.000
2512 2527 1.000
2516 2524 1.000
2516 2541 1.000
2516 2548 1.000
2517 2537 1.000
2517 2524 1.000
2517 2520 1.000
2517 2527 1.000
2517 2529 1.000
2517 2546 1.000
2517 2541 1.000
2517 2548 1.000
2520 2537 1.000
2520 2529 1.000
2520 2527 1.000
2520 2541 1.000
2520 2546 1.000
2520 2524 1.000
2520 2548 1.000
2524 2537 1.000
2524 2548 1.000
2524 2541 1.000
2524 2529 1.000
2524 2546 1.000
2524 2539 1.000
2527 2541 1.000
2527 2548 1.000
2527 2529 1.000
2529 2537 1.000
2529 2546 1.000
2529 2541 1.000
2529 2548 1.000
2537 2546 1.000
2537 2541 1.000
2537 2548 1.000
2541 2546 1.000
2541 2548 1.000
2546 2548 1.000
2554 2594 1.000
2554 2568 1.000
2554 2595 1.000
2554 2580 1.000
2554 2573 1.000
2554 2585 1.000
2554 2563 1.000
2554 2611 1.000
2554 2583 1.000
2554 2597 1.000
2554 2605 1.000
2554 2604 1.000
2554 2567 1.000
2554 2613 1.000
2557 2594 1.000
2557 2597 1.000
2557 2580 1.000
2563 2585 1.000
2563 2595 1.000
2563 2594 1.000
2563 2609 1.000
2563 2605 1.000
2563 2568 1.000
2563 2597 1.000
2563 2569 1.000
2563 2567 1.000
2563 2573 1.000
2563 2613 1.000
2563 2580 1.000
2563 2611 1.000
2563 2604 1.000
2567 2605 1.000
2567 2595 1.000
2567 2594 1.000
2567 2585 1.000
2567 2569 1.000
2567 2568 1.000
2567 2573 1.000
2567 2613 1.000
2567 2580 1.000
2567 2597 1.000
2567 2611 1.000
2567 2604 1.000
2568 2594 1.000
2568 2595 1.000
2568 2605 1.000
2568 2585 1.000
2568 2569 1.000
2568 2580 1.000
2568 2613 1.000
2568 2604 1.000
2568 2611 1.000
2568 2597 1.000
2568 2573 1.000
2569 2594 1.000
2569 2585 1.000
2569 2595 1.000
2569 2580 1.000
2569 2605 1.000
2569 2613 1.000
2569 2611 1.000
2569 2573 1.000
2569 2604 1.000
2569 2583 1.000
2573 2594 1.000
2573 2585 1.000
2573 2605 1.000
2573 2595 1.000
2573 2580 1.000
2573 2611 1.000
2573 2583 1.000
2573 2613 1.000
2573 2597 1.000
2573 2604 1.000
2580 2585 1.000
2580 2594 1.000
2580 2595 1.000
2580 2605 1.000
2580 2597 1.000
2580 2613 1.000
2580 2611 1.000
2580 2604 1.000
2583 2595 1.000
2583 2611 1.000
2585 2595 1.000
2585 2594 1.000
2585 2605 1.000
2585 2613 1.000
2585 2597 1.000
2585 2611 1.000
2585 2604 1.000
2594 2605 1.000
2594 2595 1.000
2594 2597 1.000
2594 2611 1.000
2594 2613 1.000
2594 2604 1.000
2595 2597 1.000
2595 2605 1.000
2595 2613 1.000
2595 2604 1.000
2595 2611 1.000
2597 2605 1.000
2597 2613 1.000
2597 2604 1.000
2597 2611 1.000
2604 2605 1.000
2604 2611 1.000
2605 2613 1.000
2605 2611 1.000
2611 2613 1.000
2616 2633 1.000
2616 2648 1.000
2616 2640 1.000
2617 2633 1.000
2617 2671 1.000
2617 2648 1.000
2617 2668 1.000
2617 2640 1.000
2617 2628 1.000
2617 2645 1.000
2617 2661 1.000
2617 2641 1.000
2617 2651 1.000
2617 2642 1.000
2617 2658 1.000
2617 2673 1.000
2628 2648 1.000
2628 2633 1.000
2628 2671 1.000
2628 2640 1.000
2628 2645 1.000
2628 2651 1.000
2628 2658 1.000
2628 2642 1.000
2628 2641 1.000
2628 2661 1.000
2628 2668 1.000
2628 2656 1.000
2628 2657 1.000
2628 2673 1.000
2628 2654 1.000
2633 2671 1.000
2633 2641 1.000
2633 2640 1.000
2633 2642 1.000
2633 2645 1.000
2633 2648 1.000
2633 2651 1.000
2633 2668 1.000
2633 2673 1.000
2633 2664 1.000
2633 2656 1.000
2633 2661 1.000
2633 2654 1.000
2633 2658 1.000
2640 2648 1.000
2640 2671 1.000
2640 2645 1.000
2640 2642 1.000
2640 2661 1.000
2640 2641 1.000
2640 2673 1.000
2640 2668 1.000
2640 2651 1.000
2640 2656 1.000
2640 2658 1.000
2640 2654 1.000
2640 2660 1.000
2641 2668 1.000
2641 2671 1.000
2641 2645 1.000
2641 2661 1.000
2641 2651 1.000
2641 2648 1.000
2641 2673 1.000
2641 2642 1.000
2641 2656 1.000
2641 2658 1.000
2642 2648 1.000
2642 2645 1.000
2642 2668 1.000
2642 2671 1.000
2642 2651 1.000
2642 2673 1.000
2642 2658 1.000
2642 2656 1.000
2643 2648 1.000
2643 2673 1.000
2643 2668 1.000
2645 2671 1.000
2645 2648 1.000
2645 2651 1.000
2645 2668 1.000
2645 2661 1.000
2645 2656 1.000
2645 2673 1.000
2645 2658 1.000
2648 2671 1.000
2648 2668 1.000
2648 2673 1.000
2648 2651 1.000
2648 2664 1.000
2648 2658 1.000
2648 2661 1.000
2648 2656 1.000
2648 2660 1.000
2651 2671 1.000
2651 2668 1.000
2651 2661 1.000
2651 2656 1.000
2651 2673 1.000
2651 2654 1.000
2651 2658 1.000
2654 2668 1.000
2656 2671 1.000
2656 2673 1.000
2656 2668 1.000
2657 2671 1.000
2658 2671 1.000
2658 2668 1.000
2660 2664 1.000
2661 2671 1.000
2661 2668 1.000
2661 2673 1.000
2664 2671 1.000
2668 2671 1.000
2668 2673 1.000
2671 2673 1.000
2677 2728 1.000
2677 2678 1.000
2677 2719 1.000
2677 2688 1.000
2677 2735 1.000
2677 2725 1.000
2677 2727 1.000
2677 2721 1.000
2677 2707 1.000
2677 2695 1.000
2677 2694 1.000
2677 2683 1.000
2677 2689 1.000
2678 2719 1.000
2678 2728 1.000
2678 2725 1.000
2678 2735 1.000
2678 2688 1.000
2678 2695 1.000
2678 2727 1.000
2678 2707 1.000
2678 2721 1.000
2678 2683 1.000
2678 2689 1.000
2678 2694 1.000
2678 2685 1.000
2680 2719 1.000
2680 2725 1.000
2680 2683 1.000
2683 2719 1.000
2683 2735 1.000
2683 2688 1.000
2683 2727 1.000
2683 2707 1.000
2683 2689 1.000
2683 2694 1.000
2683 2725 1.000
2683 2728 1.000
2683 2695 1.000
2683 2721 1.000
2683 2685 1.000
2685 2735 1.000
2685 2719 1.000
2685 2689 1.000
2688 2725 1.000
2688 2735 1.000
2688 2707 1.000
2688 2719 1.000
2688 2727 1.000
2688 2728 1.000
2688 2721 1.000
2688 2689 1.000
2688 2695 1.000
2688 2694 1.000
2689 2707 1.000
2689 2719 1.000
2689 2728 1.000
2689 2694 1.000
2689 2721 1.000
2689 2695 1.000
2689 2727 1.000
2689 2725 1.000
2689 2735 1.000
2694 2719 1.000
2694 2707 1.000
2694 2727 1.000
2694 2721 1.000
2694 2695 1.000
2694 2728 1.000
2694 2735 1.000
2694 2725 1.000
2695 2728 1.000
2695 2707 1.000
2695 2719 1.000
2695 2721 1.000
2695 2735 1.000
2695 2727 1.000
2695 2725 1.000
2707 2735 1.000
2707 2728 1.000
2707 2721 1.000
2707 2727 1.000
2707 2719 1.000
2707 2725 1.000
2719 2728 1.000
2719 2725 1.000
2719 2735 1.000
2719 2727 1.000
2719 2721 1.000
2721 2728 1.000
2721 2725 1.000
2721 2735 1.000
2721 2727 1.000
2725 2728 1.000
2725 2735 1.000
2725 2727 1.000
2727 2735 1.000
2727 2728 1.000
2728 2735 1.000
2739 2757 1.000
2748 2766 1.000
2748 2776 1.000
2748 2757 1.000
2748 2773 1.000
2748 2774 1.000
2748 2758 1.000
2748 2795 1.000
2748 2783 1.000
2748 2779 1.000
2748 2792 1.000
2748 2786 1.000
2748 2753 1.000
2748 2778 1.000
2748 2752 1.000
2748 2770 1.000
2748 2788 1.000
2752 2776 1.000
2752 2773 1.000
2752 2792 1.000
2752 2788 1.000
2753 2776 1.000
2753 2757 1.000
2753 2783 1.000
2753 2779 1.000
2753 2774 1.000
2753 2758 1.000
2753 2773 1.000
2753 2795 1.000
2753 2792 1.000
2753 2766 1.000
2753 2786 1.000
2753 2788 1.000
2757 2773 1.000
2757 2776 1.000
2757 2766 1.000
2757 2795 1.000
2757 2758 1.000
2757 2774 1.000
2757 2783 1.000
2757 2779 1.000
2757 2778 1.000
2757 2792 1.000
2757 2788 1.000
2757 2786 1.000
2758 2773 1.000
2758 2776 1.000
2758 2766 1.000
2758 2783 1.000
2758 2795 1.000
2758 2774 1.000
2758 2779 1.000
2758 2788 1.000
2758 2786 1.000
2758 2778 1.000
2758 2792 1.000
2758 2770 1.000
2761 2792 1.000
2761 2783 1.000
2766 2773 1.000
2766 2776 1.000
2766 2783 1.000
2766 2774 1.000
2766 2795 1.000
2766 2778 1.000
2766 2786 1.000
2766 2779 1.000
2766 2792 1.000
2766 2788 1.000
2768 2786 1.000
2770 2786 1.000
2773 2776 1.000
2773 2774 1.000
2773 2783 1.000
2773 2795 1.000
2773 2779 1.000
2773 2778 1.000
2773 2788 1.000
2773 2796 1.000
2773 2786 1.000
2774 2776 1.000
2774 2795 1.000
2774 2783 1.000
2774 2779 1.000
2774 2792 1.000
2774 2778 1.000
2774 2788 1.000
2774 2786 1.000
2776 2794 1.000
2776 2795 1.000
2776 2779 1.000
2776 2783 1.000
2776 2788 1.000
2776 2792 1.000
2776 2786 1.000
2776 2778 1.000
2778 2783 1.000
2778 2795 1.000
2778 2792 1.000
2778 2786 1.000
2779 2795 1.000
2779 2783 1.000
2779 2792 1.000
2783 2795 1.000
2783 2786 1.000
2783 2792 1.000
2783 2788 1.000
2786 2795 1.000
2786 2788 1.000
2788 2792 1.000
2788 2795 1.000
2792 2795 1.000
2801 2814 1.000
2801 2856 1.000
2801 2818 1.000
2801 2806 1.000
2801 2846 1.000
2801 2850 1.000
2801 2835 1.000
2801 2803 1.000
2801 2853 1.000
2801 2804 1.000
2801 2855 1.000
2801 2820 1.000
2803 2814 1.000
2803 2856 1.000
2803 2835 1.000
2803 2853 1.000
2803 2818 1.000
2803 2846 1.000
2803 2850 1.000
2803 2806 1.000
2803 2804 1.000
2803 2855 1.000
2803 2821 1.000
2804 2806 1.000
2804 2835 1.000
2804 2850 1.000
2804 2853 1.000
2804 2856 1.000
2804 2814 1.000
2804 2818 1.000
2804 2846 1.000
2804 2855 1.000
2806 2856 1.000
2806 2835 1.000
2806 2853 1.000
2806 2814 1.000
2806 2818 1.000
2806 2850 1.000
2806 2846 1.000
2806 2857 1.000
2806 2854 1.000
2806 2855 1.000
2806 2820 1.000
2806 2821 1.000
2814 2856 1.000
2814 2818 1.000
2814 2835 1.000
2814 2846 1.000
2814 2853 1.000
2814 2850 1.000
2814 2855 1.000
2814 2820 1.000
2816 2846 1.000
2818 2835 1.000
2818 2856 1.000
2818 2853 1.000
2818 2850 1.000
2818 2846 1.000
2818 2857 1.000
2818 2855 1.000
2818 2854 1.000
2818 2820 1.000
2820 2846 1.000
2820 2850 1.000
2820 2855 1.000
2820 2835 1.000
2820 2821 1.000
2821 2846 1.000
2821 2856 1.000
2835 2846 1.000
2835 2853 1.000
2835 2856 1.000
2835 2850 1.000
2835 2855 1.000
2846 2856 1.000
2846 2853 1.000
2846 2850 1.000
2846 2855 1.000
2850 2856 1.000
2850 2853 1.000
2850 2855 1.000
2850 2854 1.000
2853 2856 1.000
2853 2855 1.000
2855 2856 1.000
2864 2914 1.000
2864 2880 1.000
2864 2881 1.000
2864 2907 1.000
2864 2902 1.000
2864 2882 1.000
2864 2910 1.000
2864 2875 1.000
2864 2873 1.000
2864 2912 1.000
2864 2895 1.000
2864 2903 1.000
2864 2896 1.000
2873 2881 1.000
2873 2910 1.000
2873 2907 1.000
2873 2914 1.000
2873 2912 1.000
2873 2902 1.000
2873 2875 1.000
2873 2882 1.000
2873 2880 1.000
2873 2895 1.000
2873 2896 1.000
2873 2903 1.000
2875 2914 1.000
2875 2881 1.000
2875 2882 1.000
2875 2910 1.000
2875 2880 1.000
2875 2907 1.000
2875 2903 1.000
2875 2912 1.000
2875 2902 1.000
2875 2895 1.000
2875 2887 1.000
2875 2896 1.000
2878 2902 1.000
2878 2914 1.000
2880 2914 1.000
2880 2881 1.000
2880 2910 1.000
2880 2882 1.000
2880 2912 1.000
2880 2902 1.000
2880 2907 1.000
2880 2895 1.000
2880 2892 1.000
2880 2903 1.000
2880 2887 1.000
2880 2896 1.000
2881 2910 1.000
2881 2914 1.000
2881 2882 1.000
2881 2902 1.000
2881 2907 1.000
2881 2912 1.000
2881 2887 1.000
2881 2903 1.000
2881 2895 1.000
2881 2893 1.000
2882 2914 1.000
2882 2902 1.000
2882 2907 1.000
2882 2910 1.000
2882 2903 1.000
2882 2912 1.000
2882 2895 1.000
2882 2896 1.000
2887 2902 1.000
2887 2914 1.000
2887 2910 1.000
2887 2895 1.000
2887 2893 1.000
2887 2892 1.000
2887 2912 1.000
2887 2903 1.000
2893 2914 1.000
2893 2903 1.000
2895 2910 1.000
2895 2903 1.000
2895 2902 1.000
2895 2914 1.000
2895 2907 1.000
2896 2910 1.000
2896 2902 1.000
2896 2907 1.000
2902 2910 1.000
2902 2914 1.000
2902 2912 1.000
2902 2907 1.000
2902 2903 1.000
2903 2907 1.000
2903 2914 1.000
2903 2912 1.000
2903 2910 1.000
2907 2914 1.000
2907 2910 1.000
2907 2912 1.000
2910 2914 1.000
2910 2912 1.000
2912 2914 1.000
2927 2976 1.000
2927 2939 1.000
2927 2954 1.000
2927 2964 1.000
2927 2937 1.000
2927 2934 1.000
2927 2944 1.000
2927 2961 1.000
2927 2947 1.000
2927 2929 1.000
2927 2978 1.000
2927 2936 1.000
2927 2955 1.000
2927 2960 1.000
2927 2949 1.000
2929 2954 1.000
2929 2937 1.000
2929 2947 1.000
2929 2961 1.000
2929 2934 1.000
2929 2964 1.000
2929 2939 1.000
2929 2976 1.000
2929 2978 1.000
2929 2949 1.000
2929 2960 1.000
2929 2944 1.000
2934 2964 1.000
2934 2976 1.000
2934 2961 1.000
2934 2947 1.000
2934 2937 1.000
2934 2954 1.000
2934 2939 1.000
2934 2944 1.000
2934 2978 1.000
2934 2949 1.000
2934 2960 1.000
2936 2954 1.000
2936 2937 1.000
2936 2944 1.000
2936 2939 1.000
2936 2964 1.000
2936 2978 1.000
2936 2961 1.000
2936 2976 1.000
2936 2949 1.000
2937 2964 1.000
2937 2949 1.000
2937 2954 1.000
2937 2939 1.000
2937 2961 1.000
2937 2976 1.000
2937 2944 1.000
2937 2947 1.000
2937 2978 1.000
2937 2957 1.000
2939 2976 1.000
2939 2954 1.000
2939 2947 1.000
2939 2964 1.000
2939 2960 1.000
2939 2961 1.000
2939 2944 1.000
2939 2978 1.000
2939 2949 1.000
2944 2954 1.000
2944 2978 1.000
2944 2976 1.000
2944 2961 1.000
2944 2964 1.000
2944 2947 1.000
2944 2949 1.000
2944 2960 1.000
2947 2961 1.000
2947 2976 1.000
2947 2964 1.000
2947 2954 1.000
2947 2978 1.000
2947 2957 1.000
2947 2949 1.000
2947 2960 1.000
2947 2953 1.000
2949 2976 1.000
2949 2961 1.000
2949 2964 1.000
2949 2954 1.000
2949 2978 1.000
2949 2960 1.000
2949 2957 1.000
2954 2976 1.000
2954 2964 1.000
2954 2961 1.000
2954 2978 1.000
2954 2960 1.000
2957 2961 1.000
2957 2964 1.000
2960 2976 1.000
2960 2961 1.000
2960 2964 1.000
2960 2978 1.000
2960 2963 1.000
2961 2976 1.000
2961 2964 1.000
2961 2978 1.000
2964 2976 1.000
2964 2978 1.000
2976 2978 1.000
2980 3022 1.000
2980 3013 1.000
2980 2982 1.000
2980 2990 1.000
2980 2991 1.000
2980 3001 1.000
2980 3017 1.000
2980 2997 1.000
2980 3036 1.000
2980 2996 1.000
2980 3012 1.000
2980 3018 1.000
2982 2991 1.000
2982 3017 1.000
2982 2996 1.000
2982 3022 1.000
2982 2990 1.000
2982 3036 1.000
2982 3013 1.000
2982 3012 1.000
2982 3001 1.000
2982 2997 1.000
2982 2986 1.000
2986 3001 1.000
2989 2997 1.000
2990 2991 1.000
2990 3001 1.000
2990 3013 1.000
2990 2996 1.000
2990 3022 1.000
2990 3036 1.000
2990 3017 1.000
2990 3012 1.000
2990 2997 1.000
2991 2996 1.000
2991 3036 1.000
2991 3013 1.000
2991 3022 1.000
2991 3012 1.000
2991 3001 1.000
2991 2997 1.000
2991 3017 1.000
2996 3013 1.000
2996 3022 1.000
2996 3017 1.000
2996 3001 1.000
2996 3012 1.000
2996 3036 1.000
2996 2997 1.000
2997 3012 1.000
2997 3001 1.000
2997 3022 1.000
2997 3013 1.000
2997 3017 1.000
2997 3036 1.000
2997 3018 1.000
3001 3013 1.000
3001 3022 1.000
3001 3012 1.000
3001 3036 1.000
3001 3017 1.000
3012 3013 1.000
3012 3022 1.000
3012 3036 1.000
3012 3017 1.000
3013 3022 1.000
3013 3036 1.000
3013 3017 1.000
3017 3022 1.000
3017 3036 1.000
3017 3029 1.000
3018 3036 1.000
3022 3036 1.000
3025 3036 1.000
3029 3036 1.000
3041 3077 1.000
3041 3049 1.000
3041 3094 1.000
3041 3058 1.000
3041 3046 1.000
3041 3044 1.000
3041 3051 1.000
3041 3072 1.000
3041 3073 1.000
3041 3089 1.000
3041 3061 1.000
3041 3078 1.000
3041 3082 1.000
3041 3068 1.000
3042 3072 1.000
3042 3089 1.000
3042 3051 1.000
3042 3061 1.000
3043 3058 1.000
3044 3094 1.000
3044 3058 1.000
3044 3072 1.000
3044 3049 1.000
3044 3077 1.000
3044 3061 1.000
3044 3046 1.000
3044 3051 1.000
3044 3073 1.000
3044 3078 1.000
3044 3089 1.000
3044 3082 1.000
3046 3058 1.000
3046 3077 1.000
3046 3049 1.000
3046 3061 1.000
3046 3094 1.000
3046 3051 1.000
3046 3072 1.000
3046 3078 1.000
3046 3073 1.000
3046 3089 1.000
3046 3092 1.000
3046 3082 1.000
3049 3077 1.000
3049 3058 1.000
3049 3072 1.000
3049 3051 1.000
3049 3061 1.000
3049 3094 1.000
3049 3078 1.000
3049 3092 1.000
3049 3089 1.000
3049 3073 1.000
3049 3068 1.000
3049 3082 1.000
3051 3058 1.000
3051 3077 1.000
3051 3072 1.000
3051 3094 1.000
3051 3089 1.000
3051 3068 1.000
3051 3073 1.000
3051 3078 1.000
3051 3082 1.000
3051 3061 1.000
3058 3077 1.000
3058 3094 1.000
3058 3061 1.000
3058 3072 1.000
3058 3073 1.000
3058 3092 1.000
3058 3078 1.000
3058 3089 1.000
3058 3068 1.000
3058 3082 1.000
3061 3072 1.000
3061 3077 1.000
3061 3094 1.000
3061 3073 1.000
3061 3089 1.000
3061 3078 1.000
3061 3068 1.000
3061 3082 1.000
3068 3073 1.000
3068 3094 1.000
3068 3089 1.000
3072 3089 1.000
3072 3077 1.000
3072 3094 1.000
3072 3073 1.000
3072 3078 1.000
3072 3082 1.000
3073 3077 1.000
3073 3094 1.000
3073 3078 1.000
3073 3092 1.000
3073 3089 1.000
3077 3094 1.000
3077 3089 1.000
3077 3078 1.000
3077 3082 1.000
3078 3089 1.000
3078 3094 1.000
3078 3082 1.000
3082 3094 1.000
3089 3092 1.000
3089 3094 1.000
3103 3126 1.000
3103 3148 1.000
3103 3142 1.000
3103 3137 1.000
3103 3114 1.000
3103 3127 1.000
3103 3113 1.000
3103 3118 1.000
3103 3147 1.000
3103 3108 1.000
3103 3160 1.000
3103 3144 1.000
3103 3131 1.000
3103 3149 1.000
3108 3126 1.000
3108 3114 1.000
3108 3147 1.000
3108 3148 1.000
3108 3113 1.000
3108 3127 1.000
3108 3144 1.000
3108 3118 1.000
3108 3142 1.000
3108 3149 1.000
3108 3137 1.000
3108 3160 1.000
3113 3126 1.000
3113 3118 1.000
3113 3148 1.000
3113 3147 1.000
3113 3144 1.000
3113 3142 1.000
3113 3137 1.000
3113 3127 1.000
3113 3114 1.000
3113 3160 1.000
3113 3149 1.000
3114 3147 1.000
3114 3127 1.000
3114 3148 1.000
3114 3118 1.000
3114 3142 1.000
3114 3126 1.000
3114 3144 1.000
3114 3149 1.000
3114 3160 1.000
3114 3137 1.000
3118 3148 1.000
3118 3126 1.000
3118 3147 1.000
3118 3142 1.000
3118 3127 1.000
3118 3144 1.000
3118 3137 1.000
3118 3160 1.000
3118 3149 1.000
3126 3148 1.000
3126 3147 1.000
3126 3144 1.000
3126 3142 1.000
3126 3137 1.000
3126 3149 1.000
3126 3160 1.000
3126 3127 1.000
3127 3147 1.000
3127 3144 1.000
3127 3142 1.000
3127 3148 1.000
3127 3160 1.000
3127 3149 1.000
3127 3137 1.000
3137 3148 1.000
3137 3144 1.000
3137 3142 1.000
3137 3147 1.000
3137 3160 1.000
3137 3149 1.000
3142 3148 1.000
3142 3147 1.000
3142 3160 1.000
3142 3144 1.000
3142 3149 1.000
3144 3148 1.000
3144 3147 1.000
3144 3160 1.000
3144 3149 1.000
3147 3148 1.000
3147 3149 1.000
3147 3160 1.000
3148 3160 1.000
3148 3149 1.000
3149 3160 1.000
3163 3177 1.000
3163 3195 1.000
3163 3166 1.000
3163 3168 1.000
3163 3179 1.000
3163 3198 1.000
3163 3165 1.000
3163 3214 1.000
3163 3171 1.000
3163 3211 1.000
3163 3221 1.000
3163 3205 1.000
3163 3186 1.000
3163 3196 1.000
3165 3179 1.000
3165 3195 1.000
3165 3198 1.000
3165 3168 1.000
3165 3177 1.000
3165 3214 1.000
3165 3166 1.000
3165 3184 1.000
3165 3211 1.000
3165 3171 1.000
3165 3221 1.000
3165 3205 1.000
3165 3186 1.000
3165 3223 1.000
3165 3196 1.000
3166 3195 1.000
3166 3168 1.000
3166 3179 1.000
3166 3177 1.000
3166 3198 1.000
3166 3171 1.000
3166 3214 1.000
3166 3221 1.000
3166 3211 1.000
3166 3186 1.000
3166 3184 1.000
3166 3205 1.000
3166 3212 1.000
3166 3196 1.000
3166 3223 1.000
3168 3179 1.000
3168 3171 1.000
3168 3198 1.000
3168 3195 1.000
3168 3177 1.000
3168 3214 1.000
3168 3205 1.000
3168 3211 1.000
3168 3221 1.000
3168 3196 1.000
3168 3186 1.000
3168 3223 1.000
3171 3177 1.000
3171 3198 1.000
3171 3214 1.000
3171 3195 1.000
3171 3179 1.000
3171 3186 1.000
3171 3221 1.000
3171 3196 1.000
3171 3223 1.000
3171 3212 1.000
3171 3205 1.000
3171 3184 1.000
3177 3195 1.000
3177 3198 1.000
3177 3214 1.000
3177 3179 1.000
3177 3205 1.000
3177 3221 1.000
3177 3186 1.000
3177 3211 1.000
3179 3195 1.000
3179 3198 1.000
3179 3211 1.000
3179 3205 1.000
3179 3214 1.000
3179 3221 1.000
3179 3212 1.000
3179 3196 1.000
3179 3184 1.000
3179 3186 1.000
3183 3214 1.000
3186 3198 1.000
3186 3211 1.000
3186 3195 1.000
3186 3221 1.000
3186 3214 1.000
3186 3205 1.000
3186 3196 1.000
3186 3212 1.000
3195 3198 1.000
3195 3221 1.000
3195 3205 1.000
3195 3214 1.000
3195 3211 1.000
3195 3223 1.000
3195 3208 1.000
3195 3196 1.000
3196 3198 1.000
3196 3214 1.000
3196 3205 1.000
3196 3221 1.000
3196 3223 1.000
3198 3211 1.000
3198 3214 1.000
3198 3221 1.000
3198 3212 1.000
3205 3221 1.000
3205 3214 1.000
3205 3223 1.000
3211 3221 1.000
3211 3214 1.000
3212 3221 1.000
3214 3221 1.000
3225 3253 1.000
3225 3262 1.000
3231 3284 1.000
3231 3253 1.000
3231 3244 1.000
3231 3232 1.000
3231 3274 1.000
3231 3262 1.000
3231 3268 1.000
3231 3233 1.000
3231 3273 1.000
3231 3263 1.000
3231 3266 1.000
3231 3241 1.000
3232 3241 1.000
3232 3262 1.000
3232 3268 1.000
3232 3253 1.000
3232 3244 1.000
3232 3284 1.000
3232 3274 1.000
3232 3273 1.000
3232 3233 1.000
3232 3248 1.000
3232 3266 1.000
3233 3284 1.000
3233 3274 1.000
3233 3262 1.000
3233 3273 1.000
3233 3253 1.000
3233 3244 1.000
3233 3266 1.000
3233 3241 1.000
3233 3248 1.000
3233 3268 1.000
3241 3262 1.000
3241 3244 1.000
3241 3274 1.000
3241 3266 1.000
3241 3273 1.000
3241 3284 1.000
3241 3268 1.000
3241 3253 1.000
3241 3248 1.000
3241 3263 1.000
3244 3274 1.000
3244 3253 1.000
3244 3284 1.000
3244 3262 1.000
3244 3273 1.000
3244 3268 1.000
3244 3266 1.000
3244 3248 1.000
3244 3271 1.000
3244 3267 1.000
3244 3263 1.000
3248 3262 1.000
3248 3253 1.000
3248 3284 1.000
3248 3274 1.000
3248 3273 1.000
3248 3266 1.000
3248 3268 1.000
3248 3263 1.000
3253 3284 1.000
3253 3274 1.000
3253 3273 1.000
3253 3262 1.000
3253 3268 1.000
3253 3266 1.000
3253 3263 1.000
3262 3273 1.000
3262 3268 1.000
3262 3274 1.000
3262 3284 1.000
3262 3263 1.000
3262 3266 1.000
3262 3271 1.000
3263 3273 1.000
3263 3284 1.000
3263 3266 1.000
3263 3268 1.000
3263 3274 1.000
3266 3274 1.000
3266 3268 1.000
3266 3273 1.000
3266 3284 1.000
3268 3274 1.000
3268 3284 1.000
3268 3273 1.000
3273 3274 1.000
3273 3284 1.000
3274 3284 1.000
3285 3294 1.000
3285 3313 1.000
3285 3302 1.000
3285 3337 1.000
3285 3293 1.000
3285 3300 1.000
3285 3287 1.000
3285 3334 1.000
3285 3329 1.000
3285 3318 1.000
3285 3289 1.000
3285 3295 1.000
3285 3299 1.000
3287 3294 1.000
3287 3337 1.000
3287 3329 1.000
3287 3300 1.000
3287 3289 1.000
3287 3334 1.000
3287 3293 1.000
3287 3299 1.000
3287 3313 1.000
3287 3318 1.000
3287 3302 1.000
3287 3291 1.000
3287 3312 1.000
3289 3293 1.000
3289 3294 1.000
3289 3300 1.000
3289 3337 1.000
3289 3318 1.000
3289 3329 1.000
3289 3295 1.000
3289 3334 1.000
3291 3318 1.000
3293 3313 1.000
3293 3337 1.000
3293 3318 1.000
3293 3302 1.000
3293 3294 1.000
3293 3298 1.000
3293 3334 1.000
3293 3329 1.000
3293 3300 1.000
3293 3299 1.000
3293 3295 1.000
3294 3302 1.000
3294 3318 1.000
3294 3334 1.000
3294 3337 1.000
3294 3313 1.000
3294 3300 1.000
3294 3295 1.000
3294 3329 1.000
3294 3299 1.000
3295 3329 1.000
3295 3337 1.000
3295 3299 1.000
3295 3318 1.000
3295 3300 1.000
3295 3334 1.000
3295 3313 1.000
3298 3299 1.000
3299 3313 1.000
3299 3337 1.000
3299 3300 1.000
3299 3329 1.000
3299 3334 1.000
3299 3318 1.000
3299 3302 1.000
3300 3313 1.000
3300 3318 1.000
3300 3302 1.000
3300 3337 1.000
3300 3334 1.000
3300 3329 1.000
3302 3334 1.000
3302 3313 1.000
3302 3318 1.000
3302 3337 1.000
3302 3329 1.000
3313 3334 1.000
3313 3337 1.000
3313 3318 1.000
3313 3329 1.000
3318 3337 1.000
3318 3334 1.000
3318 3329 1.000
3329 3337 1.000
3329 3334 1.000
3334 3337 1.000
3348 3395 1.000
3354 3385 1.000
3354 3359 1.000
3354 3383 1.000
3354 3357 1.000
3354 3369 1.000
3357 3395 1.000
3357 3385 1.000
3357 3397 1.000
3357 3403 1.000
3357 3359 1.000
3357 3383 1.000
3357 3393 1.000
3357 3382 1.000
3357 3380 1.000
3357 3392 1.000
3357 3364 1.000
3357 3369 1.000
3357 3371 1.000
3357 3387 1.000
3359 3382 1.000
3359 3383 1.000
3359 3385 1.000
3359 3395 1.000
3359 3403 1.000
3359 3380 1.000
3359 3397 1.000
3359 3369 1.000
3359 3392 1.000
3359 3393 1.000
3359 3371 1.000
3359 3364 1.000
3364 3385 1.000
3364 3395 1.000
3364 3382 1.000
3364 3403 1.000
3364 3397 1.000
3364 3369 1.000
3364 3371 1.000
3364 3393 1.000
3364 3392 1.000
3364 3380 1.000
3364 3387 1.000
3364 3383 1.000
3369 3382 1.000
3369 3371 1.000
3369 3397 1.000
3369 3392 1.000
3369 3385 1.000
3369 3393 1.000
3369 3383 1.000
3369 3380 1.000
3369 3403 1.000
3369 3395 1.000
3369 3387 1.000
3371 3385 1.000
3371 3393 1.000
3371 3380 1.000
3371 3382 1.000
3371 3397 1.000
3371 3395 1.000
3371 3403 1.000
3371 3392 1.000
3371 3383 1.000
3371 3387 1.000
3380 3395 1.000
3380 3385 1.000
3380 3382 1.000
3380 3392 1.000
3380 3393 1.000
3380 3397 1.000
3380 3383 1.000
3380 3403 1.000
3382 3385 1.000
3382 3393 1.000
3382 3383 1.000
3382 3403 1.000
3382 3397 1.000
3382 3395 1.000
3382 3392 1.000
3383 3385 1.000
3383 3395 1.000
3383 3403 1.000
3383 3397 1.000
3383 3393 1.000
3383 3392 1.000
3383 3387 1.000
3385 3395 1.000
3385 3403 1.000
3385 3393 1.000
3385 3397 1.000
3385 3392 1.000
3385 3387 1.000
3387 3403 1.000
3387 3393 1.000
3387 3397 1.000
3392 3397 1.000
3392 3395 1.000
3392 3403 1.000
3392 3393 1.000
3393 3395 1.000
3393 3403 1.000
3393 3397 1.000
3395 3403 1.000
3395 3397 1.000
3397 3403 1.000
3409 3464 1.000
3409 3436 1.000
3409 3446 1.000
3409 3447 1.000
3409 3435 1.000
3409 3415 1.000
3409 3460 1.000
3409 3440 1.000
3409 3427 1.000
3409 3438 1.000
3409 3461 1.000
3409 3448 1.000
3415 3435 1.000
3415 3464 1.000
3415 3446 1.000
3415 3447 1.000
3415 3436 1.000
3415 3427 1.000
3415 3461 1.000
3415 3460 1.000
3415 3438 1.000
3415 3440 1.000
3415 3448 1.000
3415 3449 1.000
3427 3446 1.000
3427 3447 1.000
3427 3464 1.000
3427 3435 1.000
3427 3436 1.000
3427 3460 1.000
3427 3438 1.000
3427 3440 1.000
3427 3461 1.000
3427 3448 1.000
3435 3446 1.000
3435 3436 1.000
3435 3447 1.000
3435 3464 1.000
3435 3461 1.000
3435 3460 1.000
3435 3463 1.000
3435 3440 1.000
3435 3438 1.000
3435 3448 1.000
3436 3446 1.000
3436 3464 1.000
3436 3447 1.000
3436 3438 1.000
3436 3460 1.000
3436 3440 1.000
3436 3461 1.000
3436 3449 1.000
3438 3460 1.000
3438 3447 1.000
3438 3461 1.000
3438 3446 1.000
3438 3440 1.000
3438 3464 1.000
3438 3448 1.000
3440 3447 1.000
3440 3460 1.000
3440 3448 1.000
3440 3461 1.000
3440 3464 1.000
3440 3446 1.000
3446 3447 1.000
3446 3464 1.000
3446 3460 1.000
3446 3448 1.000
3446 3461 1.000
3446 3449 1.000
3447 3464 1.000
3447 3460 1.000
3447 3461 1.000
3447 3448 1.000
3447 3449 1.000
3449 3460 1.000
3460 3464 1.000
3460 3461 1.000
3461 3464 1.000
3474 3499 1.000
3474 3487 1.000
3476 3496 1.000
3476 3487 1.000
3476 3517 1.000
3476 3520 1.000
3476 3516 1.000
3476 3505 1.000
3476 3484 1.000
3476 3507 1.000
3476 3490 1.000
3484 3518 1.000
3484 3496 1.000
3484 3487 1.000
3484 3516 1.000
3484 3520 1.000
3484 3517 1.000
3484 3515 1.000
3484 3499 1.000
3484 3490 1.000
3484 3507 1.000
3484 3505 1.000
3485 3517 1.000
3485 3499 1.000
3485 3518 1.000
3485 3505 1.000
3485 3520 1.000
3485 3496 1.000
3487 3516 1.000
3487 3520 1.000
3487 3496 1.000
3487 3517 1.000
3487 3515 1.000
3487 3518 1.000
3487 3499 1.000
3487 3505 1.000
3487 3490 1.000
3487 3507 1.000
3487 3512 1.000
3490 3516 1.000
3490 3496 1.000
3490 3499 1.000
3490 3515 1.000
3490 3518 1.000
3490 3520 1.000
3490 3507 1.000
3490 3505 1.000
3490 3517 1.000
3490 3513 1.000
3493 3516 1.000
3493 3496 1.000
3496 3520 1.000
3496 3517 1.000
3496 3515 1.000
3496 3516 1.000
3496 3518 1.000
3496 3499 1.000
3496 3505 1.000
3496 3507 1.000
3499 3516 1.000
3499 3517 1.000
3499 3505 1.000
3499 3518 1.000
3499 3520 1.000
3499 3507 1.000
3499 3512 1.000
3499 3515 1.000
3505 3516 1.000
3505 3515 1.000
3505 3518 1.000
3505 3517 1.000
3505 3520 1.000
3505 3507 1.000
3507 3516 1.000
3507 3520 1.000
3507 3518 1.000
3507 3517 1.000
3507 3515 1.000
3512 3515 1.000
3515 3516 1.000
3515 3520 1.000
3515 3517 1.000
3515 3518 1.000
3516 3520 1.000
3516 3518 1.000
3516 3517 1.000
3517 3520 1.000
3517 3518 1.000
3518 3520 1.000
3529 3539 1.000
3529 3531 1.000
3529 3579 1.000
3529 3587 1.000
3529 3540 1.000
3529 3575 1.000
3529 3541 1.000
3529 3550 1.000
3529 3552 1.000
3529 3560 1.000
3529 3567 1.000
3529 3556 1.000
3529 3549 1.000
3529 3589 1.000
3529 3534 1.000
3529 3583 1.000
3531 3550 1.000
3531 3587 1.000
3531 3540 1.000
3531 3539 1.000
3531 3541 1.000
3531 3579 1.000
3531 3552 1.000
3531 3556 1.000
3531 3575 1.000
3531 3549 1.000
3531 3567 1.000
3531 3560 1.000
3531 3534 1.000
3531 3589 1.000
3531 3588 1.000
3531 3545 1.000
3534 3579 1.000
3534 3556 1.000
3534 3587 1.000
3534 3549 1.000
3534 3550 1.000
3534 3560 1.000
3534 3540 1.000
3534 3567 1.000
3534 3539 1.000
3534 3541 1.000
3534 3589 1.000
3539 3550 1.000
3539 3540 1.000
3539 3541 1.000
3539 3587 1.000
3539 3567 1.000
3539 3579 1.000
3539 3575 1.000
3539 3556 1.000
3539 3560 1.000
3539 3552 1.000
3539 3586 1.000
3539 3549 1.000
3539 3589 1.000
3540 3541 1.000
3540 3550 1.000
3540 3587 1.000
3540 3579 1.000
3540 3556 1.000
3540 3552 1.000
3540 3575 1.000
3540 3567 1.000
3540 3549 1.000
3540 3560 1.000
3540 3589 1.000
3541 3579 1.000
3541 3587 1.000
3541 3550 1.000
3541 3552 1.000
3541 3575 1.000
3541 3556 1.000
3541 3545 1.000
3541 3567 1.000
3541 3589 1.000
3549 3552 1.000
3549 3587 1.000
3549 3550 1.000
3549 3567 1.000
3549 3556 1.000
3549 3560 1.000
3549 3579 1.000
3549 3589 1.000
3550 3587 1.000
3550 3556 1.000
3550 3579 1.000
3550 3552 1.000
3550 3551 1.000
3550 3575 1.000
3550 3560 1.000
3550 3567 1.000
3550 3588 1.000
3550 3589 1.000
3552 3575 1.000
3552 3587 1.000
3552 3567 1.000
3552 3560 1.000
3552 3579 1.000
3552 3589 1.000
3556 3575 1.000
3556 3587 1.000
3556 3579 1.000
3556 3560 1.000
3556 3567 1.000
3556 3586 1.000
3556 3589 1.000
3560 3579 1.000
3560 3575 1.000
3560 3587 1.000
3560 3567 1.000
3567 3587 1.000
3567 3575 1.000
3567 3579 1.000
3567 3589 1.000
3575 3587 1.000
3575 3579 1.000
3575 3589 1.000
3579 3587 1.000
3579 3589 1.000
3583 3587 1.000
3586 3587 1.000
3587 3589 1.000
3593 3600 1.000
3593 3609 1.000
3593 3598 1.000
3593 3616 1.000
3593 3643 1.000
3593 3642 1.000
3593 3645 1.000
3593 3619 1.000
3593 3639 1.000
3593 3607 1.000
3593 3603 1.000
3593 3637 1.000
3593 3649 1.000
3593 3629 1.000
3593 3638 1.000
3593 3595 1.000
3593 3618 1.000
3595 3639 1.000
3595 3603 1.000
3595 3642 1.000
3595 3600 1.000
3595 3645 1.000
3596 3600 1.000
3596 3616 1.000
3596 3598 1.000
3596 3645 1.000
3596 3649 1.000
3598 3642 1.000
3598 3619 1.000
3598 3607 1.000
3598 3603 1.000
3598 3637 1.000
3598 3643 1.000
3598 3616 1.000
3598 3645 1.000
3598 3649 1.000
3600 3607 1.000
3600 3643 1.000
3600 3619 1.000
3600 3616 1.000
3600 3639 1.000
3600 3603 1.000
3600 3645 1.000
3600 3609 1.000
3600 3642 1.000
3600 3637 1.000
3600 3649 1.000
3603 3609 1.000
3603 3616 1.000
3603 3619 1.000
3603 3643 1.000
3603 3639 1.000
3603 3642 1.000
3603 3637 1.000
3603 3645 1.000
3603 3607 1.000
3603 3649 1.000
3603 3629 1.000
3607 3616 1.000
3607 3643 1.000
3607 3645 1.000
3607 3619 1.000
3607 3639 1.000
3607 3609 1.000
3607 3642 1.000
3607 3646 1.000
3607 3629 1.000
3607 3637 1.000
3607 3649 1.000
3607 3618 1.000
3609 3616 1.000
3609 3639 1.000
3609 3643 1.000
3609 3619 1.000
3609 3637 1.000
3609 3642 1.000
3609 3649 1.000
3609 3645 1.000
3609 3618 1.000
3616 3643 1.000
3616 3619 1.000
3616 3639 1.000
3616 3645 1.000
3616 3642 1.000
3616 3649 1.000
3616 3637 1.000
3618 3643 1.000
3618 3639 1.000
3618 3645 1.000
3618 3642 1.000
3618 3637 1.000
3619 3645 1.000
3619 3639 1.000
3619 3643 1.000
3619 3637 1.000
3619 3642 1.000
3619 3649 1.000
3619 3629 1.000
3637 3639 1.000
3637 3643 1.000
3637 3642 1.000
3637 3645 1.000
3637 3649 1.000
3639 3645 1.000
3639 3643 1.000
3639 3642 1.000
3639 3649 1.000
3642 3643 1.000
3642 3649 1.000
3642 3645 1.000
3643 3645 1.000
3645 3649 1.000
