0 1 1
0 2 1
0 3 1
0 4 1
0 5 1
0 6 1
0 7 1
1 0 1
1 2 1
1 3 1
1 7 1
1 1411 1
1 1412 1
1 1414 1
2 0 1
2 1 1
2 3 1
2 4 1
2 5 1
2 6 1
2 7 1
2 1411 1
2 1412 1
2 1413 1
2 1414 1
2 1415 1
3 0 1
3 1 1
3 2 1
3 4 1
3 6 1
3 7 1
3 1411 1
3 1412 1
3 1413 1
3 1414 1
3 1415 1
4 0 1
4 2 1
4 3 1
4 5 1
4 6 1
4 7 1
4 1411 1
4 1412 1
4 1413 1
4 1414 1
4 1415 1
5 0 1
5 2 1
5 4 1
5 6 1
5 7 1
5 1411 1
5 1413 1
5 1414 1
5 1415 1
6 0 1
6 2 1
6 3 1
6 4 1
6 5 1
6 7 1
6 1411 1
6 1414 1
6 1415 1
7 0 1
7 1 1
7 2 1
7 3 1
7 4 1
7 5 1
7 6 1
7 1411 1
7 1412 1
7 1413 1
7 1414 1
7 1415 1
8 9 1
8 10 1
8 11 1
8 12 1
8 13 1
9 8 1
9 13 1
9 482 1
9 483 1
9 484 1
10 8 1
10 482 1
10 893 1
10 894 1
11 8 1
11 268 1
11 417 1
11 716 1
11 914 1
11 952 1
11 953 1
11 954 1
11 955 1
12 8 1
12 13 1
12 482 1
13 8 1
13 9 1
13 12 1
13 482 1
13 483 1
13 910 1
14 15 1
14 16 1
14 17 1
14 18 1
14 19 1
14 20 1
14 21 1
15 14 1
15 16 1
15 18 1
15 102 1
15 117 1
15 124 1
15 406 1
15 408 1
15 410 1
15 583 1
15 584 1
15 587 1
15 595 1
15 682 1
15 685 1
15 687 1
15 1023 1
15 1024 1
15 1025 1
16 14 1
16 15 1
16 18 1
16 19 1
16 682 1
17 14 1
17 20 1
17 21 1
17 102 1
17 103 1
17 105 1
17 106 1
17 107 1
17 108 1
17 109 1
17 110 1
17 114 1
17 118 1
17 120 1
17 121 1
17 124 1
17 125 1
17 126 1
17 127 1
17 129 1
17 130 1
17 131 1
17 132 1
17 135 1
17 138 1
17 142 1
17 144 1
17 145 1
17 146 1
17 148 1
17 200 1
17 203 1
17 208 1
17 209 1
17 211 1
17 213 1
17 214 1
17 216 1
17 217 1
17 235 1
17 242 1
17 244 1
17 407 1
17 595 1
17 1810 1
18 14 1
18 15 1
18 16 1
18 19 1
18 117 1
18 146 1
18 404 1
18 407 1
18 409 1
18 583 1
18 584 1
18 589 1
18 595 1
18 682 1
18 683 1
18 1815 1
19 14 1
19 16 1
19 18 1
19 583 1
19 584 1
19 585 1
19 586 1
19 587 1
19 588 1
19 591 1
19 592 1
19 595 1
19 682 1
19 683 1
20 14 1
20 17 1
20 138 1
20 146 1
20 214 1
20 234 1
20 348 1
20 726 1
20 1770 1
21 14 1
21 17 1
21 102 1
21 105 1
21 107 1
21 108 1
21 111 1
21 118 1
21 119 1
21 125 1
21 128 1
21 129 1
21 130 1
21 133 1
21 134 1
21 145 1
21 146 1
21 200 1
21 204 1
21 206 1
21 209 1
21 211 1
21 214 1
21 217 1
21 244 1
21 398 1
21 595 1
21 950 1
21 1337 1
21 1340 1
21 1768 1
22 23 1
22 24 1
22 25 1
22 26 1
22 27 1
22 28 1
22 29 1
22 30 1
22 31 1
22 32 1
22 33 1
22 34 1
22 35 1
22 36 1
22 37 1
22 38 1
22 39 1
22 40 1
22 41 1
22 42 1
22 43 1
22 44 1
22 45 1
22 46 1
22 47 1
22 48 1
22 49 1
22 50 1
22 51 1
22 52 1
22 53 1
22 54 1
22 55 1
22 56 1
22 57 1
22 58 1
22 59 1
23 22 1
23 34 1
23 42 1
23 50 1
23 57 1
23 58 1
23 59 1
24 22 1
24 446 1
24 453 1
24 597 1
24 723 1
24 1440 1
24 1550 1
24 1642 1
25 22 1
25 46 1
25 47 1
25 50 1
26 22 1
26 28 1
26 36 1
26 37 1
26 41 1
26 44 1
26 45 1
26 54 1
27 22 1
27 29 1
27 30 1
27 31 1
27 33 1
27 43 1
27 49 1
27 52 1
27 56 1
28 22 1
28 26 1
28 36 1
28 37 1
28 41 1
28 44 1
28 45 1
28 54 1
29 22 1
29 27 1
29 30 1
29 31 1
29 32 1
29 33 1
29 43 1
29 49 1
29 52 1
29 56 1
30 22 1
30 27 1
30 29 1
30 31 1
30 32 1
30 33 1
30 43 1
30 49 1
30 52 1
30 56 1
31 22 1
31 27 1
31 29 1
31 30 1
31 32 1
31 33 1
31 43 1
31 49 1
31 52 1
31 56 1
32 22 1
32 29 1
32 30 1
32 31 1
32 33 1
32 43 1
32 49 1
32 52 1
32 56 1
33 22 1
33 27 1
33 29 1
33 30 1
33 31 1
33 32 1
33 43 1
33 49 1
33 52 1
33 56 1
34 22 1
34 23 1
34 42 1
34 50 1
34 55 1
34 57 1
34 58 1
34 59 1
35 22 1
35 38 1
35 53 1
35 275 1
35 276 1
35 280 1
35 452 1
35 596 1
35 597 1
35 1133 1
35 1135 1
35 1598 1
35 1608 1
35 1609 1
35 1710 1
36 22 1
36 26 1
36 28 1
36 37 1
36 41 1
36 44 1
36 45 1
36 54 1
37 22 1
37 26 1
37 28 1
37 36 1
37 41 1
37 44 1
37 45 1
37 54 1
38 22 1
38 35 1
38 47 1
38 275 1
38 276 1
38 280 1
38 283 1
38 728 1
38 904 1
38 1133 1
38 1401 1
38 1403 1
38 1505 1
38 1525 1
38 1596 1
38 1609 1
38 1720 1
39 22 1
39 46 1
39 55 1
40 22 1
40 46 1
40 50 1
40 55 1
41 22 1
41 26 1
41 28 1
41 36 1
41 37 1
41 44 1
41 45 1
41 54 1
42 22 1
42 23 1
42 34 1
42 50 1
42 55 1
42 57 1
42 58 1
42 59 1
43 22 1
43 27 1
43 29 1
43 30 1
43 31 1
43 32 1
43 33 1
43 49 1
43 52 1
43 56 1
44 22 1
44 26 1
44 28 1
44 36 1
44 37 1
44 41 1
44 45 1
44 54 1
45 22 1
45 26 1
45 28 1
45 36 1
45 37 1
45 41 1
45 44 1
45 54 1
46 22 1
46 25 1
46 39 1
46 40 1
46 50 1
46 55 1
46 57 1
46 59 1
47 22 1
47 25 1
47 38 1
47 51 1
47 152 1
47 275 1
47 276 1
47 277 1
47 281 1
47 452 1
47 453 1
47 455 1
47 597 1
47 728 1
47 977 1
47 1354 1
47 1357 1
47 1469 1
47 1551 1
47 1553 1
47 1554 1
47 1597 1
47 1599 1
47 1608 1
47 1694 1
47 1703 1
47 1708 1
47 1720 1
47 1789 1
48 22 1
48 152 1
48 276 1
48 277 1
48 416 1
48 452 1
48 453 1
48 597 1
48 727 1
48 976 1
48 1071 1
48 1269 1
48 1354 1
48 1356 1
48 1468 1
48 1526 1
48 1598 1
48 1599 1
48 1608 1
48 1685 1
48 1693 1
48 1703 1
48 1829 1
48 1831 1
49 22 1
49 27 1
49 29 1
49 30 1
49 31 1
49 32 1
49 33 1
49 43 1
49 52 1
49 56 1
50 22 1
50 23 1
50 25 1
50 34 1
50 40 1
50 42 1
50 46 1
50 55 1
50 57 1
50 58 1
50 59 1
51 22 1
51 47 1
51 229 1
51 257 1
51 267 1
51 269 1
51 274 1
51 277 1
51 280 1
51 281 1
51 283 1
51 382 1
51 449 1
51 452 1
51 453 1
51 455 1
51 457 1
51 509 1
51 510 1
51 721 1
51 730 1
51 802 1
51 915 1
51 917 1
51 975 1
51 978 1
51 1067 1
51 1070 1
51 1132 1
51 1136 1
51 1137 1
51 1269 1
51 1270 1
51 1278 1
51 1401 1
51 1402 1
51 1404 1
51 1424 1
51 1440 1
51 1441 1
51 1465 1
51 1525 1
51 1528 1
51 1529 1
51 1550 1
51 1551 1
51 1552 1
51 1553 1
51 1554 1
51 1599 1
51 1601 1
51 1606 1
51 1642 1
51 1685 1
51 1689 1
51 1693 1
51 1694 1
51 1703 1
51 1704 1
51 1705 1
51 1706 1
51 1708 1
51 1720 1
51 1755 1
51 1789 1
51 1829 1
51 1831 1
52 22 1
52 27 1
52 29 1
52 30 1
52 31 1
52 32 1
52 33 1
52 43 1
52 49 1
52 56 1
53 22 1
53 35 1
53 280 1
53 597 1
53 599 1
53 1133 1
53 1423 1
53 1424 1
53 1606 1
53 1608 1
53 1609 1
54 22 1
54 26 1
54 28 1
54 36 1
54 37 1
54 41 1
54 44 1
54 45 1
55 22 1
55 34 1
55 39 1
55 40 1
55 42 1
55 46 1
55 50 1
55 58 1
55 59 1
56 22 1
56 27 1
56 29 1
56 30 1
56 31 1
56 32 1
56 33 1
56 43 1
56 49 1
56 52 1
57 22 1
57 23 1
57 34 1
57 42 1
57 46 1
57 50 1
57 58 1
57 59 1
58 22 1
58 23 1
58 34 1
58 42 1
58 50 1
58 55 1
58 57 1
58 59 1
59 22 1
59 23 1
59 34 1
59 42 1
59 46 1
59 50 1
59 55 1
59 57 1
59 58 1
60 61 1
61 60 1
62 63 1
62 64 1
63 62 1
63 819 1
63 820 1
64 62 1
64 833 1
65 66 1
66 65 1
67 68 1
67 69 1
68 67 1
68 69 1
68 309 1
69 67 1
69 68 1
70 71 1
70 72 1
70 73 1
70 74 1
70 75 1
71 70 1
71 75 1
71 475 1
71 885 1
71 1800 1
71 1801 1
71 1802 1
72 70 1
72 73 1
72 267 1
72 1207 1
72 1796 1
73 70 1
73 72 1
73 1467 1
73 1577 1
73 1796 1
74 70 1
74 445 1
74 1176 1
74 1283 1
74 1305 1
74 1394 1
75 70 1
75 71 1
75 267 1
75 475 1
75 885 1
75 1215 1
75 1283 1
75 1465 1
75 1802 1
75 1834 1
76 77 1
77 76 1
77 304 1
77 502 1
77 993 1
78 79 1
78 80 1
78 81 1
78 82 1
79 78 1
79 80 1
79 731 1
79 732 1
79 733 1
80 78 1
80 79 1
80 81 1
80 82 1
80 709 1
80 731 1
80 732 1
80 733 1
80 882 1
80 1460 1
81 78 1
81 80 1
81 82 1
82 78 1
82 80 1
82 81 1
83 84 1
84 83 1
84 885 1
84 1531 1
84 1532 1
84 1577 1
85 86 1
85 87 1
85 88 1
85 89 1
85 90 1
85 91 1
85 92 1
86 85 1
86 88 1
86 89 1
86 90 1
86 630 1
86 1819 1
86 1820 1
87 85 1
87 89 1
87 90 1
87 91 1
87 560 1
87 562 1
87 563 1
87 564 1
87 565 1
87 612 1
87 957 1
87 1790 1
88 85 1
88 86 1
88 89 1
88 90 1
88 92 1
88 145 1
88 312 1
88 322 1
88 560 1
88 1819 1
88 1820 1
89 85 1
89 86 1
89 87 1
89 88 1
89 90 1
89 91 1
89 1819 1
90 85 1
90 86 1
90 87 1
90 88 1
90 89 1
90 630 1
91 85 1
91 87 1
91 89 1
91 92 1
91 300 1
91 305 1
91 309 1
91 311 1
91 564 1
91 565 1
91 1398 1
91 1409 1
91 1571 1
92 85 1
92 88 1
92 91 1
92 192 1
92 272 1
92 309 1
92 312 1
92 322 1
92 999 1
92 1012 1
92 1409 1
93 94 1
93 95 1
94 93 1
94 1697 1
94 1706 1
94 1807 1
94 1837 1
95 93 1
96 97 1
97 96 1
98 99 1
98 100 1
99 98 1
99 858 1
99 859 1
99 860 1
99 861 1
99 862 1
99 863 1
99 864 1
99 865 1
100 98 1
101 102 1
101 103 1
101 104 1
101 105 1
101 106 1
101 107 1
101 108 1
101 109 1
101 110 1
101 111 1
101 112 1
101 113 1
101 114 1
101 115 1
101 116 1
101 117 1
101 118 1
101 119 1
101 120 1
101 121 1
101 122 1
101 123 1
101 124 1
101 125 1
101 126 1
101 127 1
101 128 1
101 129 1
101 130 1
101 131 1
101 132 1
101 133 1
101 134 1
101 135 1
101 136 1
101 137 1
101 138 1
101 139 1
101 140 1
101 141 1
101 142 1
101 143 1
101 144 1
101 145 1
101 146 1
101 147 1
101 148 1
101 149 1
101 150 1
102 15 1
102 17 1
102 21 1
102 101 1
102 107 1
102 117 1
102 119 1
102 120 1
102 121 1
102 123 1
102 125 1
102 129 1
102 131 1
102 144 1
102 145 1
102 146 1
102 200 1
102 201 1
102 202 1
102 203 1
102 204 1
102 205 1
102 206 1
102 207 1
102 208 1
102 209 1
102 210 1
102 211 1
102 212 1
102 213 1
102 214 1
102 215 1
102 216 1
102 217 1
102 218 1
102 219 1
102 220 1
102 221 1
103 17 1
103 101 1
103 107 1
103 110 1
103 111 1
103 112 1
103 114 1
103 115 1
103 117 1
103 118 1
103 120 1
103 121 1
103 122 1
103 124 1
103 125 1
103 129 1
103 131 1
103 132 1
103 133 1
103 135 1
103 137 1
103 138 1
103 141 1
103 143 1
103 146 1
103 148 1
103 208 1
103 213 1
103 214 1
103 215 1
103 233 1
103 234 1
103 235 1
103 236 1
103 237 1
103 238 1
103 239 1
103 240 1
103 241 1
103 242 1
103 243 1
103 244 1
104 101 1
104 125 1
104 134 1
104 142 1
104 145 1
104 146 1
104 148 1
104 200 1
104 206 1
104 209 1
104 211 1
104 233 1
104 1170 1
104 1171 1
104 1172 1
105 17 1
105 21 1
105 101 1
105 107 1
105 113 1
105 115 1
105 116 1
105 117 1
105 119 1
105 121 1
105 124 1
105 125 1
105 126 1
105 127 1
105 129 1
105 130 1
105 131 1
105 132 1
105 133 1
105 136 1
105 140 1
105 142 1
105 144 1
105 145 1
105 146 1
105 147 1
105 150 1
105 211 1
105 214 1
105 234 1
105 236 1
105 240 1
105 241 1
105 1337 1
105 1768 1
106 17 1
106 101 1
106 107 1
106 118 1
106 121 1
106 125 1
106 132 1
106 144 1
106 145 1
106 146 1
106 213 1
106 235 1
106 239 1
106 315 1
107 17 1
107 21 1
107 101 1
107 102 1
107 103 1
107 105 1
107 106 1
107 108 1
107 111 1
107 112 1
107 113 1
107 114 1
107 115 1
107 116 1
107 117 1
107 118 1
107 119 1
107 121 1
107 122 1
107 124 1
107 125 1
107 126 1
107 127 1
107 128 1
107 129 1
107 130 1
107 131 1
107 132 1
107 133 1
107 134 1
107 135 1
107 136 1
107 137 1
107 141 1
107 142 1
107 144 1
107 145 1
107 146 1
107 147 1
107 148 1
107 149 1
107 150 1
107 200 1
107 203 1
107 204 1
107 205 1
107 206 1
107 208 1
107 209 1
107 211 1
107 212 1
107 213 1
107 214 1
107 215 1
107 216 1
107 217 1
107 219 1
107 220 1
107 234 1
107 236 1
107 238 1
107 239 1
107 240 1
107 242 1
107 243 1
107 244 1
107 1171 1
107 1222 1
107 1335 1
107 1336 1
107 1337 1
107 1338 1
108 17 1
108 21 1
108 101 1
108 107 1
108 110 1
108 113 1
108 114 1
108 115 1
108 120 1
108 121 1
108 125 1
108 126 1
108 129 1
108 135 1
108 142 1
108 145 1
108 146 1
108 208 1
108 209 1
108 211 1
108 214 1
108 216 1
108 235 1
108 238 1
108 240 1
108 244 1
109 17 1
109 101 1
109 111 1
109 112 1
109 113 1
109 115 1
109 117 1
109 118 1
109 124 1
109 125 1
109 135 1
109 143 1
109 144 1
109 145 1
109 146 1
109 211 1
109 212 1
109 221 1
109 235 1
109 239 1
109 243 1
109 244 1
109 1172 1
110 17 1
110 101 1
110 103 1
110 108 1
110 117 1
110 120 1
110 124 1
110 125 1
110 128 1
110 131 1
110 133 1
110 140 1
110 144 1
110 145 1
110 208 1
110 212 1
110 240 1
110 244 1
111 21 1
111 101 1
111 103 1
111 107 1
111 109 1
111 112 1
111 113 1
111 114 1
111 115 1
111 118 1
111 120 1
111 121 1
111 122 1
111 123 1
111 124 1
111 125 1
111 129 1
111 130 1
111 143 1
111 145 1
111 146 1
111 148 1
111 149 1
111 210 1
111 211 1
111 214 1
111 235 1
111 239 1
111 243 1
111 244 1
111 821 1
112 101 1
112 103 1
112 107 1
112 109 1
112 111 1
112 113 1
112 114 1
112 117 1
112 124 1
112 126 1
112 129 1
112 135 1
112 136 1
112 144 1
112 145 1
112 147 1
112 235 1
112 239 1
112 243 1
112 1223 1
113 101 1
113 105 1
113 107 1
113 108 1
113 109 1
113 111 1
113 112 1
113 114 1
113 115 1
113 116 1
113 117 1
113 119 1
113 124 1
113 125 1
113 129 1
113 130 1
113 133 1
113 137 1
113 138 1
113 140 1
113 142 1
113 143 1
113 144 1
113 145 1
113 146 1
113 147 1
113 148 1
113 150 1
113 200 1
113 204 1
113 206 1
113 208 1
113 209 1
113 211 1
113 215 1
113 244 1
113 1335 1
113 1337 1
113 1833 1
114 17 1
114 101 1
114 103 1
114 107 1
114 108 1
114 111 1
114 112 1
114 113 1
114 115 1
114 116 1
114 117 1
114 118 1
114 120 1
114 121 1
114 123 1
114 124 1
114 125 1
114 126 1
114 129 1
114 135 1
114 138 1
114 142 1
114 143 1
114 145 1
114 146 1
114 149 1
114 150 1
114 211 1
114 214 1
114 235 1
114 239 1
114 240 1
114 821 1
115 101 1
115 103 1
115 105 1
115 107 1
115 108 1
115 109 1
115 111 1
115 113 1
115 114 1
115 117 1
115 121 1
115 124 1
115 125 1
115 126 1
115 129 1
115 130 1
115 133 1
115 135 1
115 142 1
115 145 1
115 146 1
115 203 1
115 211 1
115 214 1
115 215 1
115 234 1
115 240 1
115 241 1
116 101 1
116 105 1
116 107 1
116 113 1
116 114 1
116 117 1
116 119 1
116 129 1
116 140 1
116 142 1
116 145 1
116 148 1
116 214 1
116 236 1
117 15 1
117 18 1
117 101 1
117 102 1
117 103 1
117 105 1
117 107 1
117 109 1
117 110 1
117 112 1
117 113 1
117 114 1
117 115 1
117 116 1
117 119 1
117 120 1
117 121 1
117 124 1
117 125 1
117 126 1
117 128 1
117 129 1
117 131 1
117 133 1
117 134 1
117 135 1
117 136 1
117 140 1
117 142 1
117 145 1
117 146 1
117 148 1
117 150 1
117 200 1
117 202 1
117 204 1
117 206 1
117 208 1
117 209 1
117 211 1
117 234 1
117 235 1
117 236 1
117 244 1
117 408 1
117 410 1
117 1334 1
117 1335 1
117 1336 1
117 1337 1
117 1339 1
118 17 1
118 21 1
118 101 1
118 103 1
118 106 1
118 107 1
118 109 1
118 111 1
118 114 1
118 120 1
118 121 1
118 124 1
118 125 1
118 126 1
118 129 1
118 132 1
118 133 1
118 135 1
118 138 1
118 140 1
118 142 1
118 143 1
118 144 1
118 145 1
118 146 1
118 148 1
118 208 1
118 209 1
118 211 1
118 212 1
118 214 1
118 220 1
118 232 1
118 233 1
118 235 1
118 238 1
118 239 1
118 242 1
118 244 1
118 309 1
118 1172 1
118 1627 1
118 1770 1
118 1810 1
119 21 1
119 101 1
119 102 1
119 105 1
119 107 1
119 113 1
119 116 1
119 117 1
119 124 1
119 125 1
119 128 1
119 129 1
119 131 1
119 133 1
119 135 1
119 138 1
119 140 1
119 142 1
119 143 1
119 146 1
119 150 1
119 215 1
119 239 1
119 1335 1
119 1337 1
120 17 1
120 101 1
120 102 1
120 103 1
120 108 1
120 110 1
120 111 1
120 114 1
120 117 1
120 118 1
120 121 1
120 125 1
120 127 1
120 129 1
120 132 1
120 138 1
120 144 1
120 145 1
120 146 1
120 148 1
120 205 1
120 208 1
120 211 1
120 213 1
120 214 1
120 217 1
120 235 1
120 238 1
120 239 1
120 242 1
120 612 1
120 1223 1
121 17 1
121 101 1
121 102 1
121 103 1
121 105 1
121 106 1
121 107 1
121 108 1
121 111 1
121 114 1
121 115 1
121 117 1
121 118 1
121 120 1
121 122 1
121 124 1
121 125 1
121 126 1
121 127 1
121 129 1
121 131 1
121 132 1
121 135 1
121 138 1
121 139 1
121 142 1
121 143 1
121 144 1
121 145 1
121 146 1
121 148 1
121 150 1
121 200 1
121 201 1
121 203 1
121 209 1
121 210 1
121 213 1
121 216 1
121 220 1
121 233 1
121 234 1
121 235 1
121 239 1
121 243 1
121 244 1
121 309 1
121 572 1
121 612 1
121 871 1
121 1170 1
121 1172 1
121 1220 1
121 1221 1
121 1222 1
121 1363 1
121 1382 1
121 1568 1
121 1572 1
121 1818 1
122 101 1
122 103 1
122 107 1
122 111 1
122 121 1
122 125 1
122 126 1
122 129 1
122 135 1
122 142 1
122 143 1
122 145 1
122 147 1
122 205 1
122 208 1
122 211 1
122 235 1
122 1322 1
122 1338 1
123 101 1
123 102 1
123 111 1
123 114 1
123 125 1
123 127 1
123 145 1
123 237 1
124 15 1
124 17 1
124 101 1
124 103 1
124 105 1
124 107 1
124 109 1
124 110 1
124 111 1
124 112 1
124 113 1
124 114 1
124 115 1
124 117 1
124 118 1
124 119 1
124 121 1
124 125 1
124 126 1
124 128 1
124 129 1
124 130 1
124 131 1
124 133 1
124 136 1
124 137 1
124 145 1
124 206 1
124 207 1
124 211 1
124 218 1
124 220 1
124 221 1
124 235 1
124 236 1
124 239 1
124 243 1
124 244 1
124 465 1
124 595 1
124 1336 1
124 1337 1
124 1428 1
125 17 1
125 21 1
125 101 1
125 102 1
125 103 1
125 104 1
125 105 1
125 106 1
125 107 1
125 108 1
125 109 1
125 110 1
125 111 1
125 113 1
125 114 1
125 115 1
125 117 1
125 118 1
125 119 1
125 120 1
125 121 1
125 122 1
125 123 1
125 124 1
125 126 1
125 127 1
125 128 1
125 129 1
125 130 1
125 131 1
125 132 1
125 133 1
125 135 1
125 136 1
125 137 1
125 138 1
125 139 1
125 140 1
125 142 1
125 143 1
125 144 1
125 145 1
125 146 1
125 147 1
125 148 1
125 149 1
125 150 1
125 200 1
125 202 1
125 203 1
125 204 1
125 205 1
125 207 1
125 208 1
125 209 1
125 211 1
125 212 1
125 213 1
125 214 1
125 215 1
125 216 1
125 217 1
125 218 1
125 220 1
125 233 1
125 234 1
125 235 1
125 236 1
125 238 1
125 239 1
125 240 1
125 241 1
125 242 1
125 244 1
125 309 1
125 407 1
125 583 1
125 612 1
125 706 1
125 1170 1
125 1172 1
125 1220 1
125 1222 1
125 1223 1
125 1334 1
125 1335 1
125 1338 1
125 1448 1
125 1770 1
125 1810 1
126 17 1
126 101 1
126 105 1
126 107 1
126 108 1
126 112 1
126 114 1
126 115 1
126 117 1
126 118 1
126 121 1
126 122 1
126 124 1
126 125 1
126 129 1
126 130 1
126 131 1
126 135 1
126 136 1
126 142 1
126 144 1
126 145 1
126 146 1
126 147 1
126 148 1
126 204 1
126 207 1
126 208 1
126 211 1
126 213 1
126 214 1
126 219 1
126 220 1
126 237 1
126 240 1
126 241 1
126 244 1
126 1334 1
126 1337 1
127 17 1
127 101 1
127 105 1
127 107 1
127 120 1
127 121 1
127 123 1
127 125 1
127 129 1
127 143 1
127 145 1
127 146 1
127 216 1
127 233 1
127 235 1
127 244 1
127 595 1
127 1220 1
127 1222 1
127 1223 1
128 21 1
128 101 1
128 107 1
128 110 1
128 117 1
128 119 1
128 124 1
128 125 1
128 129 1
128 130 1
128 131 1
128 142 1
128 143 1
128 200 1
128 202 1
128 204 1
128 206 1
128 208 1
128 209 1
128 211 1
128 215 1
128 219 1
128 244 1
128 683 1
128 1335 1
128 1336 1
128 1337 1
129 17 1
129 21 1
129 101 1
129 102 1
129 103 1
129 105 1
129 107 1
129 108 1
129 111 1
129 112 1
129 113 1
129 114 1
129 115 1
129 116 1
129 117 1
129 118 1
129 119 1
129 120 1
129 121 1
129 122 1
129 124 1
129 125 1
129 126 1
129 127 1
129 128 1
129 130 1
129 132 1
129 133 1
129 134 1
129 135 1
129 138 1
129 142 1
129 144 1
129 145 1
129 146 1
129 147 1
129 148 1
129 150 1
129 200 1
129 208 1
129 209 1
129 211 1
129 212 1
129 214 1
129 215 1
129 216 1
129 217 1
129 219 1
129 220 1
129 221 1
129 240 1
129 244 1
129 1170 1
129 1334 1
129 1335 1
129 1337 1
130 17 1
130 21 1
130 101 1
130 105 1
130 107 1
130 111 1
130 113 1
130 115 1
130 124 1
130 125 1
130 126 1
130 128 1
130 129 1
130 131 1
130 132 1
130 133 1
130 134 1
130 136 1
130 137 1
130 139 1
130 142 1
130 145 1
130 146 1
130 147 1
130 150 1
130 200 1
130 205 1
130 207 1
130 208 1
130 209 1
130 211 1
130 212 1
130 214 1
130 217 1
130 234 1
130 239 1
130 244 1
131 17 1
131 101 1
131 102 1
131 103 1
131 105 1
131 107 1
131 110 1
131 117 1
131 119 1
131 121 1
131 124 1
131 125 1
131 126 1
131 128 1
131 130 1
131 133 1
131 134 1
131 140 1
131 142 1
131 146 1
131 200 1
131 204 1
131 208 1
131 209 1
131 211 1
131 217 1
131 240 1
131 244 1
131 595 1
131 1170 1
131 1334 1
131 1335 1
131 1337 1
131 1339 1
131 1768 1
132 17 1
132 101 1
132 103 1
132 105 1
132 106 1
132 107 1
132 118 1
132 120 1
132 121 1
132 125 1
132 129 1
132 130 1
132 138 1
132 144 1
132 146 1
132 150 1
132 208 1
132 213 1
132 214 1
132 235 1
132 239 1
132 242 1
132 244 1
132 309 1
132 595 1
132 1572 1
133 21 1
133 101 1
133 103 1
133 105 1
133 107 1
133 110 1
133 113 1
133 115 1
133 117 1
133 118 1
133 119 1
133 124 1
133 125 1
133 129 1
133 130 1
133 131 1
133 136 1
133 142 1
133 145 1
133 147 1
133 200 1
133 204 1
133 209 1
133 211 1
133 1335 1
133 1337 1
134 21 1
134 101 1
134 104 1
134 107 1
134 117 1
134 129 1
134 130 1
134 131 1
134 146 1
134 200 1
134 204 1
134 207 1
134 211 1
134 234 1
134 267 1
134 524 1
134 1204 1
134 1339 1
134 1371 1
135 17 1
135 101 1
135 103 1
135 107 1
135 108 1
135 109 1
135 112 1
135 114 1
135 115 1
135 117 1
135 118 1
135 119 1
135 121 1
135 122 1
135 125 1
135 126 1
135 129 1
135 136 1
135 138 1
135 142 1
135 145 1
135 146 1
135 147 1
135 150 1
135 208 1
135 212 1
135 214 1
135 220 1
135 234 1
135 235 1
135 239 1
135 240 1
135 241 1
135 595 1
135 612 1
135 1770 1
136 101 1
136 105 1
136 107 1
136 112 1
136 117 1
136 124 1
136 125 1
136 126 1
136 130 1
136 133 1
136 135 1
136 140 1
136 142 1
136 145 1
136 202 1
136 203 1
136 212 1
136 235 1
137 101 1
137 103 1
137 107 1
137 113 1
137 124 1
137 125 1
137 130 1
137 142 1
137 144 1
137 145 1
137 146 1
137 147 1
137 205 1
137 211 1
137 214 1
137 216 1
138 17 1
138 20 1
138 101 1
138 103 1
138 113 1
138 114 1
138 118 1
138 119 1
138 120 1
138 121 1
138 125 1
138 129 1
138 132 1
138 135 1
138 142 1
138 143 1
138 144 1
138 145 1
138 146 1
138 148 1
138 150 1
138 208 1
138 211 1
138 213 1
138 214 1
138 233 1
138 235 1
139 101 1
139 121 1
139 125 1
139 130 1
139 145 1
139 207 1
139 209 1
140 101 1
140 105 1
140 110 1
140 113 1
140 116 1
140 117 1
140 118 1
140 119 1
140 125 1
140 131 1
140 136 1
140 145 1
140 214 1
140 1335 1
140 1337 1
141 101 1
141 103 1
141 107 1
141 233 1
141 262 1
141 287 1
141 308 1
141 349 1
141 611 1
141 627 1
141 1114 1
141 1175 1
141 1342 1
141 1368 1
141 1568 1
141 1799 1
142 17 1
142 101 1
142 104 1
142 105 1
142 107 1
142 108 1
142 113 1
142 114 1
142 115 1
142 116 1
142 117 1
142 118 1
142 119 1
142 121 1
142 122 1
142 125 1
142 126 1
142 128 1
142 129 1
142 130 1
142 131 1
142 133 1
142 135 1
142 136 1
142 137 1
142 138 1
142 144 1
142 145 1
142 146 1
142 147 1
142 148 1
142 200 1
142 205 1
142 208 1
142 211 1
142 212 1
142 214 1
142 215 1
142 219 1
142 220 1
142 235 1
142 240 1
142 241 1
142 1337 1
143 101 1
143 103 1
143 109 1
143 111 1
143 113 1
143 114 1
143 118 1
143 119 1
143 121 1
143 122 1
143 125 1
143 127 1
143 128 1
143 138 1
143 144 1
143 145 1
143 146 1
143 212 1
143 234 1
143 235 1
143 239 1
143 243 1
144 17 1
144 101 1
144 102 1
144 105 1
144 106 1
144 107 1
144 109 1
144 110 1
144 112 1
144 113 1
144 118 1
144 120 1
144 121 1
144 125 1
144 126 1
144 129 1
144 132 1
144 137 1
144 138 1
144 142 1
144 143 1
144 145 1
144 146 1
144 150 1
144 203 1
144 205 1
144 208 1
144 209 1
144 211 1
144 213 1
144 216 1
144 217 1
144 218 1
144 220 1
144 235 1
144 237 1
144 238 1
144 242 1
144 244 1
144 309 1
144 381 1
144 595 1
144 601 1
144 612 1
144 1171 1
144 1220 1
144 1223 1
144 1398 1
144 1428 1
144 1770 1
144 1844 1
145 17 1
145 21 1
145 88 1
145 101 1
145 102 1
145 104 1
145 105 1
145 106 1
145 107 1
145 108 1
145 109 1
145 110 1
145 111 1
145 112 1
145 113 1
145 114 1
145 115 1
145 116 1
145 117 1
145 118 1
145 120 1
145 121 1
145 122 1
145 123 1
145 124 1
145 125 1
145 126 1
145 127 1
145 129 1
145 130 1
145 133 1
145 135 1
145 136 1
145 137 1
145 138 1
145 139 1
145 140 1
145 142 1
145 143 1
145 144 1
145 146 1
145 147 1
145 148 1
145 149 1
145 202 1
145 203 1
145 204 1
145 206 1
145 208 1
145 209 1
145 211 1
145 212 1
145 213 1
145 214 1
145 216 1
145 217 1
145 220 1
145 233 1
145 235 1
145 237 1
145 238 1
145 239 1
145 240 1
145 242 1
145 244 1
145 407 1
145 595 1
145 612 1
145 706 1
145 821 1
145 1171 1
145 1223 1
145 1334 1
145 1335 1
145 1336 1
145 1337 1
145 1339 1
145 1428 1
145 1844 1
146 17 1
146 18 1
146 20 1
146 21 1
146 101 1
146 102 1
146 103 1
146 104 1
146 105 1
146 106 1
146 107 1
146 108 1
146 109 1
146 111 1
146 113 1
146 114 1
146 115 1
146 117 1
146 118 1
146 119 1
146 120 1
146 121 1
146 125 1
146 126 1
146 127 1
146 129 1
146 130 1
146 131 1
146 132 1
146 134 1
146 135 1
146 137 1
146 138 1
146 142 1
146 143 1
146 144 1
146 145 1
146 148 1
146 149 1
146 150 1
146 204 1
146 208 1
146 209 1
146 211 1
146 212 1
146 213 1
146 214 1
146 216 1
146 217 1
146 220 1
146 233 1
146 235 1
146 237 1
146 239 1
146 240 1
146 241 1
146 242 1
146 244 1
146 407 1
146 409 1
146 595 1
146 1223 1
146 1338 1
146 1810 1
147 101 1
147 105 1
147 107 1
147 112 1
147 113 1
147 122 1
147 125 1
147 126 1
147 129 1
147 130 1
147 133 1
147 135 1
147 137 1
147 142 1
147 145 1
147 205 1
147 208 1
147 211 1
147 242 1
148 17 1
148 101 1
148 103 1
148 104 1
148 107 1
148 111 1
148 113 1
148 116 1
148 117 1
148 118 1
148 120 1
148 121 1
148 125 1
148 126 1
148 129 1
148 138 1
148 142 1
148 145 1
148 146 1
148 150 1
148 239 1
149 101 1
149 107 1
149 111 1
149 114 1
149 125 1
149 145 1
149 146 1
149 214 1
150 101 1
150 105 1
150 107 1
150 113 1
150 114 1
150 117 1
150 119 1
150 121 1
150 125 1
150 129 1
150 130 1
150 132 1
150 135 1
150 138 1
150 144 1
150 146 1
150 148 1
150 208 1
150 216 1
150 235 1
151 152 1
151 153 1
152 47 1
152 48 1
152 151 1
152 153 1
152 258 1
152 332 1
152 333 1
152 416 1
152 452 1
152 455 1
152 597 1
152 613 1
152 719 1
152 721 1
152 722 1
152 728 1
152 885 1
152 975 1
152 1183 1
152 1184 1
152 1275 1
152 1404 1
152 1461 1
152 1463 1
152 1464 1
152 1468 1
152 1595 1
152 1598 1
152 1599 1
152 1630 1
152 1686 1
152 1703 1
152 1704 1
152 1708 1
152 1787 1
152 1831 1
153 151 1
153 152 1
153 277 1
153 279 1
153 284 1
153 331 1
153 333 1
153 417 1
153 418 1
153 452 1
153 455 1
153 597 1
153 884 1
153 913 1
153 914 1
153 916 1
153 1066 1
153 1132 1
153 1439 1
153 1463 1
153 1468 1
153 1505 1
153 1528 1
153 1580 1
153 1599 1
153 1610 1
153 1686 1
153 1703 1
154 155 1
155 154 1
155 203 1
155 214 1
155 315 1
155 1215 1
156 157 1
156 158 1
156 159 1
156 160 1
156 161 1
156 162 1
156 163 1
156 164 1
156 165 1
156 166 1
156 167 1
157 156 1
157 159 1
157 161 1
157 162 1
157 163 1
157 165 1
157 166 1
157 167 1
157 269 1
157 358 1
157 359 1
157 360 1
157 361 1
157 362 1
157 363 1
157 364 1
157 365 1
157 366 1
157 367 1
157 368 1
157 369 1
157 370 1
157 371 1
157 372 1
158 156 1
158 159 1
158 160 1
158 161 1
158 162 1
158 163 1
158 164 1
158 166 1
158 167 1
159 156 1
159 157 1
159 158 1
159 160 1
159 161 1
159 162 1
159 163 1
159 164 1
159 165 1
159 166 1
159 167 1
160 156 1
160 158 1
160 159 1
160 163 1
160 164 1
160 166 1
160 167 1
161 156 1
161 157 1
161 158 1
161 159 1
161 163 1
161 166 1
161 167 1
162 156 1
162 157 1
162 158 1
162 159 1
162 163 1
162 164 1
162 165 1
162 166 1
162 167 1
163 156 1
163 157 1
163 158 1
163 159 1
163 160 1
163 161 1
163 162 1
163 164 1
163 165 1
163 166 1
163 167 1
164 156 1
164 158 1
164 159 1
164 160 1
164 162 1
164 163 1
164 165 1
164 166 1
164 167 1
165 156 1
165 157 1
165 159 1
165 162 1
165 163 1
165 164 1
165 166 1
165 167 1
166 156 1
166 157 1
166 158 1
166 159 1
166 160 1
166 161 1
166 162 1
166 163 1
166 164 1
166 165 1
166 167 1
167 156 1
167 157 1
167 158 1
167 159 1
167 160 1
167 161 1
167 162 1
167 163 1
167 164 1
167 165 1
167 166 1
168 169 1
168 170 1
168 171 1
168 172 1
168 173 1
168 174 1
169 168 1
169 170 1
169 171 1
169 172 1
169 173 1
170 168 1
170 169 1
170 171 1
170 172 1
170 173 1
170 174 1
171 168 1
171 169 1
171 170 1
171 172 1
171 173 1
171 174 1
172 168 1
172 169 1
172 170 1
172 171 1
172 173 1
172 174 1
172 1416 1
173 168 1
173 169 1
173 170 1
173 171 1
173 172 1
173 316 1
173 646 1
173 944 1
174 168 1
174 170 1
174 171 1
174 172 1
174 1629 1
175 176 1
175 177 1
175 178 1
175 179 1
175 180 1
176 175 1
176 177 1
176 178 1
176 179 1
176 180 1
177 175 1
177 176 1
177 178 1
177 179 1
177 180 1
178 175 1
178 176 1
178 177 1
178 179 1
178 180 1
179 175 1
179 176 1
179 177 1
179 178 1
179 180 1
180 175 1
180 176 1
180 177 1
180 178 1
180 179 1
181 182 1
182 181 1
182 185 1
182 232 1
182 407 1
182 465 1
182 500 1
182 1002 1
182 1477 1
183 184 1
183 185 1
184 183 1
185 182 1
185 183 1
185 194 1
185 265 1
185 271 1
185 453 1
185 645 1
185 1158 1
185 1838 1
185 1844 1
186 187 1
187 186 1
188 189 1
188 190 1
188 191 1
188 192 1
189 188 1
189 507 1
189 1289 1
189 1304 1
189 1308 1
189 1451 1
189 1691 1
189 1821 1
190 188 1
190 400 1
190 445 1
190 657 1
190 777 1
190 867 1
190 947 1
190 1363 1
190 1364 1
190 1576 1
190 1618 1
191 188 1
191 216 1
191 309 1
191 310 1
191 319 1
191 819 1
191 1283 1
191 1428 1
192 92 1
192 188 1
192 263 1
192 272 1
192 312 1
192 350 1
192 544 1
192 572 1
192 657 1
192 658 1
192 661 1
192 672 1
192 777 1
192 1173 1
192 1174 1
192 1450 1
193 194 1
193 195 1
193 196 1
194 185 1
194 193 1
194 306 1
194 501 1
194 572 1
194 611 1
194 613 1
194 724 1
194 725 1
194 726 1
195 193 1
195 196 1
196 193 1
196 195 1
197 198 1
197 199 1
198 197 1
198 199 1
198 317 1
198 1371 1
199 197 1
199 198 1
199 1850 1
200 17 1
200 21 1
200 102 1
200 104 1
200 107 1
200 113 1
200 117 1
200 121 1
200 125 1
200 128 1
200 129 1
200 130 1
200 131 1
200 133 1
200 134 1
200 142 1
200 202 1
200 208 1
200 209 1
200 211 1
200 215 1
200 216 1
200 219 1
200 221 1
200 1334 1
200 1335 1
200 1336 1
200 1337 1
200 1338 1
200 1339 1
201 102 1
201 121 1
201 203 1
201 210 1
201 218 1
201 1223 1
202 102 1
202 117 1
202 125 1
202 128 1
202 136 1
202 145 1
202 200 1
203 17 1
203 102 1
203 107 1
203 115 1
203 121 1
203 125 1
203 136 1
203 144 1
203 145 1
203 155 1
203 201 1
203 210 1
203 216 1
203 217 1
203 234 1
203 237 1
203 262 1
203 627 1
203 867 1
203 874 1
203 950 1
203 1223 1
203 1367 1
203 1370 1
203 1482 1
203 1568 1
203 1618 1
203 1847 1
204 21 1
204 102 1
204 107 1
204 113 1
204 117 1
204 125 1
204 126 1
204 128 1
204 131 1
204 133 1
204 134 1
204 145 1
204 146 1
204 208 1
204 209 1
204 211 1
204 239 1
204 1223 1
204 1768 1
205 102 1
205 107 1
205 120 1
205 122 1
205 125 1
205 130 1
205 137 1
205 142 1
205 144 1
205 147 1
205 208 1
205 211 1
205 1338 1
206 21 1
206 102 1
206 104 1
206 107 1
206 113 1
206 117 1
206 124 1
206 128 1
206 145 1
206 209 1
206 211 1
207 102 1
207 124 1
207 125 1
207 126 1
207 130 1
207 134 1
207 139 1
207 211 1
208 17 1
208 102 1
208 103 1
208 107 1
208 108 1
208 110 1
208 113 1
208 117 1
208 118 1
208 120 1
208 122 1
208 125 1
208 126 1
208 128 1
208 129 1
208 130 1
208 131 1
208 132 1
208 135 1
208 138 1
208 142 1
208 144 1
208 145 1
208 146 1
208 147 1
208 150 1
208 200 1
208 204 1
208 205 1
208 211 1
208 220 1
208 235 1
208 240 1
208 244 1
208 309 1
208 1768 1
209 17 1
209 21 1
209 102 1
209 104 1
209 107 1
209 108 1
209 113 1
209 117 1
209 118 1
209 121 1
209 125 1
209 128 1
209 129 1
209 130 1
209 131 1
209 133 1
209 139 1
209 144 1
209 145 1
209 146 1
209 200 1
209 204 1
209 206 1
209 211 1
210 102 1
210 111 1
210 121 1
210 201 1
210 203 1
211 17 1
211 21 1
211 102 1
211 104 1
211 105 1
211 107 1
211 108 1
211 109 1
211 111 1
211 113 1
211 114 1
211 115 1
211 117 1
211 118 1
211 120 1
211 122 1
211 124 1
211 125 1
211 126 1
211 128 1
211 129 1
211 130 1
211 131 1
211 133 1
211 134 1
211 137 1
211 138 1
211 142 1
211 144 1
211 145 1
211 146 1
211 147 1
211 200 1
211 204 1
211 205 1
211 206 1
211 207 1
211 208 1
211 209 1
211 212 1
211 214 1
211 215 1
211 216 1
211 238 1
211 239 1
211 240 1
211 244 1
211 595 1
211 1171 1
211 1335 1
211 1336 1
211 1339 1
211 1768 1
212 102 1
212 107 1
212 109 1
212 110 1
212 118 1
212 125 1
212 129 1
212 130 1
212 135 1
212 136 1
212 142 1
212 143 1
212 145 1
212 146 1
212 211 1
212 221 1
212 239 1
212 243 1
212 244 1
213 17 1
213 102 1
213 103 1
213 106 1
213 107 1
213 120 1
213 121 1
213 125 1
213 126 1
213 132 1
213 138 1
213 144 1
213 145 1
213 146 1
213 235 1
213 237 1
213 238 1
213 242 1
213 595 1
213 1223 1
214 17 1
214 20 1
214 21 1
214 102 1
214 103 1
214 105 1
214 107 1
214 108 1
214 111 1
214 114 1
214 115 1
214 116 1
214 118 1
214 120 1
214 125 1
214 126 1
214 129 1
214 130 1
214 132 1
214 135 1
214 137 1
214 138 1
214 140 1
214 142 1
214 145 1
214 146 1
214 149 1
214 155 1
214 211 1
214 216 1
214 217 1
214 235 1
214 238 1
214 239 1
214 244 1
214 821 1
214 1170 1
214 1189 1
214 1322 1
214 1338 1
215 102 1
215 103 1
215 107 1
215 113 1
215 115 1
215 119 1
215 125 1
215 128 1
215 129 1
215 142 1
215 200 1
215 211 1
215 1335 1
215 1336 1
215 1771 1
216 17 1
216 102 1
216 107 1
216 108 1
216 121 1
216 125 1
216 127 1
216 129 1
216 137 1
216 144 1
216 145 1
216 146 1
216 150 1
216 191 1
216 200 1
216 203 1
216 211 1
216 214 1
216 235 1
216 237 1
216 241 1
216 244 1
216 260 1
216 300 1
216 309 1
216 346 1
216 407 1
216 587 1
216 595 1
216 1075 1
216 1223 1
216 1342 1
216 1572 1
216 1770 1
216 1847 1
217 17 1
217 21 1
217 102 1
217 107 1
217 120 1
217 125 1
217 129 1
217 130 1
217 131 1
217 144 1
217 145 1
217 146 1
217 203 1
217 214 1
217 219 1
217 235 1
217 524 1
217 595 1
217 1223 1
218 102 1
218 124 1
218 125 1
218 144 1
218 201 1
218 500 1
219 102 1
219 107 1
219 126 1
219 128 1
219 129 1
219 142 1
219 200 1
219 217 1
220 102 1
220 107 1
220 118 1
220 121 1
220 124 1
220 125 1
220 126 1
220 129 1
220 135 1
220 142 1
220 144 1
220 145 1
220 146 1
220 208 1
220 235 1
221 102 1
221 109 1
221 124 1
221 129 1
221 200 1
221 212 1
221 234 1
221 243 1
221 244 1
222 223 1
223 222 1
224 225 1
224 226 1
225 224 1
225 1342 1
225 1671 1
226 224 1
226 375 1
226 376 1
226 377 1
226 1281 1
227 228 1
227 229 1
227 230 1
228 227 1
228 285 1
228 973 1
228 1065 1
228 1069 1
228 1070 1
228 1071 1
229 51 1
229 227 1
229 275 1
229 283 1
229 446 1
229 453 1
229 1062 1
229 1067 1
229 1351 1
229 1352 1
229 1353 1
229 1354 1
229 1355 1
229 1356 1
229 1357 1
230 227 1
230 283 1
230 723 1
230 729 1
230 1439 1
230 1609 1
231 232 1
232 118 1
232 182 1
232 231 1
232 613 1
232 1410 1
232 1825 1
233 103 1
233 104 1
233 118 1
233 121 1
233 125 1
233 127 1
233 138 1
233 141 1
233 145 1
233 146 1
233 235 1
233 237 1
233 244 1
233 1222 1
233 1223 1
233 1321 1
233 1322 1
234 20 1
234 103 1
234 105 1
234 107 1
234 115 1
234 117 1
234 121 1
234 125 1
234 130 1
234 134 1
234 135 1
234 143 1
234 203 1
234 221 1
234 244 1
234 265 1
234 1189 1
234 1334 1
234 1565 1
234 1627 1
234 1799 1
235 17 1
235 103 1
235 106 1
235 108 1
235 109 1
235 111 1
235 112 1
235 114 1
235 117 1
235 118 1
235 120 1
235 121 1
235 122 1
235 124 1
235 125 1
235 127 1
235 132 1
235 135 1
235 136 1
235 138 1
235 142 1
235 143 1
235 144 1
235 145 1
235 146 1
235 150 1
235 208 1
235 213 1
235 214 1
235 216 1
235 217 1
235 220 1
235 233 1
235 238 1
235 242 1
235 309 1
235 595 1
235 612 1
235 1339 1
235 1770 1
236 103 1
236 105 1
236 107 1
236 116 1
236 117 1
236 124 1
236 125 1
236 316 1
236 1335 1
236 1447 1
237 103 1
237 123 1
237 126 1
237 144 1
237 145 1
237 146 1
237 203 1
237 213 1
237 216 1
237 233 1
237 1220 1
238 103 1
238 107 1
238 108 1
238 118 1
238 120 1
238 125 1
238 144 1
238 145 1
238 211 1
238 213 1
238 214 1
238 235 1
238 240 1
238 1336 1
239 103 1
239 106 1
239 107 1
239 109 1
239 111 1
239 112 1
239 114 1
239 118 1
239 119 1
239 120 1
239 121 1
239 124 1
239 125 1
239 130 1
239 132 1
239 135 1
239 143 1
239 145 1
239 146 1
239 148 1
239 204 1
239 211 1
239 212 1
239 214 1
239 611 1
239 1810 1
240 103 1
240 105 1
240 107 1
240 108 1
240 110 1
240 114 1
240 115 1
240 125 1
240 126 1
240 129 1
240 131 1
240 135 1
240 142 1
240 145 1
240 146 1
240 208 1
240 211 1
240 238 1
240 244 1
241 103 1
241 105 1
241 115 1
241 125 1
241 126 1
241 135 1
241 142 1
241 146 1
241 216 1
241 1339 1
242 17 1
242 103 1
242 107 1
242 118 1
242 120 1
242 125 1
242 132 1
242 144 1
242 145 1
242 146 1
242 147 1
242 213 1
242 235 1
242 309 1
242 612 1
242 1223 1
242 1572 1
243 103 1
243 107 1
243 109 1
243 111 1
243 112 1
243 121 1
243 124 1
243 143 1
243 212 1
243 221 1
244 17 1
244 21 1
244 103 1
244 107 1
244 108 1
244 109 1
244 110 1
244 111 1
244 113 1
244 117 1
244 118 1
244 121 1
244 124 1
244 125 1
244 126 1
244 127 1
244 128 1
244 129 1
244 130 1
244 131 1
244 132 1
244 144 1
244 145 1
244 146 1
244 208 1
244 211 1
244 212 1
244 214 1
244 216 1
244 221 1
244 233 1
244 234 1
244 240 1
244 309 1
244 1012 1
244 1171 1
244 1172 1
244 1301 1
244 1335 1
245 246 1
245 247 1
245 248 1
246 245 1
246 247 1
246 471 1
246 503 1
246 538 1
246 539 1
246 540 1
246 541 1
246 542 1
246 543 1
246 544 1
246 545 1
246 546 1
246 547 1
247 245 1
247 246 1
248 245 1
248 544 1
248 545 1
248 660 1
248 662 1
248 664 1
248 667 1
248 670 1
248 712 1
248 1016 1
248 1018 1
248 1329 1
248 1331 1
248 1365 1
248 1709 1
248 1774 1
248 1775 1
249 250 1
249 251 1
250 249 1
250 251 1
250 349 1
250 627 1
251 249 1
251 250 1
251 349 1
252 253 1
252 254 1
252 255 1
252 256 1
253 252 1
253 254 1
253 255 1
253 256 1
254 252 1
254 253 1
254 255 1
254 256 1
255 252 1
255 253 1
255 254 1
255 256 1
256 252 1
256 253 1
256 254 1
256 255 1
257 51 1
257 258 1
257 259 1
257 260 1
257 261 1
257 262 1
257 263 1
257 264 1
257 265 1
257 266 1
257 267 1
257 268 1
257 269 1
257 270 1
257 271 1
258 152 1
258 257 1
258 332 1
258 417 1
258 418 1
259 257 1
259 465 1
259 572 1
259 623 1
259 1379 1
259 1380 1
259 1381 1
259 1382 1
260 216 1
260 257 1
260 264 1
260 271 1
260 463 1
260 977 1
260 1179 1
260 1827 1
260 1828 1
261 257 1
261 645 1
261 943 1
261 1627 1
261 1838 1
261 1839 1
262 141 1
262 203 1
262 257 1
262 467 1
262 613 1
262 627 1
262 834 1
262 873 1
262 979 1
262 1469 1
262 1474 1
262 1697 1
262 1828 1
263 192 1
263 257 1
263 272 1
263 1298 1
264 257 1
264 260 1
264 287 1
264 802 1
264 843 1
265 185 1
265 234 1
265 257 1
265 267 1
265 306 1
265 501 1
265 725 1
265 1159 1
265 1189 1
265 1204 1
265 1207 1
265 1208 1
265 1210 1
265 1578 1
266 257 1
266 267 1
266 271 1
266 1843 1
267 51 1
267 72 1
267 75 1
267 134 1
267 257 1
267 265 1
267 266 1
267 270 1
267 400 1
267 459 1
267 501 1
267 660 1
267 719 1
267 811 1
267 846 1
267 928 1
267 977 1
267 1132 1
267 1205 1
267 1209 1
267 1274 1
267 1286 1
267 1474 1
267 1680 1
267 1697 1
267 1705 1
267 1706 1
267 1753 1
268 11 1
268 257 1
268 271 1
268 283 1
268 381 1
268 465 1
268 467 1
268 645 1
268 927 1
268 955 1
268 981 1
268 1793 1
268 1848 1
269 51 1
269 157 1
269 257 1
269 452 1
269 455 1
269 816 1
269 885 1
269 913 1
269 1038 1
269 1056 1
269 1057 1
269 1060 1
269 1602 1
269 1603 1
269 1695 1
269 1697 1
269 1700 1
269 1705 1
269 1807 1
270 257 1
270 267 1
270 1204 1
270 1209 1
270 1681 1
271 185 1
271 257 1
271 260 1
271 266 1
271 268 1
271 381 1
271 463 1
271 465 1
271 601 1
271 819 1
271 977 1
271 1000 1
271 1114 1
271 1158 1
271 1179 1
271 1216 1
271 1283 1
271 1426 1
271 1477 1
272 92 1
272 192 1
272 263 1
272 273 1
273 272 1
273 287 1
273 1180 1
273 1283 1
273 1847 1
274 51 1
274 275 1
274 276 1
274 277 1
274 278 1
274 279 1
274 280 1
274 281 1
274 282 1
274 283 1
274 284 1
274 285 1
275 35 1
275 38 1
275 47 1
275 229 1
275 274 1
275 282 1
275 506 1
275 723 1
275 1133 1
275 1137 1
275 1353 1
275 1423 1
275 1425 1
275 1439 1
275 1440 1
275 1505 1
275 1554 1
275 1710 1
275 1787 1
275 1788 1
275 1789 1
276 35 1
276 38 1
276 47 1
276 48 1
276 274 1
276 277 1
276 279 1
276 281 1
276 284 1
276 449 1
276 452 1
276 453 1
276 457 1
276 716 1
276 720 1
276 728 1
276 729 1
276 915 1
276 976 1
276 1067 1
276 1136 1
276 1353 1
276 1356 1
276 1463 1
276 1608 1
276 1685 1
276 1693 1
276 1694 1
276 1710 1
276 1720 1
276 1834 1
277 47 1
277 48 1
277 51 1
277 153 1
277 274 1
277 276 1
277 279 1
277 281 1
277 283 1
277 452 1
277 453 1
277 597 1
277 716 1
277 914 1
277 1696 1
278 274 1
278 280 1
278 282 1
279 153 1
279 274 1
279 276 1
279 277 1
279 281 1
279 284 1
279 285 1
279 452 1
279 453 1
279 716 1
279 914 1
279 917 1
279 1067 1
279 1351 1
279 1686 1
279 1689 1
280 35 1
280 38 1
280 51 1
280 53 1
280 274 1
280 278 1
280 597 1
280 723 1
280 820 1
280 870 1
280 904 1
280 1133 1
280 1353 1
280 1357 1
280 1440 1
280 1609 1
280 1610 1
281 47 1
281 51 1
281 274 1
281 276 1
281 277 1
281 279 1
281 283 1
281 284 1
281 285 1
281 417 1
281 452 1
281 453 1
281 457 1
281 914 1
281 916 1
281 1067 1
281 1441 1
281 1600 1
281 1603 1
281 1608 1
281 1685 1
282 274 1
282 275 1
282 278 1
282 351 1
282 353 1
282 354 1
282 441 1
282 719 1
282 1423 1
283 38 1
283 51 1
283 229 1
283 230 1
283 268 1
283 274 1
283 277 1
283 281 1
283 284 1
283 285 1
283 382 1
283 415 1
283 446 1
283 447 1
283 448 1
283 449 1
283 452 1
283 453 1
283 454 1
283 455 1
283 456 1
283 457 1
283 723 1
283 914 1
283 915 1
283 927 1
283 952 1
283 958 1
283 973 1
283 980 1
283 1068 1
283 1132 1
283 1133 1
283 1136 1
283 1236 1
283 1240 1
283 1284 1
283 1353 1
283 1356 1
283 1357 1
283 1400 1
283 1402 1
283 1403 1
283 1439 1
283 1471 1
283 1551 1
283 1600 1
283 1601 1
283 1604 1
283 1607 1
283 1685 1
283 1689 1
283 1693 1
283 1694 1
283 1703 1
283 1705 1
283 1706 1
283 1720 1
283 1788 1
283 1789 1
284 153 1
284 274 1
284 276 1
284 279 1
284 281 1
284 283 1
284 728 1
284 914 1
284 916 1
284 917 1
284 975 1
284 978 1
284 1554 1
284 1686 1
285 228 1
285 274 1
285 279 1
285 281 1
285 283 1
285 716 1
285 728 1
285 959 1
285 976 1
285 1067 1
285 1351 1
285 1471 1
285 1485 1
285 1694 1
286 287 1
287 141 1
287 264 1
287 273 1
287 286 1
287 375 1
287 464 1
287 465 1
287 627 1
287 906 1
287 1105 1
287 1106 1
287 1114 1
287 1123 1
287 1221 1
287 1299 1
287 1340 1
287 1343 1
287 1410 1
287 1676 1
288 289 1
289 288 1
289 407 1
289 588 1
289 589 1
289 595 1
289 812 1
289 814 1
289 1026 1
289 1027 1
289 1028 1
289 1029 1
289 1812 1
290 291 1
290 292 1
291 290 1
292 290 1
292 347 1
292 1359 1
293 294 1
293 295 1
293 296 1
293 297 1
293 298 1
293 299 1
294 293 1
294 295 1
294 296 1
294 297 1
294 298 1
294 299 1
295 293 1
295 294 1
295 296 1
295 297 1
295 298 1
295 299 1
296 293 1
296 294 1
296 295 1
296 297 1
296 298 1
296 299 1
297 293 1
297 294 1
297 295 1
297 296 1
297 298 1
297 299 1
298 293 1
298 294 1
298 295 1
298 296 1
298 297 1
298 299 1
299 293 1
299 294 1
299 295 1
299 296 1
299 297 1
299 298 1
300 91 1
300 216 1
300 301 1
300 302 1
300 303 1
300 304 1
300 305 1
300 306 1
300 307 1
300 308 1
300 309 1
300 310 1
300 311 1
300 312 1
300 313 1
300 314 1
300 315 1
300 316 1
300 317 1
300 318 1
300 319 1
300 320 1
300 321 1
300 322 1
301 300 1
302 300 1
302 313 1
302 318 1
302 321 1
302 346 1
302 1374 1
302 1375 1
303 300 1
303 310 1
303 544 1
303 991 1
303 994 1
303 995 1
303 1288 1
303 1306 1
303 1376 1
303 1377 1
303 1378 1
304 77 1
304 300 1
304 505 1
304 1176 1
304 1189 1
304 1207 1
304 1392 1
304 1795 1
304 1797 1
305 91 1
305 300 1
305 316 1
305 317 1
305 375 1
305 380 1
305 602 1
305 624 1
305 1371 1
305 1672 1
305 1677 1
306 194 1
306 265 1
306 300 1
306 316 1
306 317 1
306 624 1
306 928 1
306 1122 1
306 1213 1
306 1283 1
306 1467 1
306 1578 1
307 300 1
307 777 1
307 1288 1
307 1289 1
307 1306 1
308 141 1
308 300 1
308 309 1
308 311 1
308 346 1
308 612 1
308 867 1
308 1189 1
308 1288 1
308 1301 1
308 1303 1
308 1477 1
309 68 1
309 91 1
309 92 1
309 118 1
309 121 1
309 125 1
309 132 1
309 144 1
309 191 1
309 208 1
309 216 1
309 235 1
309 242 1
309 244 1
309 300 1
309 308 1
309 312 1
309 380 1
309 442 1
309 568 1
309 612 1
309 948 1
309 1012 1
309 1207 1
309 1301 1
309 1792 1
310 191 1
310 300 1
310 303 1
310 1235 1
310 1450 1
311 91 1
311 300 1
311 308 1
311 319 1
311 612 1
311 626 1
311 745 1
311 819 1
311 1476 1
311 1477 1
311 1482 1
311 1844 1
312 88 1
312 92 1
312 192 1
312 300 1
312 309 1
312 314 1
312 1176 1
313 300 1
313 302 1
313 318 1
313 320 1
313 321 1
313 346 1
313 775 1
313 1166 1
313 1374 1
313 1375 1
314 300 1
314 312 1
314 948 1
314 999 1
314 1001 1
315 106 1
315 155 1
315 300 1
315 1003 1
316 173 1
316 236 1
316 300 1
316 305 1
316 306 1
316 623 1
316 624 1
316 890 1
316 1213 1
316 1391 1
316 1393 1
316 1398 1
317 198 1
317 300 1
317 305 1
317 306 1
317 624 1
317 1396 1
318 300 1
318 302 1
318 313 1
318 321 1
318 1166 1
318 1374 1
319 191 1
319 300 1
319 311 1
319 381 1
319 612 1
319 819 1
319 999 1
319 1792 1
320 300 1
320 313 1
320 1374 1
320 1375 1
320 1571 1
320 1858 1
321 300 1
321 302 1
321 313 1
321 318 1
321 506 1
321 1166 1
321 1374 1
321 1375 1
322 88 1
322 92 1
322 300 1
322 630 1
322 657 1
322 1176 1
322 1213 1
322 1394 1
322 1450 1
322 1541 1
322 1620 1
323 324 1
323 325 1
323 326 1
323 327 1
323 328 1
323 329 1
323 330 1
324 323 1
324 326 1
324 1152 1
324 1804 1
325 323 1
325 327 1
325 328 1
325 329 1
325 330 1
325 1218 1
326 323 1
326 324 1
326 1816 1
327 323 1
327 325 1
327 328 1
327 329 1
327 330 1
328 323 1
328 325 1
328 327 1
328 329 1
328 330 1
328 445 1
328 1626 1
329 323 1
329 325 1
329 327 1
329 328 1
329 461 1
330 323 1
330 325 1
330 327 1
330 328 1
330 442 1
330 443 1
330 1305 1
330 1804 1
331 153 1
331 332 1
331 333 1
332 152 1
332 258 1
332 331 1
332 333 1
332 417 1
332 418 1
332 452 1
332 596 1
332 598 1
332 719 1
332 730 1
332 884 1
332 903 1
332 917 1
332 1441 1
332 1580 1
332 1598 1
332 1627 1
332 1686 1
333 152 1
333 153 1
333 331 1
333 332 1
333 418 1
333 597 1
333 820 1
333 903 1
333 1598 1
333 1686 1
334 335 1
335 334 1
335 612 1
335 777 1
335 881 1
335 1176 1
335 1326 1
335 1362 1
335 1391 1
335 1392 1
335 1395 1
335 1397 1
335 1398 1
335 1618 1
336 337 1
336 338 1
336 339 1
336 340 1
336 341 1
337 336 1
337 338 1
337 339 1
337 340 1
337 341 1
338 336 1
338 337 1
338 339 1
338 340 1
338 341 1
339 336 1
339 337 1
339 338 1
339 340 1
339 341 1
340 336 1
340 337 1
340 338 1
340 339 1
340 341 1
341 336 1
341 337 1
341 338 1
341 339 1
341 340 1
342 343 1
343 342 1
343 1147 1
343 1200 1
343 1201 1
343 1803 1
344 345 1
345 344 1
346 216 1
346 302 1
346 308 1
346 313 1
346 347 1
346 348 1
346 349 1
346 350 1
347 292 1
347 346 1
347 504 1
347 657 1
347 777 1
347 1173 1
347 1176 1
347 1288 1
347 1290 1
347 1300 1
347 1303 1
347 1306 1
347 1308 1
347 1483 1
347 1629 1
347 1784 1
347 1822 1
347 1823 1
348 20 1
348 346 1
348 349 1
348 350 1
348 503 1
348 627 1
348 992 1
348 1308 1
348 1618 1
348 1629 1
349 141 1
349 250 1
349 251 1
349 346 1
349 348 1
349 612 1
349 627 1
349 657 1
349 819 1
349 947 1
349 1308 1
349 1618 1
349 1676 1
350 192 1
350 346 1
350 348 1
350 445 1
350 777 1
350 992 1
350 1174 1
350 1189 1
350 1190 1
350 1193 1
350 1194 1
350 1195 1
350 1196 1
350 1197 1
350 1308 1
350 1342 1
350 1362 1
350 1450 1
350 1618 1
350 1661 1
350 1856 1
351 282 1
351 352 1
351 353 1
351 354 1
351 355 1
351 356 1
351 357 1
352 351 1
352 353 1
352 354 1
352 355 1
352 356 1
352 357 1
353 282 1
353 351 1
353 352 1
353 354 1
353 355 1
353 357 1
353 441 1
354 282 1
354 351 1
354 352 1
354 353 1
354 355 1
354 356 1
354 357 1
355 351 1
355 352 1
355 353 1
355 354 1
355 356 1
355 357 1
356 351 1
356 352 1
356 354 1
356 355 1
356 357 1
357 351 1
357 352 1
357 353 1
357 354 1
357 355 1
357 356 1
358 157 1
358 359 1
358 360 1
358 361 1
358 362 1
358 363 1
358 365 1
358 366 1
358 371 1
358 372 1
359 157 1
359 358 1
359 360 1
359 361 1
359 362 1
359 363 1
359 365 1
359 366 1
359 367 1
359 371 1
359 372 1
360 157 1
360 358 1
360 359 1
360 361 1
360 362 1
360 363 1
360 365 1
360 366 1
360 367 1
360 371 1
361 157 1
361 358 1
361 359 1
361 360 1
361 362 1
361 363 1
361 365 1
361 367 1
361 371 1
361 372 1
362 157 1
362 358 1
362 359 1
362 360 1
362 361 1
362 363 1
362 365 1
362 366 1
362 367 1
362 371 1
362 372 1
363 157 1
363 358 1
363 359 1
363 360 1
363 361 1
363 362 1
363 365 1
363 367 1
363 371 1
364 157 1
364 467 1
364 833 1
364 879 1
364 1385 1
364 1386 1
364 1387 1
364 1719 1
364 1824 1
365 157 1
365 358 1
365 359 1
365 360 1
365 361 1
365 362 1
365 363 1
365 366 1
365 367 1
365 371 1
366 157 1
366 358 1
366 359 1
366 360 1
366 362 1
366 365 1
366 371 1
366 372 1
367 157 1
367 359 1
367 360 1
367 361 1
367 362 1
367 363 1
367 365 1
367 371 1
367 372 1
368 157 1
368 381 1
368 801 1
368 1155 1
369 157 1
369 719 1
369 819 1
369 873 1
369 997 1
369 1282 1
370 157 1
370 544 1
370 656 1
370 708 1
370 1156 1
370 1774 1
370 1826 1
371 157 1
371 358 1
371 359 1
371 360 1
371 361 1
371 362 1
371 363 1
371 365 1
371 366 1
371 367 1
371 372 1
372 157 1
372 358 1
372 359 1
372 361 1
372 362 1
372 366 1
372 367 1
372 371 1
373 374 1
373 375 1
373 376 1
373 377 1
374 373 1
374 376 1
374 377 1
374 1180 1
375 226 1
375 287 1
375 305 1
375 373 1
375 376 1
375 650 1
376 226 1
376 373 1
376 374 1
376 375 1
376 377 1
376 1281 1
377 226 1
377 373 1
377 374 1
377 376 1
377 1214 1
378 379 1
378 380 1
378 381 1
379 378 1
379 625 1
379 1692 1
380 305 1
380 309 1
380 378 1
380 630 1
381 144 1
381 268 1
381 271 1
381 319 1
381 368 1
381 378 1
381 502 1
381 837 1
381 1536 1
382 51 1
382 283 1
383 384 1
383 385 1
383 386 1
383 387 1
383 388 1
383 389 1
383 390 1
383 391 1
383 392 1
383 393 1
384 383 1
384 385 1
384 386 1
384 387 1
384 388 1
384 389 1
384 390 1
384 391 1
384 392 1
384 1610 1
385 383 1
385 384 1
385 386 1
385 387 1
385 388 1
385 391 1
385 392 1
385 393 1
385 1610 1
386 383 1
386 384 1
386 385 1
386 387 1
386 388 1
386 389 1
386 391 1
386 392 1
386 393 1
386 1610 1
387 383 1
387 384 1
387 385 1
387 386 1
387 388 1
387 389 1
387 390 1
387 391 1
387 392 1
387 393 1
387 1610 1
388 383 1
388 384 1
388 385 1
388 386 1
388 387 1
388 389 1
388 390 1
388 391 1
388 392 1
388 1610 1
389 383 1
389 384 1
389 386 1
389 387 1
389 388 1
389 390 1
389 391 1
389 393 1
389 1610 1
390 383 1
390 384 1
390 387 1
390 388 1
390 389 1
390 391 1
390 392 1
390 393 1
390 1610 1
391 383 1
391 384 1
391 385 1
391 386 1
391 387 1
391 388 1
391 389 1
391 390 1
391 392 1
391 393 1
391 1610 1
392 383 1
392 384 1
392 385 1
392 386 1
392 387 1
392 388 1
392 390 1
392 391 1
392 1610 1
393 383 1
393 385 1
393 386 1
393 387 1
393 389 1
393 390 1
393 391 1
393 1610 1
394 395 1
394 396 1
394 397 1
394 398 1
394 399 1
394 400 1
394 401 1
395 394 1
395 396 1
395 397 1
395 399 1
395 401 1
395 1120 1
395 1234 1
396 394 1
396 395 1
396 397 1
396 401 1
396 1232 1
396 1234 1
396 1381 1
397 394 1
397 395 1
397 396 1
397 399 1
397 400 1
397 401 1
398 21 1
398 394 1
398 464 1
398 471 1
398 889 1
398 1107 1
398 1112 1
398 1114 1
398 1117 1
398 1119 1
398 1120 1
398 1219 1
399 394 1
399 395 1
399 397 1
399 401 1
399 889 1
400 190 1
400 267 1
400 394 1
400 397 1
400 1108 1
400 1117 1
400 1120 1
401 394 1
401 395 1
401 396 1
401 397 1
401 399 1
401 1234 1
402 403 1
403 402 1
404 18 1
404 405 1
404 406 1
404 407 1
404 408 1
404 409 1
404 410 1
404 411 1
405 404 1
405 410 1
405 1480 1
405 1481 1
406 15 1
406 404 1
406 408 1
406 410 1
406 411 1
406 1024 1
407 17 1
407 18 1
407 125 1
407 145 1
407 146 1
407 182 1
407 216 1
407 289 1
407 404 1
407 409 1
407 588 1
407 589 1
407 595 1
407 1028 1
407 1338 1
407 1339 1
408 15 1
408 117 1
408 404 1
408 406 1
408 410 1
408 411 1
408 585 1
408 591 1
408 593 1
408 682 1
408 686 1
408 687 1
408 1023 1
408 1024 1
408 1025 1
409 18 1
409 146 1
409 404 1
409 407 1
409 583 1
409 595 1
409 682 1
410 15 1
410 117 1
410 404 1
410 405 1
410 406 1
410 408 1
410 411 1
411 404 1
411 406 1
411 408 1
411 410 1
411 687 1
411 1024 1
412 413 1
413 412 1
413 461 1
414 415 1
414 416 1
415 283 1
415 414 1
415 453 1
415 976 1
415 1782 1
416 48 1
416 152 1
416 414 1
416 982 1
416 1068 1
416 1133 1
416 1134 1
416 1184 1
416 1438 1
416 1714 1
416 1857 1
417 11 1
417 153 1
417 258 1
417 281 1
417 332 1
417 716 1
417 730 1
417 911 1
417 914 1
417 915 1
417 975 1
417 978 1
417 1468 1
417 1599 1
417 1686 1
418 153 1
418 258 1
418 332 1
418 333 1
418 452 1
418 455 1
418 884 1
418 1580 1
419 420 1
420 419 1
420 1391 1
420 1393 1
420 1394 1
420 1626 1
421 422 1
421 423 1
421 424 1
421 425 1
421 426 1
421 427 1
421 428 1
421 429 1
421 430 1
421 431 1
421 432 1
421 433 1
421 434 1
421 435 1
421 436 1
421 437 1
421 438 1
421 439 1
421 440 1
422 421 1
422 423 1
422 424 1
422 425 1
422 426 1
422 427 1
422 428 1
422 429 1
422 430 1
422 431 1
422 432 1
422 433 1
422 434 1
422 435 1
422 436 1
422 437 1
422 438 1
422 439 1
422 440 1
423 421 1
423 422 1
423 424 1
423 425 1
423 426 1
423 427 1
423 428 1
423 429 1
423 430 1
423 431 1
423 432 1
423 433 1
423 434 1
423 435 1
423 436 1
423 437 1
423 438 1
423 439 1
423 440 1
424 421 1
424 422 1
424 423 1
424 425 1
424 426 1
424 427 1
424 428 1
424 429 1
424 430 1
424 431 1
424 432 1
424 433 1
424 434 1
424 435 1
424 436 1
424 437 1
424 438 1
424 439 1
424 440 1
425 421 1
425 422 1
425 423 1
425 424 1
425 426 1
425 427 1
425 428 1
425 429 1
425 430 1
425 431 1
425 432 1
425 433 1
425 434 1
425 435 1
425 437 1
425 438 1
425 439 1
425 440 1
426 421 1
426 422 1
426 423 1
426 424 1
426 425 1
426 427 1
426 428 1
426 429 1
426 430 1
426 431 1
426 432 1
426 433 1
426 434 1
426 435 1
426 436 1
426 437 1
426 438 1
426 439 1
426 440 1
427 421 1
427 422 1
427 423 1
427 424 1
427 425 1
427 426 1
427 428 1
427 429 1
427 430 1
427 431 1
427 432 1
427 433 1
427 434 1
427 435 1
427 437 1
427 438 1
427 439 1
427 440 1
428 421 1
428 422 1
428 423 1
428 424 1
428 425 1
428 426 1
428 427 1
428 429 1
428 430 1
428 431 1
428 432 1
428 433 1
428 434 1
428 435 1
428 436 1
428 437 1
428 438 1
428 439 1
428 440 1
429 421 1
429 422 1
429 423 1
429 424 1
429 425 1
429 426 1
429 427 1
429 428 1
429 430 1
429 431 1
429 432 1
429 433 1
429 434 1
429 435 1
429 436 1
429 437 1
429 438 1
429 439 1
429 440 1
430 421 1
430 422 1
430 423 1
430 424 1
430 425 1
430 426 1
430 427 1
430 428 1
430 429 1
430 431 1
430 432 1
430 433 1
430 434 1
430 437 1
430 438 1
430 439 1
430 440 1
431 421 1
431 422 1
431 423 1
431 424 1
431 425 1
431 426 1
431 427 1
431 428 1
431 429 1
431 430 1
431 432 1
431 433 1
431 434 1
431 435 1
431 437 1
431 438 1
431 439 1
431 440 1
432 421 1
432 422 1
432 423 1
432 424 1
432 425 1
432 426 1
432 427 1
432 428 1
432 429 1
432 430 1
432 431 1
432 433 1
432 434 1
432 435 1
432 437 1
432 438 1
432 439 1
432 440 1
433 421 1
433 422 1
433 423 1
433 424 1
433 425 1
433 426 1
433 427 1
433 428 1
433 429 1
433 430 1
433 431 1
433 432 1
433 434 1
433 435 1
433 436 1
433 437 1
433 438 1
433 439 1
433 440 1
434 421 1
434 422 1
434 423 1
434 424 1
434 425 1
434 426 1
434 427 1
434 428 1
434 429 1
434 430 1
434 431 1
434 432 1
434 433 1
434 435 1
434 436 1
434 437 1
434 438 1
434 439 1
434 440 1
435 421 1
435 422 1
435 423 1
435 424 1
435 425 1
435 426 1
435 427 1
435 428 1
435 429 1
435 431 1
435 432 1
435 433 1
435 434 1
435 437 1
435 438 1
435 439 1
435 440 1
436 421 1
436 422 1
436 423 1
436 424 1
436 426 1
436 428 1
436 429 1
436 433 1
436 434 1
436 437 1
436 439 1
436 440 1
437 421 1
437 422 1
437 423 1
437 424 1
437 425 1
437 426 1
437 427 1
437 428 1
437 429 1
437 430 1
437 431 1
437 432 1
437 433 1
437 434 1
437 435 1
437 436 1
437 439 1
437 440 1
438 421 1
438 422 1
438 423 1
438 424 1
438 425 1
438 426 1
438 427 1
438 428 1
438 429 1
438 430 1
438 431 1
438 432 1
438 433 1
438 434 1
438 435 1
438 439 1
438 440 1
439 421 1
439 422 1
439 423 1
439 424 1
439 425 1
439 426 1
439 427 1
439 428 1
439 429 1
439 430 1
439 431 1
439 432 1
439 433 1
439 434 1
439 435 1
439 436 1
439 437 1
439 438 1
439 440 1
440 421 1
440 422 1
440 423 1
440 424 1
440 425 1
440 426 1
440 427 1
440 428 1
440 429 1
440 430 1
440 431 1
440 432 1
440 433 1
440 434 1
440 435 1
440 436 1
440 437 1
440 438 1
440 439 1
441 282 1
441 353 1
442 309 1
442 330 1
442 443 1
443 330 1
443 442 1
443 461 1
444 445 1
445 74 1
445 190 1
445 328 1
445 350 1
445 444 1
445 630 1
445 657 1
445 850 1
445 1034 1
445 1037 1
445 1283 1
445 1288 1
445 1304 1
445 1362 1
445 1420 1
445 1576 1
445 1618 1
445 1626 1
446 24 1
446 229 1
446 283 1
446 447 1
446 448 1
446 449 1
446 450 1
446 451 1
446 452 1
446 453 1
446 454 1
446 455 1
446 456 1
446 457 1
447 283 1
447 446 1
447 719 1
448 283 1
448 446 1
448 895 1
448 896 1
448 897 1
448 898 1
448 899 1
448 900 1
448 901 1
448 902 1
449 51 1
449 276 1
449 283 1
449 446 1
449 973 1
449 1069 1
449 1135 1
449 1136 1
449 1137 1
450 446 1
450 1312 1
450 1313 1
450 1314 1
450 1315 1
450 1316 1
450 1317 1
451 446 1
451 978 1
451 1654 1
452 35 1
452 47 1
452 48 1
452 51 1
452 152 1
452 153 1
452 269 1
452 276 1
452 277 1
452 279 1
452 281 1
452 283 1
452 332 1
452 418 1
452 446 1
452 453 1
452 455 1
452 596 1
452 597 1
452 651 1
452 719 1
452 720 1
452 721 1
452 722 1
452 723 1
452 729 1
452 857 1
452 885 1
452 914 1
452 916 1
452 952 1
452 975 1
452 978 1
452 1061 1
452 1136 1
452 1137 1
452 1351 1
452 1353 1
452 1404 1
452 1439 1
452 1440 1
452 1441 1
452 1506 1
452 1528 1
452 1531 1
452 1553 1
452 1554 1
452 1580 1
452 1599 1
452 1600 1
452 1601 1
452 1602 1
452 1603 1
452 1604 1
452 1605 1
452 1608 1
452 1610 1
452 1611 1
452 1693 1
452 1694 1
452 1695 1
452 1696 1
452 1697 1
452 1698 1
452 1699 1
452 1700 1
452 1701 1
452 1702 1
452 1703 1
452 1704 1
452 1705 1
452 1706 1
452 1707 1
452 1708 1
452 1709 1
452 1710 1
452 1711 1
453 24 1
453 47 1
453 48 1
453 51 1
453 185 1
453 229 1
453 276 1
453 277 1
453 279 1
453 281 1
453 283 1
453 415 1
453 446 1
453 452 1
453 454 1
453 455 1
453 456 1
453 506 1
453 613 1
453 716 1
453 719 1
453 720 1
453 721 1
453 802 1
453 973 1
453 975 1
453 976 1
453 977 1
453 978 1
453 979 1
453 981 1
453 1070 1
453 1131 1
453 1137 1
453 1240 1
453 1351 1
453 1352 1
453 1353 1
453 1354 1
453 1355 1
453 1404 1
453 1423 1
453 1439 1
453 1440 1
453 1441 1
453 1461 1
453 1469 1
453 1526 1
453 1553 1
453 1599 1
453 1679 1
453 1685 1
453 1686 1
453 1687 1
453 1689 1
453 1697 1
453 1700 1
453 1709 1
453 1711 1
453 1788 1
453 1814 1
453 1829 1
454 283 1
454 446 1
454 453 1
454 976 1
455 47 1
455 51 1
455 152 1
455 153 1
455 269 1
455 283 1
455 418 1
455 446 1
455 452 1
455 453 1
455 846 1
455 885 1
455 911 1
455 916 1
455 953 1
455 1209 1
455 1424 1
455 1505 1
455 1531 1
455 1599 1
455 1600 1
455 1603 1
455 1604 1
455 1697 1
455 1699 1
455 1700 1
455 1705 1
455 1706 1
456 283 1
456 446 1
456 453 1
456 917 1
456 982 1
456 1067 1
456 1471 1
456 1581 1
457 51 1
457 276 1
457 281 1
457 283 1
457 446 1
457 976 1
457 1067 1
458 459 1
458 460 1
459 267 1
459 458 1
459 460 1
459 811 1
460 458 1
460 459 1
460 1176 1
460 1286 1
461 329 1
461 413 1
461 443 1
461 462 1
462 461 1
463 260 1
463 271 1
463 464 1
463 465 1
463 466 1
463 467 1
464 287 1
464 398 1
464 463 1
464 1219 1
465 124 1
465 182 1
465 259 1
465 268 1
465 271 1
465 287 1
465 463 1
465 467 1
465 631 1
465 632 1
465 954 1
465 981 1
465 1179 1
465 1209 1
465 1538 1
465 1828 1
465 1839 1
465 1848 1
465 1849 1
466 463 1
466 469 1
466 836 1
467 262 1
467 268 1
467 364 1
467 463 1
467 465 1
467 726 1
467 950 1
467 977 1
467 1159 1
467 1298 1
467 1508 1
468 469 1
469 466 1
469 468 1
469 1845 1
470 471 1
471 246 1
471 398 1
471 470 1
471 889 1
471 1106 1
471 1108 1
471 1110 1
471 1111 1
471 1112 1
471 1113 1
471 1114 1
471 1115 1
471 1116 1
471 1117 1
471 1118 1
471 1119 1
471 1120 1
471 1121 1
471 1122 1
472 473 1
473 472 1
473 505 1
473 540 1
473 776 1
473 1303 1
473 1799 1
474 475 1
475 71 1
475 75 1
475 474 1
475 885 1
475 1801 1
475 1802 1
476 477 1
477 476 1
477 1804 1
478 479 1
478 480 1
478 481 1
479 478 1
479 480 1
479 481 1
479 885 1
479 1623 1
479 1672 1
479 1817 1
480 478 1
480 479 1
480 481 1
480 625 1
481 478 1
481 479 1
481 480 1
482 9 1
482 10 1
482 12 1
482 13 1
482 483 1
482 484 1
482 893 1
482 910 1
483 9 1
483 13 1
483 482 1
483 910 1
484 9 1
484 482 1
484 893 1
484 894 1
485 486 1
486 485 1
486 655 1
486 656 1
486 659 1
486 664 1
486 665 1
486 668 1
486 669 1
486 670 1
486 671 1
486 673 1
486 674 1
486 678 1
486 679 1
486 712 1
486 1018 1
486 1282 1
486 1330 1
486 1365 1
486 1774 1
487 488 1
487 489 1
487 490 1
488 487 1
488 489 1
488 512 1
488 713 1
488 714 1
488 830 1
489 487 1
489 488 1
489 713 1
489 714 1
490 487 1
490 1479 1
491 492 1
491 493 1
491 494 1
491 495 1
491 496 1
491 497 1
491 498 1
492 491 1
493 491 1
493 494 1
493 495 1
493 496 1
493 497 1
493 498 1
494 491 1
494 493 1
494 495 1
494 496 1
494 497 1
494 498 1
495 491 1
495 493 1
495 494 1
495 496 1
495 497 1
495 498 1
496 491 1
496 493 1
496 494 1
496 495 1
496 497 1
496 498 1
497 491 1
497 493 1
497 494 1
497 495 1
497 496 1
497 498 1
498 491 1
498 493 1
498 494 1
498 495 1
498 496 1
498 497 1
499 500 1
499 501 1
500 182 1
500 218 1
500 499 1
500 996 1
500 999 1
500 1000 1
500 1003 1
500 1004 1
501 194 1
501 265 1
501 267 1
501 499 1
501 725 1
501 855 1
501 1204 1
501 1208 1
501 1623 1
502 77 1
502 381 1
502 503 1
502 504 1
502 505 1
502 506 1
502 507 1
502 508 1
503 246 1
503 348 1
503 502 1
503 505 1
504 347 1
504 502 1
504 505 1
504 508 1
504 1410 1
505 304 1
505 473 1
505 502 1
505 503 1
505 504 1
505 540 1
505 576 1
505 1624 1
505 1822 1
506 275 1
506 321 1
506 453 1
506 502 1
506 1404 1
506 1505 1
506 1697 1
506 1788 1
507 189 1
507 502 1
507 719 1
507 846 1
507 1117 1
507 1627 1
507 1799 1
508 502 1
508 504 1
509 51 1
509 510 1
510 51 1
510 509 1
510 719 1
510 1070 1
510 1131 1
510 1404 1
510 1439 1
511 512 1
512 488 1
512 511 1
512 713 1
513 514 1
513 515 1
513 516 1
513 517 1
513 518 1
513 519 1
513 520 1
513 521 1
513 522 1
514 513 1
514 515 1
514 516 1
514 517 1
514 518 1
514 519 1
514 520 1
515 513 1
515 514 1
515 516 1
515 517 1
515 520 1
516 513 1
516 514 1
516 515 1
516 517 1
516 518 1
516 519 1
516 520 1
516 522 1
516 681 1
517 513 1
517 514 1
517 515 1
517 516 1
517 518 1
517 519 1
517 520 1
517 522 1
518 513 1
518 514 1
518 516 1
518 517 1
518 519 1
518 520 1
518 522 1
519 513 1
519 514 1
519 516 1
519 517 1
519 518 1
519 520 1
519 522 1
520 513 1
520 514 1
520 515 1
520 516 1
520 517 1
520 518 1
520 519 1
521 513 1
521 625 1
521 877 1
521 1126 1
521 1127 1
521 1128 1
521 1851 1
522 513 1
522 516 1
522 517 1
522 518 1
522 519 1
522 1851 1
523 524 1
524 134 1
524 217 1
524 523 1
525 526 1
525 527 1
525 528 1
525 529 1
525 530 1
525 531 1
526 525 1
526 529 1
526 531 1
527 525 1
527 528 1
527 529 1
527 530 1
527 531 1
528 525 1
528 527 1
528 529 1
528 530 1
528 531 1
529 525 1
529 526 1
529 527 1
529 528 1
529 530 1
529 531 1
530 525 1
530 527 1
530 528 1
530 529 1
530 531 1
531 525 1
531 526 1
531 527 1
531 528 1
531 529 1
531 530 1
532 533 1
532 534 1
532 535 1
532 536 1
532 537 1
533 532 1
533 536 1
533 1189 1
533 1193 1
534 532 1
534 535 1
534 536 1
534 537 1
535 532 1
535 534 1
535 536 1
535 537 1
536 532 1
536 533 1
536 534 1
536 535 1
536 1189 1
537 532 1
537 534 1
537 535 1
538 246 1
538 632 1
538 1537 1
538 1538 1
539 246 1
539 544 1
539 547 1
539 993 1
539 995 1
539 1378 1
539 1786 1
540 246 1
540 473 1
540 505 1
540 544 1
540 1114 1
540 1288 1
540 1303 1
540 1378 1
541 246 1
541 543 1
541 544 1
541 546 1
541 547 1
541 846 1
541 847 1
541 1192 1
541 1378 1
541 1786 1
542 246 1
542 543 1
542 544 1
542 993 1
542 994 1
542 995 1
543 246 1
543 541 1
543 542 1
543 544 1
543 545 1
543 547 1
543 995 1
543 1378 1
544 192 1
544 246 1
544 248 1
544 303 1
544 370 1
544 539 1
544 540 1
544 541 1
544 542 1
544 543 1
544 545 1
544 546 1
544 547 1
544 652 1
544 653 1
544 656 1
544 662 1
544 670 1
544 708 1
544 712 1
544 847 1
544 991 1
544 993 1
544 994 1
544 995 1
544 1013 1
544 1016 1
544 1377 1
544 1378 1
544 1399 1
544 1452 1
544 1671 1
544 1673 1
544 1709 1
544 1774 1
544 1775 1
544 1786 1
544 1826 1
545 246 1
545 248 1
545 543 1
545 544 1
545 547 1
545 662 1
545 670 1
545 712 1
545 1015 1
545 1331 1
545 1709 1
545 1786 1
546 246 1
546 541 1
546 544 1
546 1376 1
547 246 1
547 539 1
547 541 1
547 543 1
547 544 1
547 545 1
547 662 1
547 994 1
547 995 1
547 1016 1
548 549 1
548 550 1
548 551 1
548 552 1
548 553 1
548 554 1
548 555 1
549 548 1
549 550 1
549 551 1
549 552 1
549 553 1
549 554 1
549 555 1
550 548 1
550 549 1
550 551 1
550 552 1
550 553 1
550 554 1
550 555 1
551 548 1
551 549 1
551 550 1
551 552 1
551 553 1
551 554 1
551 555 1
552 548 1
552 549 1
552 550 1
552 551 1
552 553 1
552 555 1
553 548 1
553 549 1
553 550 1
553 551 1
553 552 1
553 554 1
553 555 1
554 548 1
554 549 1
554 550 1
554 551 1
554 553 1
554 555 1
555 548 1
555 549 1
555 550 1
555 551 1
555 552 1
555 553 1
555 554 1
556 557 1
556 558 1
556 559 1
557 556 1
557 558 1
557 559 1
558 556 1
558 557 1
558 559 1
559 556 1
559 557 1
559 558 1
559 1828 1
560 87 1
560 88 1
560 561 1
560 562 1
560 563 1
560 564 1
560 565 1
561 560 1
561 657 1
561 855 1
561 1367 1
562 87 1
562 560 1
562 563 1
562 564 1
562 565 1
562 956 1
562 957 1
562 1790 1
562 1791 1
563 87 1
563 560 1
563 562 1
563 564 1
563 1790 1
564 87 1
564 91 1
564 560 1
564 562 1
564 563 1
564 565 1
564 612 1
564 628 1
564 629 1
564 957 1
564 1790 1
565 87 1
565 91 1
565 560 1
565 562 1
565 564 1
565 612 1
565 628 1
565 629 1
565 957 1
566 567 1
567 566 1
567 924 1
568 309 1
568 569 1
569 568 1
570 571 1
570 572 1
571 570 1
571 572 1
571 1382 1
572 121 1
572 192 1
572 194 1
572 259 1
572 570 1
572 571 1
572 947 1
572 1373 1
572 1382 1
572 1426 1
572 1572 1
572 1818 1
573 574 1
573 575 1
573 576 1
573 577 1
573 578 1
573 579 1
574 573 1
574 575 1
574 576 1
574 577 1
574 578 1
574 579 1
575 573 1
575 574 1
575 577 1
575 578 1
575 579 1
576 505 1
576 573 1
576 574 1
576 577 1
576 578 1
577 573 1
577 574 1
577 575 1
577 576 1
577 578 1
577 579 1
578 573 1
578 574 1
578 575 1
578 576 1
578 577 1
579 573 1
579 574 1
579 575 1
579 577 1
580 581 1
580 582 1
581 580 1
581 582 1
582 580 1
582 581 1
583 15 1
583 18 1
583 19 1
583 125 1
583 409 1
583 584 1
583 585 1
583 586 1
583 587 1
583 588 1
583 589 1
583 590 1
583 591 1
583 592 1
583 593 1
583 594 1
583 595 1
584 15 1
584 18 1
584 19 1
584 583 1
584 588 1
584 595 1
584 683 1
584 1023 1
585 19 1
585 408 1
585 583 1
585 586 1
585 587 1
585 590 1
585 591 1
585 592 1
585 593 1
585 682 1
585 686 1
585 687 1
585 1023 1
585 1024 1
585 1025 1
586 19 1
586 583 1
586 585 1
586 590 1
586 591 1
586 592 1
586 1024 1
587 15 1
587 19 1
587 216 1
587 583 1
587 585 1
587 591 1
587 593 1
587 614 1
587 682 1
587 687 1
587 1023 1
587 1025 1
587 1480 1
588 19 1
588 289 1
588 407 1
588 583 1
588 584 1
588 589 1
588 595 1
588 1812 1
589 18 1
589 289 1
589 407 1
589 583 1
589 588 1
589 595 1
589 812 1
589 1028 1
590 583 1
590 585 1
590 586 1
590 591 1
590 592 1
590 687 1
590 1024 1
591 19 1
591 408 1
591 583 1
591 585 1
591 586 1
591 587 1
591 590 1
591 592 1
591 593 1
591 682 1
591 686 1
591 687 1
591 1023 1
591 1024 1
591 1025 1
592 19 1
592 583 1
592 585 1
592 586 1
592 590 1
592 591 1
592 595 1
592 1025 1
593 408 1
593 583 1
593 585 1
593 587 1
593 591 1
593 686 1
593 687 1
593 1023 1
593 1024 1
593 1025 1
594 583 1
594 682 1
594 683 1
594 687 1
595 15 1
595 17 1
595 18 1
595 19 1
595 21 1
595 124 1
595 127 1
595 131 1
595 132 1
595 135 1
595 144 1
595 145 1
595 146 1
595 211 1
595 213 1
595 216 1
595 217 1
595 235 1
595 289 1
595 407 1
595 409 1
595 583 1
595 584 1
595 588 1
595 589 1
595 592 1
595 1338 1
595 1339 1
596 35 1
596 332 1
596 452 1
596 597 1
596 598 1
596 599 1
597 24 1
597 35 1
597 47 1
597 48 1
597 53 1
597 152 1
597 153 1
597 277 1
597 280 1
597 333 1
597 452 1
597 596 1
597 722 1
597 723 1
597 728 1
597 820 1
597 884 1
597 904 1
597 952 1
597 977 1
597 1068 1
597 1134 1
597 1137 1
597 1440 1
597 1598 1
597 1599 1
597 1607 1
597 1608 1
597 1696 1
597 1710 1
597 1831 1
598 332 1
598 596 1
598 599 1
598 884 1
598 1528 1
598 1696 1
598 1705 1
598 1706 1
599 53 1
599 596 1
599 598 1
599 884 1
599 1131 1
599 1133 1
599 1440 1
599 1606 1
600 601 1
600 602 1
601 144 1
601 271 1
601 600 1
601 999 1
601 1158 1
601 1426 1
602 305 1
602 600 1
602 623 1
602 1478 1
603 604 1
603 605 1
603 606 1
603 607 1
603 608 1
603 609 1
603 610 1
604 603 1
604 605 1
604 606 1
604 607 1
604 608 1
604 609 1
604 610 1
605 603 1
605 604 1
605 606 1
605 607 1
605 608 1
605 609 1
605 610 1
606 603 1
606 604 1
606 605 1
606 607 1
606 608 1
606 609 1
606 610 1
606 1014 1
607 603 1
607 604 1
607 605 1
607 606 1
607 608 1
607 609 1
607 610 1
608 603 1
608 604 1
608 605 1
608 606 1
608 607 1
608 609 1
608 610 1
609 603 1
609 604 1
609 605 1
609 606 1
609 607 1
609 608 1
609 610 1
610 603 1
610 604 1
610 605 1
610 606 1
610 607 1
610 608 1
610 609 1
610 870 1
611 141 1
611 194 1
611 239 1
611 612 1
611 613 1
611 614 1
612 87 1
612 120 1
612 121 1
612 125 1
612 135 1
612 144 1
612 145 1
612 235 1
612 242 1
612 308 1
612 309 1
612 311 1
612 319 1
612 335 1
612 349 1
612 564 1
612 565 1
612 611 1
612 657 1
612 726 1
612 819 1
612 946 1
612 1176 1
612 1215 1
612 1216 1
612 1283 1
612 1342 1
612 1397 1
612 1398 1
612 1721 1
613 152 1
613 194 1
613 232 1
613 262 1
613 453 1
613 611 1
613 670 1
613 675 1
613 819 1
613 979 1
613 1033 1
613 1132 1
613 1137 1
613 1461 1
613 1469 1
613 1476 1
613 1477 1
613 1687 1
613 1689 1
614 587 1
614 611 1
614 1718 1
615 616 1
616 615 1
617 618 1
617 619 1
617 620 1
617 621 1
617 622 1
618 617 1
618 619 1
618 620 1
618 621 1
618 622 1
619 617 1
619 618 1
619 620 1
619 621 1
619 622 1
620 617 1
620 618 1
620 619 1
620 622 1
621 617 1
621 618 1
621 619 1
621 622 1
622 617 1
622 618 1
622 619 1
622 620 1
622 621 1
623 259 1
623 316 1
623 602 1
623 624 1
623 625 1
624 305 1
624 306 1
624 316 1
624 317 1
624 623 1
624 625 1
624 855 1
624 890 1
624 1213 1
624 1214 1
624 1216 1
624 1279 1
624 1372 1
624 1379 1
624 1457 1
624 1629 1
624 1671 1
624 1672 1
624 1673 1
624 1674 1
624 1675 1
624 1676 1
624 1677 1
624 1678 1
625 379 1
625 480 1
625 521 1
625 623 1
625 624 1
625 830 1
625 890 1
625 1213 1
625 1279 1
625 1456 1
625 1457 1
625 1675 1
626 311 1
626 627 1
627 141 1
627 203 1
627 250 1
627 262 1
627 287 1
627 348 1
627 349 1
627 626 1
627 726 1
627 892 1
627 1033 1
627 1221 1
627 1299 1
627 1336 1
627 1342 1
627 1363 1
627 1428 1
627 1462 1
627 1470 1
627 1482 1
627 1618 1
627 1771 1
628 564 1
628 565 1
628 629 1
628 630 1
629 564 1
629 565 1
629 628 1
629 956 1
629 957 1
629 1620 1
629 1791 1
629 1838 1
630 86 1
630 90 1
630 322 1
630 380 1
630 445 1
630 628 1
630 1176 1
630 1394 1
630 1819 1
630 1820 1
631 465 1
631 632 1
632 465 1
632 538 1
632 631 1
632 853 1
632 871 1
632 1537 1
632 1538 1
633 634 1
633 635 1
633 636 1
633 637 1
634 633 1
634 636 1
634 637 1
635 633 1
636 633 1
636 634 1
636 637 1
637 633 1
637 634 1
637 636 1
638 639 1
638 640 1
639 638 1
639 640 1
639 1125 1
639 1653 1
640 638 1
640 639 1
640 1653 1
641 642 1
641 643 1
641 644 1
642 641 1
642 643 1
642 644 1
643 641 1
643 642 1
644 641 1
644 642 1
645 185 1
645 261 1
645 268 1
645 646 1
646 173 1
646 645 1
646 1304 1
646 1371 1
647 648 1
648 647 1
648 714 1
648 1418 1
648 1479 1
649 650 1
649 651 1
650 375 1
650 649 1
650 1214 1
650 1279 1
650 1280 1
650 1281 1
650 1282 1
650 1283 1
650 1284 1
650 1285 1
651 452 1
651 649 1
651 977 1
651 1158 1
651 1485 1
651 1827 1
652 544 1
652 653 1
652 654 1
652 655 1
652 656 1
652 657 1
652 658 1
652 659 1
652 660 1
652 661 1
652 662 1
652 663 1
652 664 1
652 665 1
652 666 1
652 667 1
652 668 1
652 669 1
652 670 1
652 671 1
652 672 1
652 673 1
652 674 1
652 675 1
652 676 1
652 677 1
652 678 1
652 679 1
653 544 1
653 652 1
653 666 1
653 708 1
653 709 1
653 710 1
653 711 1
653 712 1
654 652 1
654 656 1
654 658 1
654 660 1
654 662 1
654 663 1
654 666 1
654 667 1
654 669 1
654 670 1
654 671 1
654 672 1
654 674 1
654 675 1
654 676 1
654 678 1
654 824 1
654 1017 1
654 1018 1
654 1327 1
654 1328 1
654 1329 1
654 1330 1
654 1331 1
654 1332 1
654 1333 1
655 486 1
655 652 1
655 658 1
655 659 1
655 660 1
655 661 1
655 663 1
655 664 1
655 670 1
655 678 1
655 679 1
655 1017 1
655 1018 1
656 370 1
656 486 1
656 544 1
656 652 1
656 654 1
656 657 1
656 660 1
656 673 1
656 710 1
656 711 1
656 811 1
656 847 1
656 848 1
656 1022 1
656 1177 1
656 1330 1
657 190 1
657 192 1
657 322 1
657 347 1
657 349 1
657 445 1
657 561 1
657 612 1
657 652 1
657 656 1
657 678 1
657 777 1
657 1050 1
657 1114 1
657 1173 1
657 1174 1
657 1175 1
657 1176 1
657 1177 1
657 1288 1
657 1290 1
657 1305 1
657 1306 1
657 1307 1
657 1308 1
657 1368 1
657 1396 1
657 1483 1
657 1534 1
657 1574 1
657 1576 1
657 1617 1
657 1618 1
657 1619 1
657 1621 1
657 1626 1
657 1717 1
657 1818 1
658 192 1
658 652 1
658 654 1
658 655 1
658 659 1
658 660 1
658 661 1
658 663 1
658 667 1
658 670 1
658 671 1
658 676 1
658 679 1
658 824 1
658 1122 1
659 486 1
659 652 1
659 655 1
659 658 1
659 661 1
659 663 1
659 664 1
659 670 1
659 679 1
659 1013 1
659 1015 1
659 1017 1
659 1018 1
660 248 1
660 267 1
660 652 1
660 654 1
660 655 1
660 656 1
660 658 1
660 663 1
660 665 1
660 666 1
660 667 1
660 670 1
660 672 1
660 674 1
660 675 1
660 677 1
660 823 1
660 824 1
660 1015 1
660 1327 1
660 1329 1
660 1330 1
660 1331 1
660 1333 1
660 1365 1
660 1487 1
660 1774 1
661 192 1
661 652 1
661 655 1
661 658 1
661 659 1
661 663 1
661 664 1
661 668 1
661 671 1
661 672 1
661 678 1
661 679 1
662 248 1
662 544 1
662 545 1
662 547 1
662 652 1
662 654 1
662 664 1
662 670 1
662 708 1
662 712 1
662 930 1
662 1015 1
662 1016 1
662 1328 1
662 1329 1
662 1330 1
662 1331 1
662 1332 1
662 1709 1
662 1775 1
662 1786 1
663 652 1
663 654 1
663 655 1
663 658 1
663 659 1
663 660 1
663 661 1
663 664 1
663 668 1
663 670 1
663 672 1
663 675 1
663 678 1
663 679 1
663 1017 1
663 1018 1
663 1329 1
664 248 1
664 486 1
664 652 1
664 655 1
664 659 1
664 661 1
664 662 1
664 663 1
664 670 1
664 673 1
664 674 1
664 678 1
664 679 1
664 708 1
664 1331 1
664 1709 1
664 1774 1
665 486 1
665 652 1
665 660 1
665 670 1
665 677 1
665 1015 1
666 652 1
666 653 1
666 654 1
666 660 1
666 670 1
666 672 1
666 673 1
666 674 1
666 711 1
666 823 1
666 824 1
666 1016 1
666 1331 1
666 1343 1
666 1541 1
667 248 1
667 652 1
667 654 1
667 658 1
667 660 1
667 669 1
667 670 1
667 676 1
667 677 1
667 1327 1
667 1330 1
667 1331 1
667 1365 1
668 486 1
668 652 1
668 661 1
668 663 1
668 670 1
668 671 1
668 679 1
668 1331 1
668 1614 1
669 486 1
669 652 1
669 654 1
669 667 1
669 673 1
669 674 1
669 676 1
669 711 1
669 1365 1
670 248 1
670 486 1
670 544 1
670 545 1
670 613 1
670 652 1
670 654 1
670 655 1
670 658 1
670 659 1
670 660 1
670 662 1
670 663 1
670 664 1
670 665 1
670 666 1
670 667 1
670 668 1
670 671 1
670 674 1
670 675 1
670 677 1
670 678 1
670 679 1
670 930 1
670 1017 1
670 1018 1
670 1327 1
670 1328 1
670 1329 1
670 1330 1
670 1331 1
670 1332 1
670 1333 1
670 1365 1
670 1709 1
670 1774 1
670 1775 1
671 486 1
671 652 1
671 654 1
671 658 1
671 661 1
671 668 1
671 670 1
671 674 1
671 678 1
671 679 1
672 192 1
672 652 1
672 654 1
672 660 1
672 661 1
672 663 1
672 666 1
672 674 1
672 678 1
673 486 1
673 652 1
673 656 1
673 664 1
673 666 1
673 669 1
673 674 1
673 711 1
674 486 1
674 652 1
674 654 1
674 660 1
674 664 1
674 666 1
674 669 1
674 670 1
674 671 1
674 672 1
674 673 1
674 675 1
674 678 1
674 679 1
674 711 1
674 824 1
674 930 1
674 1016 1
674 1018 1
674 1020 1
674 1330 1
674 1343 1
674 1365 1
674 1775 1
675 613 1
675 652 1
675 654 1
675 660 1
675 663 1
675 670 1
675 674 1
675 678 1
675 824 1
675 1327 1
675 1329 1
675 1330 1
675 1331 1
675 1332 1
675 1333 1
675 1487 1
675 1774 1
676 652 1
676 654 1
676 658 1
676 667 1
676 669 1
676 678 1
676 1328 1
676 1331 1
677 652 1
677 660 1
677 665 1
677 667 1
677 670 1
677 679 1
677 1017 1
677 1018 1
677 1019 1
677 1022 1
677 1327 1
678 486 1
678 652 1
678 654 1
678 655 1
678 657 1
678 661 1
678 663 1
678 664 1
678 670 1
678 671 1
678 672 1
678 674 1
678 675 1
678 676 1
678 679 1
678 1177 1
678 1574 1
679 486 1
679 652 1
679 655 1
679 658 1
679 659 1
679 661 1
679 663 1
679 664 1
679 668 1
679 670 1
679 671 1
679 674 1
679 677 1
679 678 1
679 1018 1
679 1020 1
680 681 1
681 516 1
681 680 1
682 15 1
682 16 1
682 18 1
682 19 1
682 408 1
682 409 1
682 585 1
682 587 1
682 591 1
682 594 1
682 683 1
682 684 1
682 685 1
682 686 1
682 687 1
683 18 1
683 19 1
683 128 1
683 584 1
683 594 1
683 682 1
684 682 1
685 15 1
685 682 1
685 687 1
685 1023 1
685 1475 1
686 408 1
686 585 1
686 591 1
686 593 1
686 682 1
686 687 1
687 15 1
687 408 1
687 411 1
687 585 1
687 587 1
687 590 1
687 591 1
687 593 1
687 594 1
687 682 1
687 685 1
687 686 1
687 1023 1
687 1024 1
687 1025 1
688 689 1
688 690 1
688 691 1
688 692 1
688 693 1
688 694 1
688 695 1
688 696 1
688 697 1
688 698 1
688 699 1
688 700 1
688 701 1
688 702 1
688 703 1
688 704 1
688 705 1
689 688 1
689 690 1
689 691 1
689 692 1
689 693 1
689 694 1
689 695 1
689 696 1
689 697 1
689 698 1
689 699 1
689 700 1
689 701 1
689 702 1
689 703 1
689 704 1
689 705 1
690 688 1
690 689 1
690 691 1
690 692 1
690 693 1
690 694 1
690 695 1
690 696 1
690 698 1
690 699 1
690 700 1
690 701 1
690 702 1
690 703 1
690 704 1
690 705 1
691 688 1
691 689 1
691 690 1
691 692 1
691 693 1
691 694 1
691 696 1
691 697 1
691 698 1
691 699 1
691 700 1
691 701 1
691 702 1
691 703 1
691 704 1
691 705 1
692 688 1
692 689 1
692 690 1
692 691 1
692 693 1
692 694 1
692 695 1
692 696 1
692 697 1
692 698 1
692 699 1
692 700 1
692 701 1
692 702 1
692 703 1
692 704 1
692 705 1
693 688 1
693 689 1
693 690 1
693 691 1
693 692 1
693 694 1
693 695 1
693 696 1
693 697 1
693 698 1
693 699 1
693 700 1
693 702 1
693 704 1
693 705 1
694 688 1
694 689 1
694 690 1
694 691 1
694 692 1
694 693 1
694 695 1
694 696 1
694 697 1
694 698 1
694 699 1
694 700 1
694 701 1
694 702 1
694 703 1
694 704 1
694 705 1
695 688 1
695 689 1
695 690 1
695 692 1
695 693 1
695 694 1
695 696 1
695 697 1
695 698 1
695 699 1
695 700 1
695 702 1
695 703 1
695 704 1
695 705 1
696 688 1
696 689 1
696 690 1
696 691 1
696 692 1
696 693 1
696 694 1
696 695 1
696 697 1
696 698 1
696 699 1
696 700 1
696 701 1
696 702 1
696 703 1
696 704 1
696 705 1
697 688 1
697 689 1
697 691 1
697 692 1
697 693 1
697 694 1
697 695 1
697 696 1
697 698 1
697 699 1
697 700 1
697 701 1
697 702 1
697 703 1
697 704 1
697 705 1
698 688 1
698 689 1
698 690 1
698 691 1
698 692 1
698 693 1
698 694 1
698 695 1
698 696 1
698 697 1
698 699 1
698 700 1
698 701 1
698 702 1
698 703 1
698 704 1
698 705 1
699 688 1
699 689 1
699 690 1
699 691 1
699 692 1
699 693 1
699 694 1
699 695 1
699 696 1
699 697 1
699 698 1
699 700 1
699 701 1
699 702 1
699 703 1
699 704 1
699 705 1
700 688 1
700 689 1
700 690 1
700 691 1
700 692 1
700 693 1
700 694 1
700 695 1
700 696 1
700 697 1
700 698 1
700 699 1
700 701 1
700 702 1
700 703 1
700 704 1
700 705 1
701 688 1
701 689 1
701 690 1
701 691 1
701 692 1
701 694 1
701 696 1
701 697 1
701 698 1
701 699 1
701 700 1
701 702 1
701 703 1
701 704 1
701 705 1
702 688 1
702 689 1
702 690 1
702 691 1
702 692 1
702 693 1
702 694 1
702 695 1
702 696 1
702 697 1
702 698 1
702 699 1
702 700 1
702 701 1
702 703 1
702 704 1
702 705 1
703 688 1
703 689 1
703 690 1
703 691 1
703 692 1
703 694 1
703 695 1
703 696 1
703 697 1
703 698 1
703 699 1
703 700 1
703 701 1
703 702 1
703 704 1
703 705 1
704 688 1
704 689 1
704 690 1
704 691 1
704 692 1
704 693 1
704 694 1
704 695 1
704 696 1
704 697 1
704 698 1
704 699 1
704 700 1
704 701 1
704 702 1
704 703 1
704 705 1
705 688 1
705 689 1
705 690 1
705 691 1
705 692 1
705 693 1
705 694 1
705 695 1
705 696 1
705 697 1
705 698 1
705 699 1
705 700 1
705 701 1
705 702 1
705 703 1
705 704 1
706 125 1
706 145 1
706 707 1
707 706 1
707 1012 1
707 1221 1
707 1533 1
707 1576 1
707 1620 1
707 1621 1
708 370 1
708 544 1
708 653 1
708 662 1
708 664 1
708 712 1
708 930 1
708 1015 1
708 1016 1
708 1786 1
708 1826 1
709 80 1
709 653 1
709 719 1
709 1037 1
709 1114 1
709 1386 1
709 1387 1
709 1792 1
709 1836 1
710 653 1
710 656 1
710 712 1
710 1773 1
710 1826 1
711 653 1
711 656 1
711 666 1
711 669 1
711 673 1
711 674 1
711 1020 1
711 1123 1
712 248 1
712 486 1
712 544 1
712 545 1
712 653 1
712 662 1
712 708 1
712 710 1
712 847 1
712 930 1
712 1016 1
712 1331 1
712 1487 1
712 1772 1
712 1773 1
712 1774 1
713 488 1
713 489 1
713 512 1
713 714 1
714 488 1
714 489 1
714 648 1
714 713 1
715 716 1
715 717 1
715 718 1
716 11 1
716 276 1
716 277 1
716 279 1
716 285 1
716 417 1
716 453 1
716 715 1
716 915 1
716 952 1
716 1356 1
716 1686 1
716 1693 1
717 715 1
717 718 1
718 715 1
718 717 1
719 152 1
719 267 1
719 282 1
719 332 1
719 369 1
719 447 1
719 452 1
719 453 1
719 507 1
719 510 1
719 709 1
719 801 1
719 903 1
719 968 1
719 1179 1
719 1527 1
719 1579 1
719 1601 1
719 1610 1
719 1627 1
719 1653 1
719 1681 1
719 1755 1
719 1767 1
719 1799 1
719 1824 1
720 276 1
720 452 1
720 453 1
720 721 1
720 722 1
720 723 1
721 51 1
721 152 1
721 452 1
721 453 1
721 720 1
721 723 1
721 977 1
721 1269 1
721 1528 1
721 1831 1
722 152 1
722 452 1
722 597 1
722 720 1
722 728 1
722 1441 1
722 1461 1
722 1551 1
722 1599 1
722 1720 1
723 24 1
723 230 1
723 275 1
723 280 1
723 283 1
723 452 1
723 597 1
723 720 1
723 721 1
723 1133 1
723 1440 1
723 1598 1
723 1606 1
723 1609 1
723 1610 1
724 194 1
724 1029 1
724 1030 1
724 1031 1
725 194 1
725 265 1
725 501 1
725 1159 1
725 1207 1
725 1208 1
725 1210 1
725 1681 1
726 20 1
726 194 1
726 467 1
726 612 1
726 627 1
726 949 1
726 951 1
726 999 1
726 1179 1
726 1208 1
726 1470 1
726 1822 1
726 1833 1
727 48 1
727 728 1
727 729 1
727 730 1
728 38 1
728 47 1
728 152 1
728 276 1
728 284 1
728 285 1
728 597 1
728 722 1
728 727 1
728 729 1
728 1068 1
728 1071 1
728 1554 1
728 1596 1
728 1597 1
728 1599 1
728 1642 1
728 1694 1
728 1703 1
729 230 1
729 276 1
729 452 1
729 727 1
729 728 1
729 980 1
729 1357 1
729 1400 1
729 1438 1
730 51 1
730 332 1
730 417 1
730 727 1
730 975 1
730 1703 1
731 79 1
731 80 1
731 732 1
731 733 1
732 79 1
732 80 1
732 731 1
732 733 1
732 846 1
733 79 1
733 80 1
733 731 1
733 732 1
734 735 1
735 734 1
735 817 1
735 818 1
735 827 1
735 828 1
735 829 1
735 1716 1
736 737 1
737 736 1
737 842 1
737 843 1
738 739 1
738 740 1
738 741 1
738 742 1
738 743 1
738 744 1
739 738 1
739 740 1
739 741 1
739 742 1
739 743 1
739 744 1
740 738 1
740 739 1
740 741 1
740 742 1
740 743 1
740 744 1
741 738 1
741 739 1
741 740 1
741 742 1
741 743 1
741 744 1
742 738 1
742 739 1
742 740 1
742 741 1
742 743 1
742 744 1
743 738 1
743 739 1
743 740 1
743 741 1
743 742 1
743 744 1
744 738 1
744 739 1
744 740 1
744 741 1
744 742 1
744 743 1
745 311 1
745 746 1
746 745 1
746 1721 1
746 1722 1
746 1723 1
746 1724 1
746 1725 1
746 1727 1
746 1729 1
746 1730 1
746 1731 1
746 1733 1
746 1734 1
746 1736 1
746 1737 1
747 748 1
747 749 1
747 750 1
748 747 1
748 749 1
748 750 1
749 747 1
749 748 1
749 750 1
750 747 1
750 748 1
750 749 1
751 752 1
751 753 1
751 754 1
751 755 1
751 756 1
751 757 1
751 758 1
751 759 1
751 760 1
752 751 1
752 753 1
752 754 1
752 755 1
752 756 1
752 757 1
752 758 1
752 759 1
752 760 1
752 761 1
753 751 1
753 752 1
753 754 1
753 755 1
753 756 1
753 757 1
753 758 1
753 759 1
753 760 1
753 761 1
753 762 1
754 751 1
754 752 1
754 753 1
754 755 1
754 756 1
754 757 1
754 758 1
754 759 1
754 760 1
754 761 1
754 762 1
755 751 1
755 752 1
755 753 1
755 754 1
755 756 1
755 758 1
755 759 1
756 751 1
756 752 1
756 753 1
756 754 1
756 755 1
756 757 1
756 758 1
756 759 1
756 760 1
756 761 1
756 762 1
757 751 1
757 752 1
757 753 1
757 754 1
757 756 1
757 758 1
757 759 1
757 760 1
758 751 1
758 752 1
758 753 1
758 754 1
758 755 1
758 756 1
758 757 1
758 759 1
758 760 1
758 761 1
758 762 1
759 751 1
759 752 1
759 753 1
759 754 1
759 755 1
759 756 1
759 757 1
759 758 1
759 760 1
759 762 1
760 751 1
760 752 1
760 753 1
760 754 1
760 756 1
760 757 1
760 758 1
760 759 1
760 761 1
760 762 1
761 752 1
761 753 1
761 754 1
761 756 1
761 758 1
761 760 1
761 762 1
762 753 1
762 754 1
762 756 1
762 758 1
762 759 1
762 760 1
762 761 1
763 764 1
763 765 1
763 766 1
764 763 1
764 765 1
764 1029 1
764 1811 1
764 1812 1
765 763 1
765 764 1
765 772 1
766 763 1
766 1029 1
766 1436 1
767 768 1
767 769 1
768 767 1
768 769 1
768 773 1
769 767 1
769 768 1
769 773 1
770 771 1
770 772 1
771 770 1
772 765 1
772 770 1
773 768 1
773 769 1
774 775 1
775 313 1
775 774 1
775 1375 1
775 1756 1
776 473 1
776 777 1
777 190 1
777 192 1
777 307 1
777 335 1
777 347 1
777 350 1
777 657 1
777 776 1
777 867 1
777 1114 1
777 1174 1
777 1176 1
777 1177 1
777 1233 1
777 1279 1
777 1288 1
777 1290 1
777 1300 1
777 1303 1
777 1304 1
777 1306 1
777 1308 1
777 1326 1
777 1362 1
777 1363 1
777 1364 1
777 1396 1
777 1399 1
777 1449 1
777 1450 1
777 1453 1
777 1483 1
777 1576 1
777 1617 1
777 1618 1
777 1619 1
777 1621 1
777 1622 1
777 1629 1
777 1822 1
777 1823 1
778 779 1
779 778 1
779 1390 1
779 1539 1
780 781 1
781 780 1
781 821 1
781 822 1
781 946 1
781 1366 1
782 783 1
782 784 1
782 785 1
783 782 1
783 784 1
783 785 1
784 782 1
784 783 1
784 785 1
785 782 1
785 783 1
785 784 1
786 787 1
786 788 1
786 789 1
786 790 1
786 791 1
786 792 1
787 786 1
787 788 1
787 789 1
787 790 1
787 791 1
787 792 1
788 786 1
788 787 1
788 789 1
788 790 1
788 791 1
788 792 1
789 786 1
789 787 1
789 788 1
789 790 1
789 791 1
789 792 1
790 786 1
790 787 1
790 788 1
790 789 1
790 791 1
790 792 1
791 786 1
791 787 1
791 788 1
791 789 1
791 790 1
791 792 1
792 786 1
792 787 1
792 788 1
792 789 1
792 790 1
792 791 1
793 794 1
793 795 1
793 796 1
794 793 1
794 795 1
794 796 1
795 793 1
795 794 1
795 796 1
796 793 1
796 794 1
796 795 1
797 798 1
798 797 1
799 800 1
800 799 1
800 1005 1
800 1008 1
800 1010 1
801 368 1
801 719 1
801 802 1
802 51 1
802 264 1
802 453 1
802 801 1
802 843 1
802 846 1
802 927 1
802 1065 1
802 1276 1
802 1341 1
803 804 1
803 805 1
803 806 1
803 807 1
803 808 1
803 809 1
803 810 1
804 803 1
804 806 1
804 808 1
804 809 1
804 810 1
805 803 1
805 808 1
805 809 1
805 1805 1
805 1806 1
806 803 1
806 804 1
806 807 1
806 810 1
807 803 1
807 806 1
807 808 1
807 809 1
807 810 1
807 825 1
807 1805 1
808 803 1
808 804 1
808 805 1
808 807 1
808 810 1
808 1805 1
808 1806 1
809 803 1
809 804 1
809 805 1
809 807 1
809 810 1
809 1805 1
809 1806 1
810 803 1
810 804 1
810 806 1
810 807 1
810 808 1
810 809 1
811 267 1
811 459 1
811 656 1
812 289 1
812 589 1
812 813 1
812 814 1
813 812 1
813 814 1
813 1475 1
813 1852 1
813 1853 1
814 289 1
814 812 1
814 813 1
814 1852 1
814 1853 1
815 816 1
815 817 1
815 818 1
816 269 1
816 815 1
816 1688 1
817 735 1
817 815 1
817 818 1
817 826 1
817 828 1
817 829 1
817 1715 1
817 1716 1
818 735 1
818 815 1
818 817 1
818 826 1
818 827 1
818 828 1
818 829 1
818 1715 1
818 1716 1
818 1817 1
819 63 1
819 191 1
819 271 1
819 311 1
819 319 1
819 349 1
819 369 1
819 612 1
819 613 1
819 854 1
819 946 1
819 949 1
819 1213 1
819 1283 1
819 1382 1
819 1477 1
820 63 1
820 280 1
820 333 1
820 597 1
820 977 1
820 1506 1
820 1704 1
821 111 1
821 114 1
821 145 1
821 214 1
821 781 1
821 822 1
822 781 1
822 821 1
822 1366 1
822 1369 1
823 660 1
823 666 1
823 824 1
824 654 1
824 658 1
824 660 1
824 666 1
824 674 1
824 675 1
824 823 1
824 1331 1
825 807 1
826 817 1
826 818 1
826 827 1
826 828 1
826 829 1
827 735 1
827 818 1
827 826 1
827 828 1
827 1716 1
828 735 1
828 817 1
828 818 1
828 826 1
828 827 1
829 735 1
829 817 1
829 818 1
829 826 1
829 1716 1
830 488 1
830 625 1
830 831 1
831 830 1
832 833 1
832 834 1
833 64 1
833 364 1
833 832 1
834 262 1
834 832 1
834 846 1
834 991 1
834 1793 1
835 836 1
835 837 1
835 838 1
835 839 1
836 466 1
836 835 1
836 839 1
837 381 1
837 835 1
837 1238 1
837 1358 1
837 1359 1
837 1360 1
838 835 1
838 839 1
839 835 1
839 836 1
839 838 1
840 841 1
841 840 1
842 737 1
843 264 1
843 737 1
843 802 1
843 1285 1
843 1465 1
843 1689 1
843 1824 1
843 1834 1
844 845 1
844 846 1
844 847 1
845 844 1
845 855 1
845 943 1
846 267 1
846 455 1
846 507 1
846 541 1
846 732 1
846 802 1
846 834 1
846 844 1
846 945 1
846 1182 1
846 1215 1
846 1506 1
846 1706 1
846 1838 1
846 1854 1
847 541 1
847 544 1
847 656 1
847 712 1
847 844 1
847 1774 1
848 656 1
849 850 1
850 445 1
850 849 1
850 1419 1
851 852 1
852 851 1
853 632 1
854 819 1
854 855 1
854 856 1
854 857 1
855 501 1
855 561 1
855 624 1
855 845 1
855 854 1
855 1467 1
855 1671 1
855 1673 1
855 1677 1
855 1678 1
855 1795 1
856 854 1
856 1132 1
856 1531 1
856 1697 1
857 452 1
857 854 1
857 1273 1
857 1324 1
857 1697 1
857 1795 1
858 99 1
858 859 1
858 860 1
858 861 1
858 862 1
858 863 1
858 864 1
858 865 1
859 99 1
859 858 1
859 860 1
859 861 1
859 862 1
859 864 1
860 99 1
860 858 1
860 859 1
860 861 1
860 862 1
860 863 1
860 864 1
860 865 1
861 99 1
861 858 1
861 859 1
861 860 1
861 862 1
861 863 1
861 864 1
861 865 1
862 99 1
862 858 1
862 859 1
862 860 1
862 861 1
862 863 1
862 864 1
862 865 1
863 99 1
863 858 1
863 860 1
863 861 1
863 862 1
863 864 1
863 865 1
864 99 1
864 858 1
864 859 1
864 860 1
864 861 1
864 862 1
864 863 1
864 865 1
865 99 1
865 858 1
865 860 1
865 861 1
865 862 1
865 863 1
865 864 1
866 867 1
866 868 1
866 869 1
866 870 1
866 871 1
866 872 1
866 873 1
866 874 1
867 190 1
867 203 1
867 308 1
867 777 1
867 866 1
867 992 1
867 1450 1
867 1453 1
867 1477 1
867 1482 1
868 866 1
868 928 1
868 1840 1
869 866 1
869 870 1
869 873 1
869 1215 1
869 1325 1
869 1575 1
870 280 1
870 610 1
870 866 1
870 869 1
870 872 1
870 873 1
870 904 1
870 1133 1
870 1304 1
870 1378 1
871 121 1
871 632 1
871 866 1
871 874 1
871 1189 1
871 1193 1
871 1855 1
872 866 1
872 870 1
873 262 1
873 369 1
873 866 1
873 869 1
873 870 1
873 1033 1
873 1191 1
873 1618 1
874 203 1
874 866 1
874 871 1
874 1697 1
874 1837 1
875 876 1
875 877 1
876 875 1
876 1125 1
876 1128 1
876 1653 1
877 521 1
877 875 1
877 1125 1
877 1126 1
877 1127 1
878 879 1
879 364 1
879 878 1
879 1385 1
879 1387 1
880 881 1
881 335 1
881 880 1
882 80 1
882 883 1
882 884 1
882 885 1
883 882 1
884 153 1
884 332 1
884 418 1
884 597 1
884 598 1
884 599 1
884 882 1
884 904 1
884 1525 1
884 1696 1
884 1755 1
885 71 1
885 75 1
885 84 1
885 152 1
885 269 1
885 452 1
885 455 1
885 475 1
885 479 1
885 882 1
885 1034 1
885 1189 1
885 1275 1
885 1324 1
885 1465 1
885 1802 1
886 887 1
887 886 1
887 1033 1
887 1282 1
888 889 1
888 890 1
889 398 1
889 399 1
889 471 1
889 888 1
889 1105 1
889 1108 1
889 1119 1
889 1219 1
889 1799 1
890 316 1
890 624 1
890 625 1
890 888 1
890 1213 1
890 1216 1
890 1674 1
891 892 1
892 627 1
892 891 1
892 931 1
892 1005 1
892 1361 1
892 1450 1
893 10 1
893 482 1
893 484 1
893 894 1
894 10 1
894 484 1
894 893 1
894 1754 1
895 448 1
895 896 1
895 897 1
895 898 1
895 899 1
895 900 1
895 901 1
895 902 1
896 448 1
896 895 1
896 899 1
896 900 1
896 901 1
896 902 1
897 448 1
897 895 1
897 900 1
897 901 1
897 902 1
898 448 1
898 895 1
898 899 1
898 900 1
898 901 1
898 902 1
899 448 1
899 895 1
899 896 1
899 898 1
899 900 1
899 902 1
900 448 1
900 895 1
900 896 1
900 897 1
900 898 1
900 899 1
900 901 1
900 902 1
901 448 1
901 895 1
901 896 1
901 897 1
901 898 1
901 900 1
901 902 1
902 448 1
902 895 1
902 896 1
902 897 1
902 898 1
902 899 1
902 900 1
902 901 1
903 332 1
903 333 1
903 719 1
903 904 1
904 38 1
904 280 1
904 597 1
904 870 1
904 884 1
904 903 1
904 1136 1
904 1283 1
904 1325 1
904 1528 1
904 1697 1
904 1836 1
905 906 1
905 907 1
905 908 1
905 909 1
906 287 1
906 905 1
906 907 1
906 908 1
906 909 1
906 1217 1
907 905 1
907 906 1
907 909 1
907 1217 1
907 1832 1
908 905 1
908 906 1
908 909 1
908 1217 1
909 905 1
909 906 1
909 907 1
909 908 1
909 1217 1
909 1832 1
910 13 1
910 482 1
910 483 1
911 417 1
911 455 1
911 912 1
911 913 1
911 914 1
911 915 1
911 916 1
911 917 1
912 911 1
913 153 1
913 269 1
913 911 1
913 916 1
913 1273 1
914 11 1
914 153 1
914 277 1
914 279 1
914 281 1
914 283 1
914 284 1
914 417 1
914 452 1
914 911 1
914 915 1
914 917 1
914 952 1
914 975 1
914 1351 1
914 1554 1
914 1600 1
914 1605 1
914 1686 1
915 51 1
915 276 1
915 283 1
915 417 1
915 716 1
915 911 1
915 914 1
915 916 1
915 1554 1
915 1601 1
915 1686 1
916 153 1
916 281 1
916 284 1
916 452 1
916 455 1
916 911 1
916 913 1
916 915 1
916 917 1
916 1504 1
916 1505 1
916 1525 1
916 1599 1
916 1600 1
916 1601 1
916 1603 1
916 1608 1
916 1702 1
916 1705 1
916 1706 1
917 51 1
917 279 1
917 284 1
917 332 1
917 456 1
917 911 1
917 914 1
917 916 1
917 976 1
917 978 1
917 980 1
917 1276 1
917 1600 1
917 1603 1
917 1605 1
917 1685 1
917 1686 1
917 1694 1
917 1705 1
917 1859 1
918 919 1
918 920 1
918 921 1
918 922 1
918 923 1
919 918 1
919 920 1
919 921 1
919 922 1
919 923 1
920 918 1
920 919 1
920 921 1
920 922 1
920 923 1
921 918 1
921 919 1
921 920 1
921 922 1
921 923 1
922 918 1
922 919 1
922 920 1
922 921 1
922 923 1
923 918 1
923 919 1
923 920 1
923 921 1
923 922 1
924 567 1
925 926 1
925 927 1
926 925 1
926 928 1
927 268 1
927 283 1
927 802 1
927 925 1
927 1277 1
927 1380 1
927 1425 1
928 267 1
928 306 1
928 868 1
928 926 1
928 1370 1
928 1393 1
928 1689 1
929 930 1
930 662 1
930 670 1
930 674 1
930 708 1
930 712 1
930 929 1
930 1330 1
930 1365 1
930 1709 1
930 1773 1
930 1826 1
931 892 1
932 933 1
932 934 1
932 935 1
932 936 1
932 937 1
932 938 1
932 939 1
933 932 1
933 935 1
933 937 1
933 939 1
934 932 1
934 936 1
935 932 1
935 933 1
935 937 1
935 939 1
936 932 1
936 934 1
937 932 1
937 933 1
937 935 1
937 939 1
938 932 1
939 932 1
939 933 1
939 935 1
939 937 1
940 941 1
940 942 1
941 940 1
942 940 1
942 1206 1
942 1461 1
942 1464 1
942 1465 1
942 1471 1
943 261 1
943 845 1
943 999 1
943 1030 1
943 1381 1
944 173 1
945 846 1
946 612 1
946 781 1
946 819 1
946 947 1
946 948 1
947 190 1
947 349 1
947 572 1
947 946 1
947 951 1
947 1428 1
947 1618 1
948 309 1
948 314 1
948 946 1
948 1283 1
948 1341 1
949 726 1
949 819 1
949 950 1
949 951 1
950 21 1
950 203 1
950 467 1
950 949 1
950 951 1
950 1847 1
950 1855 1
951 726 1
951 947 1
951 949 1
951 950 1
952 11 1
952 283 1
952 452 1
952 597 1
952 716 1
952 914 1
952 1598 1
953 11 1
953 455 1
953 1459 1
954 11 1
954 465 1
954 1833 1
954 1843 1
955 11 1
955 268 1
955 1835 1
956 562 1
956 629 1
956 957 1
957 87 1
957 562 1
957 564 1
957 565 1
957 629 1
957 956 1
957 1790 1
957 1791 1
958 283 1
958 959 1
958 960 1
959 285 1
959 958 1
959 982 1
959 1135 1
959 1403 1
959 1488 1
960 958 1
961 962 1
961 963 1
961 964 1
961 965 1
961 966 1
961 967 1
961 968 1
961 969 1
961 970 1
961 971 1
961 972 1
962 961 1
962 964 1
962 965 1
962 966 1
962 967 1
962 968 1
962 969 1
962 970 1
962 971 1
962 972 1
963 961 1
963 964 1
963 968 1
963 970 1
963 971 1
964 961 1
964 962 1
964 963 1
964 967 1
964 968 1
964 971 1
965 961 1
965 962 1
965 966 1
965 967 1
965 968 1
965 971 1
966 961 1
966 962 1
966 965 1
966 967 1
966 968 1
966 971 1
967 961 1
967 962 1
967 964 1
967 965 1
967 966 1
967 968 1
967 970 1
968 719 1
968 961 1
968 962 1
968 963 1
968 964 1
968 965 1
968 966 1
968 967 1
968 969 1
968 970 1
968 971 1
968 972 1
968 977 1
968 1276 1
969 961 1
969 962 1
969 968 1
969 971 1
969 972 1
970 961 1
970 962 1
970 963 1
970 967 1
970 968 1
971 961 1
971 962 1
971 963 1
971 964 1
971 965 1
971 966 1
971 968 1
971 969 1
972 961 1
972 962 1
972 968 1
972 969 1
973 228 1
973 283 1
973 449 1
973 453 1
973 974 1
973 975 1
973 976 1
973 977 1
973 978 1
973 979 1
973 980 1
973 981 1
973 982 1
974 973 1
975 51 1
975 152 1
975 284 1
975 417 1
975 452 1
975 453 1
975 730 1
975 914 1
975 973 1
975 1071 1
975 1686 1
975 1703 1
976 48 1
976 276 1
976 285 1
976 415 1
976 453 1
976 454 1
976 457 1
976 917 1
976 973 1
976 1356 1
976 1485 1
977 47 1
977 260 1
977 267 1
977 271 1
977 453 1
977 467 1
977 597 1
977 651 1
977 721 1
977 820 1
977 968 1
977 973 1
977 1404 1
978 51 1
978 284 1
978 417 1
978 451 1
978 452 1
978 453 1
978 917 1
978 973 1
978 1554 1
978 1599 1
978 1684 1
978 1700 1
979 262 1
979 453 1
979 613 1
979 973 1
979 1461 1
980 283 1
980 729 1
980 917 1
980 973 1
980 1065 1
980 1066 1
980 1438 1
981 268 1
981 453 1
981 465 1
981 973 1
981 1371 1
981 1793 1
981 1830 1
981 1848 1
982 416 1
982 456 1
982 959 1
982 973 1
982 1134 1
982 1135 1
982 1441 1
982 1471 1
983 984 1
983 985 1
983 986 1
983 987 1
984 983 1
984 985 1
984 986 1
984 987 1
985 983 1
985 984 1
985 986 1
985 987 1
986 983 1
986 984 1
986 985 1
986 987 1
987 983 1
987 984 1
987 985 1
987 986 1
988 989 1
988 990 1
989 988 1
989 990 1
990 988 1
990 989 1
991 303 1
991 544 1
991 834 1
991 992 1
991 993 1
991 994 1
991 995 1
992 348 1
992 350 1
992 867 1
992 991 1
992 999 1
992 1003 1
992 1306 1
992 1618 1
993 77 1
993 539 1
993 542 1
993 544 1
993 991 1
993 995 1
994 303 1
994 542 1
994 544 1
994 547 1
994 991 1
994 1114 1
994 1289 1
994 1300 1
994 1377 1
994 1378 1
994 1450 1
994 1452 1
994 1624 1
995 303 1
995 539 1
995 542 1
995 543 1
995 544 1
995 547 1
995 991 1
995 993 1
995 1304 1
995 1377 1
995 1378 1
996 500 1
996 997 1
996 998 1
996 999 1
996 1000 1
996 1001 1
996 1002 1
997 369 1
997 996 1
997 998 1
997 1036 1
997 1794 1
998 996 1
998 997 1
998 999 1
998 1001 1
998 1003 1
998 1004 1
999 92 1
999 314 1
999 319 1
999 500 1
999 601 1
999 726 1
999 943 1
999 992 1
999 996 1
999 998 1
999 1001 1
999 1002 1
999 1003 1
999 1004 1
999 1428 1
999 1822 1
1000 271 1
1000 500 1
1000 996 1
1000 1002 1
1000 1003 1
1000 1004 1
1000 1843 1
1001 314 1
1001 996 1
1001 998 1
1001 999 1
1001 1002 1
1001 1004 1
1002 182 1
1002 996 1
1002 999 1
1002 1000 1
1002 1001 1
1002 1004 1
1002 1627 1
1003 315 1
1003 500 1
1003 992 1
1003 998 1
1003 999 1
1003 1000 1
1003 1004 1
1004 500 1
1004 998 1
1004 999 1
1004 1000 1
1004 1001 1
1004 1002 1
1004 1003 1
1005 800 1
1005 892 1
1005 1006 1
1005 1007 1
1005 1008 1
1005 1009 1
1005 1010 1
1005 1011 1
1005 1012 1
1006 1005 1
1006 1007 1
1006 1008 1
1006 1009 1
1006 1010 1
1006 1110 1
1006 1751 1
1007 1005 1
1007 1006 1
1007 1008 1
1007 1009 1
1007 1010 1
1007 1011 1
1007 1110 1
1007 1612 1
1007 1751 1
1008 800 1
1008 1005 1
1008 1006 1
1008 1007 1
1008 1010 1
1008 1011 1
1008 1110 1
1008 1539 1
1008 1751 1
1009 1005 1
1009 1006 1
1009 1007 1
1009 1010 1
1009 1011 1
1009 1110 1
1009 1751 1
1010 800 1
1010 1005 1
1010 1006 1
1010 1007 1
1010 1008 1
1010 1009 1
1010 1011 1
1010 1110 1
1010 1751 1
1011 1005 1
1011 1007 1
1011 1008 1
1011 1009 1
1011 1010 1
1011 1110 1
1011 1612 1
1011 1751 1
1012 92 1
1012 244 1
1012 309 1
1012 707 1
1012 1005 1
1012 1221 1
1012 1533 1
1012 1576 1
1013 544 1
1013 659 1
1013 1014 1
1013 1015 1
1013 1016 1
1013 1017 1
1013 1018 1
1013 1019 1
1013 1020 1
1013 1021 1
1013 1022 1
1014 606 1
1014 1013 1
1015 545 1
1015 659 1
1015 660 1
1015 662 1
1015 665 1
1015 708 1
1015 1013 1
1015 1018 1
1015 1019 1
1015 1021 1
1015 1331 1
1015 1333 1
1015 1365 1
1015 1378 1
1015 1709 1
1016 248 1
1016 544 1
1016 547 1
1016 662 1
1016 666 1
1016 674 1
1016 708 1
1016 712 1
1016 1013 1
1016 1022 1
1016 1279 1
1016 1541 1
1016 1709 1
1017 654 1
1017 655 1
1017 659 1
1017 663 1
1017 670 1
1017 677 1
1017 1013 1
1017 1022 1
1018 248 1
1018 486 1
1018 654 1
1018 655 1
1018 659 1
1018 663 1
1018 670 1
1018 674 1
1018 677 1
1018 679 1
1018 1013 1
1018 1015 1
1018 1019 1
1018 1020 1
1018 1021 1
1018 1022 1
1018 1331 1
1018 1365 1
1018 1774 1
1019 677 1
1019 1013 1
1019 1015 1
1019 1018 1
1019 1020 1
1019 1021 1
1019 1022 1
1020 674 1
1020 679 1
1020 711 1
1020 1013 1
1020 1018 1
1020 1019 1
1020 1021 1
1020 1123 1
1020 1709 1
1021 1013 1
1021 1015 1
1021 1018 1
1021 1019 1
1021 1020 1
1022 656 1
1022 677 1
1022 1013 1
1022 1016 1
1022 1017 1
1022 1018 1
1022 1019 1
1023 15 1
1023 408 1
1023 584 1
1023 585 1
1023 587 1
1023 591 1
1023 593 1
1023 685 1
1023 687 1
1023 1024 1
1023 1025 1
1024 15 1
1024 406 1
1024 408 1
1024 411 1
1024 585 1
1024 586 1
1024 590 1
1024 591 1
1024 593 1
1024 687 1
1024 1023 1
1024 1025 1
1025 15 1
1025 408 1
1025 585 1
1025 587 1
1025 591 1
1025 592 1
1025 593 1
1025 687 1
1025 1023 1
1025 1024 1
1026 289 1
1026 1027 1
1026 1028 1
1027 289 1
1027 1026 1
1027 1028 1
1027 1812 1
1027 1841 1
1028 289 1
1028 407 1
1028 589 1
1028 1026 1
1028 1027 1
1028 1029 1
1028 1811 1
1028 1812 1
1029 289 1
1029 724 1
1029 764 1
1029 766 1
1029 1028 1
1029 1436 1
1029 1480 1
1029 1811 1
1029 1812 1
1030 724 1
1030 943 1
1030 1128 1
1031 724 1
1031 1740 1
1031 1743 1
1031 1745 1
1031 1747 1
1031 1748 1
1032 1033 1
1033 613 1
1033 627 1
1033 873 1
1033 887 1
1033 1032 1
1033 1506 1
1033 1508 1
1034 445 1
1034 885 1
1034 1035 1
1034 1036 1
1034 1037 1
1035 1034 1
1035 1271 1
1035 1816 1
1036 997 1
1036 1034 1
1036 1794 1
1037 445 1
1037 709 1
1037 1034 1
1037 1409 1
1037 1420 1
1038 269 1
1039 1040 1
1039 1041 1
1039 1042 1
1039 1043 1
1039 1044 1
1039 1045 1
1040 1039 1
1041 1039 1
1041 1042 1
1041 1043 1
1041 1044 1
1041 1045 1
1042 1039 1
1042 1041 1
1042 1043 1
1042 1044 1
1042 1045 1
1043 1039 1
1043 1041 1
1043 1042 1
1043 1044 1
1043 1045 1
1044 1039 1
1044 1041 1
1044 1042 1
1044 1043 1
1044 1045 1
1045 1039 1
1045 1041 1
1045 1042 1
1045 1043 1
1045 1044 1
1046 1047 1
1046 1048 1
1046 1049 1
1046 1050 1
1047 1046 1
1047 1048 1
1047 1049 1
1047 1050 1
1048 1046 1
1048 1047 1
1048 1049 1
1048 1050 1
1048 1174 1
1048 1307 1
1049 1046 1
1049 1047 1
1049 1048 1
1049 1050 1
1050 657 1
1050 1046 1
1050 1047 1
1050 1048 1
1050 1049 1
1051 1052 1
1051 1053 1
1051 1054 1
1052 1051 1
1052 1053 1
1052 1054 1
1053 1051 1
1053 1052 1
1053 1054 1
1054 1051 1
1054 1052 1
1054 1053 1
1055 1056 1
1055 1057 1
1055 1058 1
1055 1059 1
1055 1060 1
1056 269 1
1056 1055 1
1056 1057 1
1056 1058 1
1056 1059 1
1056 1060 1
1056 1697 1
1056 1807 1
1056 1808 1
1056 1809 1
1057 269 1
1057 1055 1
1057 1056 1
1057 1058 1
1057 1059 1
1057 1697 1
1058 1055 1
1058 1056 1
1058 1057 1
1058 1059 1
1058 1060 1
1058 1808 1
1059 1055 1
1059 1056 1
1059 1057 1
1059 1058 1
1059 1060 1
1060 269 1
1060 1055 1
1060 1056 1
1060 1058 1
1060 1059 1
1061 452 1
1062 229 1
1062 1063 1
1062 1064 1
1062 1065 1
1062 1066 1
1062 1067 1
1062 1068 1
1063 1062 1
1063 1269 1
1063 1270 1
1064 1062 1
1064 1485 1
1065 228 1
1065 802 1
1065 980 1
1065 1062 1
1065 1066 1
1065 1526 1
1065 1705 1
1066 153 1
1066 980 1
1066 1062 1
1066 1065 1
1066 1471 1
1067 51 1
1067 229 1
1067 276 1
1067 279 1
1067 281 1
1067 285 1
1067 456 1
1067 457 1
1067 1062 1
1067 1356 1
1067 1439 1
1067 1608 1
1067 1685 1
1067 1704 1
1068 283 1
1068 416 1
1068 597 1
1068 728 1
1068 1062 1
1068 1134 1
1068 1599 1
1069 228 1
1069 449 1
1069 1311 1
1069 1789 1
1070 51 1
1070 228 1
1070 453 1
1070 510 1
1070 1404 1
1070 1611 1
1071 48 1
1071 228 1
1071 728 1
1071 975 1
1071 1831 1
1072 1073 1
1072 1074 1
1072 1075 1
1072 1076 1
1073 1072 1
1073 1074 1
1073 1075 1
1073 1076 1
1074 1072 1
1074 1073 1
1074 1075 1
1074 1770 1
1075 216 1
1075 1072 1
1075 1073 1
1075 1074 1
1075 1076 1
1075 1847 1
1076 1072 1
1076 1073 1
1076 1075 1
1077 1078 1
1077 1079 1
1077 1080 1
1077 1081 1
1077 1082 1
1077 1083 1
1077 1084 1
1077 1085 1
1077 1086 1
1077 1087 1
1077 1088 1
1077 1089 1
1077 1090 1
1078 1077 1
1078 1079 1
1078 1081 1
1078 1082 1
1078 1083 1
1078 1084 1
1078 1086 1
1078 1087 1
1078 1088 1
1078 1089 1
1078 1090 1
1079 1077 1
1079 1078 1
1079 1080 1
1079 1084 1
1079 1085 1
1079 1086 1
1079 1088 1
1079 1089 1
1079 1090 1
1080 1077 1
1080 1079 1
1080 1083 1
1080 1084 1
1080 1086 1
1080 1088 1
1080 1089 1
1081 1077 1
1081 1078 1
1081 1083 1
1081 1084 1
1081 1085 1
1081 1087 1
1081 1088 1
1081 1089 1
1081 1090 1
1082 1077 1
1082 1078 1
1082 1084 1
1082 1085 1
1082 1086 1
1082 1088 1
1082 1090 1
1083 1077 1
1083 1078 1
1083 1080 1
1083 1081 1
1083 1084 1
1083 1085 1
1083 1086 1
1083 1087 1
1083 1088 1
1083 1089 1
1083 1090 1
1084 1077 1
1084 1078 1
1084 1079 1
1084 1080 1
1084 1081 1
1084 1082 1
1084 1083 1
1084 1086 1
1084 1087 1
1084 1088 1
1084 1089 1
1085 1077 1
1085 1079 1
1085 1081 1
1085 1082 1
1085 1083 1
1085 1086 1
1085 1087 1
1085 1088 1
1085 1089 1
1085 1090 1
1086 1077 1
1086 1078 1
1086 1079 1
1086 1080 1
1086 1082 1
1086 1083 1
1086 1084 1
1086 1085 1
1086 1088 1
1086 1089 1
1086 1090 1
1087 1077 1
1087 1078 1
1087 1081 1
1087 1083 1
1087 1084 1
1087 1085 1
1087 1089 1
1087 1090 1
1088 1077 1
1088 1078 1
1088 1079 1
1088 1080 1
1088 1081 1
1088 1082 1
1088 1083 1
1088 1084 1
1088 1085 1
1088 1086 1
1088 1089 1
1088 1090 1
1089 1077 1
1089 1078 1
1089 1079 1
1089 1080 1
1089 1081 1
1089 1083 1
1089 1084 1
1089 1085 1
1089 1086 1
1089 1087 1
1089 1088 1
1089 1090 1
1090 1077 1
1090 1078 1
1090 1079 1
1090 1081 1
1090 1082 1
1090 1083 1
1090 1085 1
1090 1086 1
1090 1087 1
1090 1088 1
1090 1089 1
1091 1092 1
1091 1093 1
1091 1094 1
1091 1095 1
1091 1096 1
1091 1097 1
1091 1098 1
1091 1099 1
1091 1100 1
1091 1101 1
1091 1102 1
1091 1103 1
1091 1104 1
1092 1091 1
1092 1093 1
1092 1094 1
1092 1095 1
1092 1096 1
1092 1097 1
1092 1098 1
1092 1099 1
1092 1100 1
1092 1101 1
1092 1103 1
1092 1104 1
1093 1091 1
1093 1092 1
1093 1094 1
1093 1095 1
1093 1096 1
1093 1097 1
1093 1098 1
1093 1100 1
1093 1101 1
1093 1102 1
1093 1103 1
1093 1104 1
1094 1091 1
1094 1092 1
1094 1093 1
1094 1095 1
1094 1096 1
1094 1097 1
1094 1098 1
1094 1099 1
1094 1100 1
1094 1101 1
1094 1102 1
1094 1103 1
1094 1104 1
1095 1091 1
1095 1092 1
1095 1093 1
1095 1094 1
1095 1096 1
1095 1097 1
1095 1098 1
1095 1100 1
1095 1101 1
1095 1102 1
1095 1103 1
1095 1104 1
1096 1091 1
1096 1092 1
1096 1093 1
1096 1094 1
1096 1095 1
1096 1097 1
1096 1098 1
1096 1100 1
1096 1101 1
1096 1103 1
1096 1104 1
1097 1091 1
1097 1092 1
1097 1093 1
1097 1094 1
1097 1095 1
1097 1096 1
1097 1099 1
1097 1100 1
1097 1101 1
1097 1102 1
1097 1103 1
1097 1104 1
1098 1091 1
1098 1092 1
1098 1093 1
1098 1094 1
1098 1095 1
1098 1096 1
1098 1100 1
1098 1101 1
1098 1103 1
1098 1104 1
1099 1091 1
1099 1092 1
1099 1094 1
1099 1097 1
1099 1100 1
1099 1103 1
1099 1104 1
1100 1091 1
1100 1092 1
1100 1093 1
1100 1094 1
1100 1095 1
1100 1096 1
1100 1097 1
1100 1098 1
1100 1099 1
1100 1101 1
1100 1102 1
1100 1103 1
1100 1104 1
1101 1091 1
1101 1092 1
1101 1093 1
1101 1094 1
1101 1095 1
1101 1096 1
1101 1097 1
1101 1098 1
1101 1100 1
1101 1102 1
1101 1103 1
1101 1104 1
1102 1091 1
1102 1093 1
1102 1094 1
1102 1095 1
1102 1097 1
1102 1100 1
1102 1101 1
1102 1104 1
1103 1091 1
1103 1092 1
1103 1093 1
1103 1094 1
1103 1095 1
1103 1096 1
1103 1097 1
1103 1098 1
1103 1099 1
1103 1100 1
1103 1101 1
1103 1104 1
1104 1091 1
1104 1092 1
1104 1093 1
1104 1094 1
1104 1095 1
1104 1096 1
1104 1097 1
1104 1098 1
1104 1099 1
1104 1100 1
1104 1101 1
1104 1102 1
1104 1103 1
1105 287 1
1105 889 1
1105 1106 1
1106 287 1
1106 471 1
1106 1105 1
1106 1108 1
1106 1114 1
1106 1117 1
1106 1120 1
1107 398 1
1107 1108 1
1107 1109 1
1108 400 1
1108 471 1
1108 889 1
1108 1106 1
1108 1107 1
1108 1112 1
1108 1114 1
1108 1117 1
1108 1119 1
1108 1120 1
1108 1219 1
1108 1799 1
1109 1107 1
1109 1234 1
1110 471 1
1110 1006 1
1110 1007 1
1110 1008 1
1110 1009 1
1110 1010 1
1110 1011 1
1110 1751 1
1111 471 1
1111 1113 1
1111 1115 1
1111 1116 1
1111 1118 1
1111 1121 1
1112 398 1
1112 471 1
1112 1108 1
1112 1114 1
1112 1117 1
1112 1120 1
1112 1122 1
1112 1799 1
1113 471 1
1113 1111 1
1113 1115 1
1113 1116 1
1113 1118 1
1113 1121 1
1114 141 1
1114 271 1
1114 287 1
1114 398 1
1114 471 1
1114 540 1
1114 657 1
1114 709 1
1114 777 1
1114 994 1
1114 1106 1
1114 1108 1
1114 1112 1
1114 1117 1
1114 1120 1
1114 1122 1
1114 1174 1
1114 1303 1
1114 1307 1
1114 1381 1
1115 471 1
1115 1111 1
1115 1113 1
1115 1116 1
1115 1121 1
1116 471 1
1116 1111 1
1116 1113 1
1116 1115 1
1116 1118 1
1116 1121 1
1117 398 1
1117 400 1
1117 471 1
1117 507 1
1117 1106 1
1117 1108 1
1117 1112 1
1117 1114 1
1117 1120 1
1117 1122 1
1117 1799 1
1118 471 1
1118 1111 1
1118 1113 1
1118 1116 1
1118 1121 1
1119 398 1
1119 471 1
1119 889 1
1119 1108 1
1119 1219 1
1119 1799 1
1120 395 1
1120 398 1
1120 400 1
1120 471 1
1120 1106 1
1120 1108 1
1120 1112 1
1120 1114 1
1120 1117 1
1120 1122 1
1121 471 1
1121 1111 1
1121 1113 1
1121 1115 1
1121 1116 1
1121 1118 1
1122 306 1
1122 471 1
1122 658 1
1122 1112 1
1122 1114 1
1122 1117 1
1122 1120 1
1122 1799 1
1123 287 1
1123 711 1
1123 1020 1
1124 1125 1
1124 1126 1
1124 1127 1
1124 1128 1
1125 639 1
1125 876 1
1125 877 1
1125 1124 1
1125 1126 1
1125 1127 1
1125 1128 1
1125 1653 1
1126 521 1
1126 877 1
1126 1124 1
1126 1125 1
1126 1127 1
1126 1128 1
1126 1420 1
1127 521 1
1127 877 1
1127 1124 1
1127 1125 1
1127 1126 1
1127 1128 1
1128 521 1
1128 876 1
1128 1030 1
1128 1124 1
1128 1125 1
1128 1126 1
1128 1127 1
1128 1653 1
1129 1130 1
1130 1129 1
1130 1813 1
1131 453 1
1131 510 1
1131 599 1
1131 1132 1
1131 1133 1
1131 1134 1
1132 51 1
1132 153 1
1132 267 1
1132 283 1
1132 613 1
1132 856 1
1132 1131 1
1132 1269 1
1132 1424 1
1132 1679 1
1133 35 1
1133 38 1
1133 53 1
1133 275 1
1133 280 1
1133 283 1
1133 416 1
1133 599 1
1133 723 1
1133 870 1
1133 1131 1
1133 1526 1
1133 1551 1
1133 1606 1
1133 1608 1
1133 1609 1
1133 1610 1
1134 416 1
1134 597 1
1134 982 1
1134 1068 1
1134 1131 1
1134 1601 1
1135 35 1
1135 449 1
1135 959 1
1135 982 1
1135 1857 1
1136 51 1
1136 276 1
1136 283 1
1136 449 1
1136 452 1
1136 904 1
1136 1137 1
1136 1689 1
1136 1829 1
1137 51 1
1137 275 1
1137 449 1
1137 452 1
1137 453 1
1137 597 1
1137 613 1
1137 1136 1
1137 1156 1
1137 1356 1
1137 1440 1
1137 1461 1
1137 1609 1
1137 1693 1
1137 1706 1
1137 1782 1
1138 1139 1
1139 1138 1
1139 1856 1
1140 1141 1
1140 1142 1
1140 1143 1
1140 1144 1
1140 1145 1
1140 1146 1
1140 1147 1
1140 1148 1
1140 1149 1
1140 1150 1
1140 1151 1
1141 1140 1
1141 1143 1
1141 1144 1
1141 1146 1
1141 1148 1
1141 1149 1
1141 1150 1
1141 1151 1
1142 1140 1
1142 1143 1
1142 1144 1
1142 1145 1
1142 1146 1
1142 1149 1
1142 1150 1
1142 1151 1
1143 1140 1
1143 1141 1
1143 1142 1
1143 1144 1
1143 1145 1
1143 1146 1
1143 1147 1
1143 1148 1
1143 1149 1
1143 1150 1
1143 1151 1
1144 1140 1
1144 1141 1
1144 1142 1
1144 1143 1
1144 1145 1
1144 1147 1
1144 1148 1
1144 1149 1
1144 1151 1
1145 1140 1
1145 1142 1
1145 1143 1
1145 1144 1
1145 1146 1
1145 1147 1
1145 1148 1
1145 1149 1
1145 1150 1
1145 1151 1
1146 1140 1
1146 1141 1
1146 1142 1
1146 1143 1
1146 1145 1
1146 1147 1
1146 1148 1
1146 1149 1
1147 343 1
1147 1140 1
1147 1143 1
1147 1144 1
1147 1145 1
1147 1146 1
1147 1149 1
1147 1798 1
1148 1140 1
1148 1141 1
1148 1143 1
1148 1144 1
1148 1145 1
1148 1146 1
1148 1151 1
1149 1140 1
1149 1141 1
1149 1142 1
1149 1143 1
1149 1144 1
1149 1145 1
1149 1146 1
1149 1147 1
1149 1150 1
1149 1151 1
1150 1140 1
1150 1141 1
1150 1142 1
1150 1143 1
1150 1145 1
1150 1149 1
1150 1151 1
1151 1140 1
1151 1141 1
1151 1142 1
1151 1143 1
1151 1144 1
1151 1145 1
1151 1148 1
1151 1149 1
1151 1150 1
1152 324 1
1153 1154 1
1154 1153 1
1155 368 1
1155 1156 1
1156 370 1
1156 1137 1
1156 1155 1
1156 1804 1
1157 1158 1
1157 1159 1
1158 185 1
1158 271 1
1158 601 1
1158 651 1
1158 1157 1
1159 265 1
1159 467 1
1159 725 1
1159 1157 1
1159 1672 1
1159 1799 1
1160 1161 1
1160 1162 1
1160 1163 1
1160 1164 1
1161 1160 1
1161 1162 1
1161 1163 1
1161 1164 1
1162 1160 1
1162 1161 1
1162 1163 1
1162 1164 1
1162 1410 1
1162 1827 1
1163 1160 1
1163 1161 1
1163 1162 1
1163 1164 1
1164 1160 1
1164 1161 1
1164 1162 1
1164 1163 1
1165 1166 1
1166 313 1
1166 318 1
1166 321 1
1166 1165 1
1166 1374 1
1167 1168 1
1167 1169 1
1168 1167 1
1168 1477 1
1168 1557 1
1169 1167 1
1169 1230 1
1170 104 1
1170 121 1
1170 125 1
1170 129 1
1170 131 1
1170 214 1
1171 104 1
1171 107 1
1171 144 1
1171 145 1
1171 211 1
1171 244 1
1172 104 1
1172 109 1
1172 118 1
1172 121 1
1172 125 1
1172 244 1
1172 1321 1
1173 192 1
1173 347 1
1173 657 1
1173 1174 1
1173 1175 1
1173 1176 1
1173 1177 1
1174 192 1
1174 350 1
1174 657 1
1174 777 1
1174 1048 1
1174 1114 1
1174 1173 1
1174 1175 1
1174 1176 1
1174 1177 1
1174 1290 1
1174 1300 1
1174 1302 1
1174 1306 1
1174 1307 1
1174 1308 1
1174 1342 1
1174 1363 1
1174 1367 1
1174 1450 1
1174 1483 1
1174 1574 1
1174 1576 1
1174 1617 1
1174 1618 1
1174 1619 1
1174 1620 1
1174 1621 1
1174 1622 1
1174 1623 1
1174 1624 1
1174 1625 1
1174 1626 1
1174 1627 1
1175 141 1
1175 657 1
1175 1173 1
1175 1174 1
1175 1176 1
1175 1368 1
1176 74 1
1176 304 1
1176 312 1
1176 322 1
1176 335 1
1176 347 1
1176 460 1
1176 612 1
1176 630 1
1176 657 1
1176 777 1
1176 1173 1
1176 1174 1
1176 1175 1
1176 1290 1
1176 1300 1
1176 1302 1
1176 1306 1
1176 1307 1
1176 1308 1
1176 1391 1
1176 1394 1
1176 1395 1
1176 1396 1
1176 1397 1
1176 1449 1
1176 1483 1
1176 1619 1
1176 1621 1
1176 1622 1
1176 1626 1
1177 656 1
1177 657 1
1177 678 1
1177 777 1
1177 1173 1
1177 1174 1
1177 1573 1
1177 1574 1
1178 1179 1
1179 260 1
1179 271 1
1179 465 1
1179 719 1
1179 726 1
1179 1178 1
1180 273 1
1180 374 1
1180 1214 1
1181 1182 1
1182 846 1
1182 1181 1
1183 152 1
1183 1184 1
1184 152 1
1184 416 1
1184 1183 1
1184 1630 1
1185 1186 1
1185 1187 1
1185 1188 1
1186 1185 1
1186 1187 1
1187 1185 1
1187 1186 1
1187 1188 1
1188 1185 1
1188 1187 1
1189 214 1
1189 234 1
1189 265 1
1189 304 1
1189 308 1
1189 350 1
1189 533 1
1189 536 1
1189 871 1
1189 885 1
1189 1190 1
1189 1191 1
1189 1192 1
1189 1193 1
1189 1194 1
1189 1195 1
1189 1196 1
1189 1197 1
1190 350 1
1190 1189 1
1190 1195 1
1190 1196 1
1190 1197 1
1191 873 1
1191 1189 1
1191 1821 1
1192 541 1
1192 1189 1
1192 1821 1
1193 350 1
1193 533 1
1193 871 1
1193 1189 1
1193 1196 1
1193 1197 1
1194 350 1
1194 1189 1
1194 1196 1
1195 350 1
1195 1189 1
1195 1190 1
1195 1196 1
1195 1197 1
1196 350 1
1196 1189 1
1196 1190 1
1196 1193 1
1196 1194 1
1196 1195 1
1196 1197 1
1197 350 1
1197 1189 1
1197 1190 1
1197 1193 1
1197 1195 1
1197 1196 1
1198 1199 1
1198 1200 1
1198 1201 1
1198 1202 1
1198 1203 1
1199 1198 1
1199 1200 1
1199 1201 1
1199 1202 1
1199 1203 1
1200 343 1
1200 1198 1
1200 1199 1
1200 1201 1
1200 1202 1
1200 1203 1
1201 343 1
1201 1198 1
1201 1199 1
1201 1200 1
1201 1202 1
1202 1198 1
1202 1199 1
1202 1200 1
1202 1201 1
1203 1198 1
1203 1199 1
1203 1200 1
1203 1817 1
1204 134 1
1204 265 1
1204 270 1
1204 501 1
1204 1205 1
1204 1206 1
1204 1207 1
1204 1208 1
1204 1209 1
1204 1210 1
1205 267 1
1205 1204 1
1205 1209 1
1206 942 1
1206 1204 1
1206 1207 1
1206 1209 1
1206 1680 1
1206 1681 1
1207 72 1
1207 265 1
1207 304 1
1207 309 1
1207 725 1
1207 1204 1
1207 1206 1
1207 1208 1
1207 1209 1
1207 1210 1
1208 265 1
1208 501 1
1208 725 1
1208 726 1
1208 1204 1
1208 1207 1
1208 1209 1
1208 1210 1
1209 267 1
1209 270 1
1209 455 1
1209 465 1
1209 1204 1
1209 1205 1
1209 1206 1
1209 1207 1
1209 1208 1
1209 1210 1
1209 1680 1
1209 1681 1
1210 265 1
1210 725 1
1210 1204 1
1210 1207 1
1210 1208 1
1210 1209 1
1211 1212 1
1212 1211 1
1212 1238 1
1212 1358 1
1212 1445 1
1212 1446 1
1213 306 1
1213 316 1
1213 322 1
1213 624 1
1213 625 1
1213 819 1
1213 890 1
1213 1214 1
1213 1215 1
1213 1216 1
1214 377 1
1214 624 1
1214 650 1
1214 1180 1
1214 1213 1
1214 1457 1
1214 1672 1
1215 75 1
1215 155 1
1215 612 1
1215 846 1
1215 869 1
1215 1213 1
1215 1216 1
1215 1283 1
1215 1325 1
1215 1692 1
1215 1800 1
1216 271 1
1216 612 1
1216 624 1
1216 890 1
1216 1213 1
1216 1215 1
1216 1457 1
1216 1674 1
1216 1676 1
1216 1692 1
1217 906 1
1217 907 1
1217 908 1
1217 909 1
1217 1832 1
1218 325 1
1219 398 1
1219 464 1
1219 889 1
1219 1108 1
1219 1119 1
1220 121 1
1220 125 1
1220 127 1
1220 144 1
1220 237 1
1220 1221 1
1220 1222 1
1220 1223 1
1221 121 1
1221 287 1
1221 627 1
1221 707 1
1221 1012 1
1221 1220 1
1221 1223 1
1222 107 1
1222 121 1
1222 125 1
1222 127 1
1222 233 1
1222 1220 1
1222 1223 1
1222 1818 1
1223 112 1
1223 120 1
1223 125 1
1223 127 1
1223 144 1
1223 145 1
1223 146 1
1223 201 1
1223 203 1
1223 204 1
1223 213 1
1223 216 1
1223 217 1
1223 233 1
1223 242 1
1223 1220 1
1223 1221 1
1223 1222 1
1223 1572 1
1223 1618 1
1223 1818 1
1224 1225 1
1224 1226 1
1224 1227 1
1224 1228 1
1225 1224 1
1225 1227 1
1226 1224 1
1227 1224 1
1227 1225 1
1228 1224 1
1229 1230 1
1229 1231 1
1230 1169 1
1230 1229 1
1230 1231 1
1231 1229 1
1231 1230 1
1231 1846 1
1232 396 1
1232 1233 1
1232 1234 1
1232 1235 1
1233 777 1
1233 1232 1
1233 1303 1
1233 1306 1
1233 1399 1
1233 1622 1
1233 1803 1
1234 395 1
1234 396 1
1234 401 1
1234 1109 1
1234 1232 1
1235 310 1
1235 1232 1
1235 1303 1
1235 1451 1
1235 1452 1
1236 283 1
1237 1238 1
1238 837 1
1238 1212 1
1238 1237 1
1238 1358 1
1238 1444 1
1238 1445 1
1238 1446 1
1238 1503 1
1239 1240 1
1239 1241 1
1240 283 1
1240 453 1
1240 1239 1
1240 1241 1
1241 1239 1
1241 1240 1
1242 1243 1
1242 1244 1
1242 1245 1
1242 1246 1
1242 1247 1
1242 1248 1
1242 1249 1
1242 1250 1
1242 1251 1
1242 1252 1
1242 1253 1
1242 1254 1
1242 1255 1
1242 1256 1
1242 1257 1
1242 1258 1
1242 1259 1
1242 1260 1
1242 1261 1
1242 1262 1
1242 1263 1
1242 1264 1
1242 1265 1
1242 1266 1
1242 1267 1
1242 1268 1
1243 1242 1
1244 1242 1
1244 1248 1
1244 1268 1
1245 1242 1
1245 1246 1
1245 1247 1
1245 1249 1
1245 1250 1
1245 1251 1
1245 1252 1
1245 1253 1
1245 1254 1
1245 1255 1
1245 1256 1
1245 1257 1
1245 1259 1
1245 1260 1
1245 1261 1
1245 1262 1
1245 1263 1
1245 1264 1
1245 1265 1
1245 1267 1
1246 1242 1
1246 1245 1
1246 1247 1
1246 1250 1
1246 1251 1
1246 1252 1
1246 1253 1
1246 1254 1
1246 1256 1
1246 1259 1
1246 1261 1
1246 1262 1
1246 1263 1
1246 1264 1
1246 1265 1
1246 1267 1
1247 1242 1
1247 1245 1
1247 1246 1
1247 1249 1
1247 1250 1
1247 1252 1
1247 1260 1
1247 1261 1
1247 1262 1
1247 1265 1
1247 1266 1
1248 1242 1
1248 1244 1
1248 1268 1
1249 1242 1
1249 1245 1
1249 1247 1
1249 1250 1
1249 1251 1
1249 1252 1
1249 1253 1
1249 1254 1
1249 1256 1
1249 1257 1
1249 1259 1
1249 1260 1
1249 1261 1
1249 1262 1
1249 1263 1
1249 1264 1
1249 1267 1
1250 1242 1
1250 1245 1
1250 1246 1
1250 1247 1
1250 1249 1
1250 1251 1
1250 1252 1
1250 1253 1
1250 1254 1
1250 1255 1
1250 1256 1
1250 1257 1
1250 1259 1
1250 1260 1
1250 1261 1
1250 1262 1
1250 1263 1
1250 1264 1
1250 1267 1
1251 1242 1
1251 1245 1
1251 1246 1
1251 1249 1
1251 1250 1
1251 1252 1
1251 1253 1
1251 1254 1
1251 1255 1
1251 1256 1
1251 1257 1
1251 1259 1
1251 1261 1
1251 1262 1
1251 1263 1
1251 1264 1
1251 1267 1
1252 1242 1
1252 1245 1
1252 1246 1
1252 1247 1
1252 1249 1
1252 1250 1
1252 1251 1
1252 1253 1
1252 1254 1
1252 1255 1
1252 1256 1
1252 1257 1
1252 1258 1
1252 1259 1
1252 1260 1
1252 1261 1
1252 1262 1
1252 1263 1
1252 1264 1
1252 1265 1
1252 1266 1
1252 1267 1
1253 1242 1
1253 1245 1
1253 1246 1
1253 1249 1
1253 1250 1
1253 1251 1
1253 1252 1
1253 1254 1
1253 1255 1
1253 1256 1
1253 1257 1
1253 1259 1
1253 1260 1
1253 1261 1
1253 1262 1
1253 1263 1
1253 1264 1
1253 1265 1
1253 1267 1
1254 1242 1
1254 1245 1
1254 1246 1
1254 1249 1
1254 1250 1
1254 1251 1
1254 1252 1
1254 1253 1
1254 1255 1
1254 1256 1
1254 1257 1
1254 1259 1
1254 1260 1
1254 1261 1
1254 1262 1
1254 1263 1
1254 1264 1
1254 1265 1
1254 1266 1
1254 1267 1
1255 1242 1
1255 1245 1
1255 1250 1
1255 1251 1
1255 1252 1
1255 1253 1
1255 1254 1
1255 1256 1
1255 1260 1
1255 1261 1
1255 1262 1
1255 1263 1
1255 1264 1
1255 1265 1
1255 1267 1
1256 1242 1
1256 1245 1
1256 1246 1
1256 1249 1
1256 1250 1
1256 1251 1
1256 1252 1
1256 1253 1
1256 1254 1
1256 1255 1
1256 1257 1
1256 1258 1
1256 1259 1
1256 1260 1
1256 1261 1
1256 1262 1
1256 1263 1
1256 1264 1
1256 1265 1
1256 1267 1
1257 1242 1
1257 1245 1
1257 1249 1
1257 1250 1
1257 1251 1
1257 1252 1
1257 1253 1
1257 1254 1
1257 1256 1
1257 1258 1
1257 1259 1
1257 1260 1
1257 1261 1
1257 1262 1
1257 1263 1
1257 1264 1
1257 1265 1
1257 1267 1
1258 1242 1
1258 1252 1
1258 1256 1
1258 1257 1
1258 1260 1
1258 1261 1
1258 1263 1
1259 1242 1
1259 1245 1
1259 1246 1
1259 1249 1
1259 1250 1
1259 1251 1
1259 1252 1
1259 1253 1
1259 1254 1
1259 1256 1
1259 1257 1
1259 1260 1
1259 1261 1
1259 1262 1
1259 1263 1
1259 1264 1
1259 1265 1
1259 1266 1
1259 1267 1
1260 1242 1
1260 1245 1
1260 1247 1
1260 1249 1
1260 1250 1
1260 1252 1
1260 1253 1
1260 1254 1
1260 1255 1
1260 1256 1
1260 1257 1
1260 1258 1
1260 1259 1
1260 1261 1
1260 1262 1
1260 1263 1
1260 1264 1
1260 1265 1
1260 1267 1
1261 1242 1
1261 1245 1
1261 1246 1
1261 1247 1
1261 1249 1
1261 1250 1
1261 1251 1
1261 1252 1
1261 1253 1
1261 1254 1
1261 1255 1
1261 1256 1
1261 1257 1
1261 1258 1
1261 1259 1
1261 1260 1
1261 1262 1
1261 1263 1
1261 1264 1
1261 1265 1
1261 1267 1
1262 1242 1
1262 1245 1
1262 1246 1
1262 1247 1
1262 1249 1
1262 1250 1
1262 1251 1
1262 1252 1
1262 1253 1
1262 1254 1
1262 1255 1
1262 1256 1
1262 1257 1
1262 1259 1
1262 1260 1
1262 1261 1
1262 1263 1
1262 1264 1
1262 1265 1
1262 1267 1
1263 1242 1
1263 1245 1
1263 1246 1
1263 1249 1
1263 1250 1
1263 1251 1
1263 1252 1
1263 1253 1
1263 1254 1
1263 1255 1
1263 1256 1
1263 1257 1
1263 1258 1
1263 1259 1
1263 1260 1
1263 1261 1
1263 1262 1
1263 1264 1
1263 1265 1
1263 1266 1
1263 1267 1
1264 1242 1
1264 1245 1
1264 1246 1
1264 1249 1
1264 1250 1
1264 1251 1
1264 1252 1
1264 1253 1
1264 1254 1
1264 1255 1
1264 1256 1
1264 1257 1
1264 1259 1
1264 1260 1
1264 1261 1
1264 1262 1
1264 1263 1
1264 1265 1
1264 1267 1
1265 1242 1
1265 1245 1
1265 1246 1
1265 1247 1
1265 1252 1
1265 1253 1
1265 1254 1
1265 1255 1
1265 1256 1
1265 1257 1
1265 1259 1
1265 1260 1
1265 1261 1
1265 1262 1
1265 1263 1
1265 1264 1
1265 1267 1
1266 1242 1
1266 1247 1
1266 1252 1
1266 1254 1
1266 1259 1
1266 1263 1
1267 1242 1
1267 1245 1
1267 1246 1
1267 1249 1
1267 1250 1
1267 1251 1
1267 1252 1
1267 1253 1
1267 1254 1
1267 1255 1
1267 1256 1
1267 1257 1
1267 1259 1
1267 1260 1
1267 1261 1
1267 1262 1
1267 1263 1
1267 1264 1
1267 1265 1
1268 1242 1
1268 1244 1
1268 1248 1
1269 48 1
1269 51 1
1269 721 1
1269 1063 1
1269 1132 1
1269 1439 1
1269 1440 1
1269 1441 1
1270 51 1
1270 1063 1
1270 1758 1
1270 1825 1
1271 1035 1
1272 1273 1
1273 857 1
1273 913 1
1273 1272 1
1274 267 1
1275 152 1
1275 885 1
1275 1276 1
1275 1277 1
1276 802 1
1276 917 1
1276 968 1
1276 1275 1
1276 1469 1
1276 1689 1
1277 927 1
1277 1275 1
1277 1465 1
1277 1688 1
1278 51 1
1279 624 1
1279 625 1
1279 650 1
1279 777 1
1279 1016 1
1279 1305 1
1279 1540 1
1279 1541 1
1279 1542 1
1279 1543 1
1279 1544 1
1279 1545 1
1280 650 1
1280 1281 1
1280 1284 1
1280 1285 1
1280 1672 1
1281 226 1
1281 376 1
1281 650 1
1281 1280 1
1281 1285 1
1282 369 1
1282 486 1
1282 650 1
1282 887 1
1282 1608 1
1283 74 1
1283 75 1
1283 191 1
1283 271 1
1283 273 1
1283 306 1
1283 445 1
1283 612 1
1283 650 1
1283 819 1
1283 904 1
1283 948 1
1283 1215 1
1283 1304 1
1283 1323 1
1283 1325 1
1283 1578 1
1283 1675 1
1283 1800 1
1283 1836 1
1284 283 1
1284 650 1
1284 1280 1
1284 1285 1
1285 650 1
1285 843 1
1285 1280 1
1285 1281 1
1285 1284 1
1285 1427 1
1286 267 1
1286 460 1
1287 1288 1
1287 1289 1
1287 1290 1
1288 303 1
1288 307 1
1288 308 1
1288 347 1
1288 445 1
1288 540 1
1288 657 1
1288 777 1
1288 1287 1
1288 1300 1
1288 1301 1
1288 1302 1
1288 1303 1
1288 1304 1
1288 1305 1
1288 1306 1
1288 1307 1
1288 1308 1
1289 189 1
1289 307 1
1289 994 1
1289 1287 1
1289 1303 1
1289 1450 1
1289 1451 1
1289 1483 1
1289 1576 1
1290 347 1
1290 657 1
1290 777 1
1290 1174 1
1290 1176 1
1290 1287 1
1290 1300 1
1290 1302 1
1290 1306 1
1290 1307 1
1290 1362 1
1290 1394 1
1290 1396 1
1290 1621 1
1290 1626 1
1290 1674 1
1290 1856 1
1291 1292 1
1291 1293 1
1291 1294 1
1291 1295 1
1291 1296 1
1291 1297 1
1292 1291 1
1292 1293 1
1292 1294 1
1292 1295 1
1292 1296 1
1292 1297 1
1293 1291 1
1293 1292 1
1293 1294 1
1293 1295 1
1293 1296 1
1293 1297 1
1294 1291 1
1294 1292 1
1294 1293 1
1294 1295 1
1294 1297 1
1295 1291 1
1295 1292 1
1295 1293 1
1295 1294 1
1295 1296 1
1295 1297 1
1296 1291 1
1296 1292 1
1296 1293 1
1296 1295 1
1296 1297 1
1297 1291 1
1297 1292 1
1297 1293 1
1297 1294 1
1297 1295 1
1297 1296 1
1298 263 1
1298 467 1
1298 1299 1
1299 287 1
1299 627 1
1299 1298 1
1299 1849 1
1300 347 1
1300 777 1
1300 994 1
1300 1174 1
1300 1176 1
1300 1288 1
1300 1290 1
1300 1306 1
1301 244 1
1301 308 1
1301 309 1
1301 1288 1
1302 1174 1
1302 1176 1
1302 1288 1
1302 1290 1
1302 1303 1
1302 1306 1
1302 1622 1
1303 308 1
1303 347 1
1303 473 1
1303 540 1
1303 777 1
1303 1114 1
1303 1233 1
1303 1235 1
1303 1288 1
1303 1289 1
1303 1302 1
1303 1306 1
1303 1452 1
1303 1483 1
1304 189 1
1304 445 1
1304 646 1
1304 777 1
1304 870 1
1304 995 1
1304 1283 1
1304 1288 1
1304 1306 1
1304 1308 1
1304 1362 1
1304 1452 1
1304 1618 1
1305 74 1
1305 330 1
1305 657 1
1305 1279 1
1305 1288 1
1305 1407 1
1305 1541 1
1306 303 1
1306 307 1
1306 347 1
1306 657 1
1306 777 1
1306 992 1
1306 1174 1
1306 1176 1
1306 1233 1
1306 1288 1
1306 1290 1
1306 1300 1
1306 1302 1
1306 1303 1
1306 1304 1
1306 1308 1
1306 1342 1
1306 1392 1
1306 1399 1
1306 1450 1
1306 1483 1
1306 1622 1
1306 1624 1
1306 1629 1
1306 1803 1
1306 1823 1
1307 657 1
1307 1048 1
1307 1114 1
1307 1174 1
1307 1176 1
1307 1288 1
1307 1290 1
1307 1368 1
1307 1450 1
1307 1483 1
1307 1576 1
1307 1617 1
1307 1625 1
1307 1676 1
1307 1810 1
1308 189 1
1308 347 1
1308 348 1
1308 349 1
1308 350 1
1308 657 1
1308 777 1
1308 1174 1
1308 1176 1
1308 1288 1
1308 1304 1
1308 1306 1
1308 1362 1
1308 1617 1
1308 1618 1
1309 1310 1
1310 1309 1
1311 1069 1
1312 450 1
1312 1313 1
1312 1314 1
1312 1315 1
1312 1316 1
1312 1317 1
1313 450 1
1313 1312 1
1313 1314 1
1313 1315 1
1313 1316 1
1313 1317 1
1314 450 1
1314 1312 1
1314 1313 1
1314 1315 1
1314 1316 1
1314 1317 1
1315 450 1
1315 1312 1
1315 1313 1
1315 1314 1
1315 1316 1
1315 1317 1
1316 450 1
1316 1312 1
1316 1313 1
1316 1314 1
1316 1315 1
1316 1317 1
1317 450 1
1317 1312 1
1317 1313 1
1317 1314 1
1317 1315 1
1317 1316 1
1318 1319 1
1319 1318 1
1320 1321 1
1320 1322 1
1321 233 1
1321 1172 1
1321 1320 1
1321 1322 1
1322 122 1
1322 214 1
1322 233 1
1322 1320 1
1322 1321 1
1323 1283 1
1323 1324 1
1323 1325 1
1323 1326 1
1324 857 1
1324 885 1
1324 1323 1
1325 869 1
1325 904 1
1325 1215 1
1325 1283 1
1325 1323 1
1326 335 1
1326 777 1
1326 1323 1
1326 1450 1
1326 1618 1
1327 654 1
1327 660 1
1327 667 1
1327 670 1
1327 675 1
1327 677 1
1327 1329 1
1327 1333 1
1327 1486 1
1327 1487 1
1328 654 1
1328 662 1
1328 670 1
1328 676 1
1328 1329 1
1328 1331 1
1328 1332 1
1329 248 1
1329 654 1
1329 660 1
1329 662 1
1329 663 1
1329 670 1
1329 675 1
1329 1327 1
1329 1328 1
1329 1330 1
1329 1331 1
1329 1332 1
1329 1333 1
1329 1486 1
1329 1487 1
1329 1774 1
1330 486 1
1330 654 1
1330 656 1
1330 660 1
1330 662 1
1330 667 1
1330 670 1
1330 674 1
1330 675 1
1330 930 1
1330 1329 1
1330 1331 1
1330 1365 1
1331 248 1
1331 545 1
1331 654 1
1331 660 1
1331 662 1
1331 664 1
1331 666 1
1331 667 1
1331 668 1
1331 670 1
1331 675 1
1331 676 1
1331 712 1
1331 824 1
1331 1015 1
1331 1018 1
1331 1328 1
1331 1329 1
1331 1330 1
1331 1332 1
1331 1333 1
1331 1365 1
1331 1486 1
1331 1487 1
1331 1709 1
1331 1774 1
1332 654 1
1332 662 1
1332 670 1
1332 675 1
1332 1328 1
1332 1329 1
1332 1331 1
1333 654 1
1333 660 1
1333 670 1
1333 675 1
1333 1015 1
1333 1327 1
1333 1329 1
1333 1331 1
1333 1486 1
1333 1487 1
1333 1709 1
1333 1774 1
1334 117 1
1334 125 1
1334 126 1
1334 129 1
1334 131 1
1334 145 1
1334 200 1
1334 234 1
1335 107 1
1335 113 1
1335 117 1
1335 119 1
1335 125 1
1335 128 1
1335 129 1
1335 131 1
1335 133 1
1335 140 1
1335 145 1
1335 200 1
1335 211 1
1335 215 1
1335 236 1
1335 244 1
1336 107 1
1336 117 1
1336 124 1
1336 128 1
1336 145 1
1336 200 1
1336 211 1
1336 215 1
1336 238 1
1336 627 1
1337 21 1
1337 105 1
1337 107 1
1337 113 1
1337 117 1
1337 119 1
1337 124 1
1337 126 1
1337 128 1
1337 129 1
1337 131 1
1337 133 1
1337 140 1
1337 142 1
1337 145 1
1337 200 1
1338 107 1
1338 122 1
1338 125 1
1338 146 1
1338 200 1
1338 205 1
1338 214 1
1338 407 1
1338 595 1
1339 117 1
1339 131 1
1339 134 1
1339 145 1
1339 200 1
1339 211 1
1339 235 1
1339 241 1
1339 407 1
1339 595 1
1340 21 1
1340 287 1
1340 1341 1
1340 1342 1
1340 1343 1
1341 802 1
1341 948 1
1341 1340 1
1341 1376 1
1341 1380 1
1342 141 1
1342 216 1
1342 225 1
1342 350 1
1342 612 1
1342 627 1
1342 1174 1
1342 1306 1
1342 1340 1
1342 1381 1
1342 1410 1
1342 1625 1
1342 1769 1
1342 1771 1
1343 287 1
1343 666 1
1343 674 1
1343 1340 1
1343 1390 1
1344 1345 1
1344 1346 1
1344 1347 1
1344 1348 1
1344 1349 1
1344 1350 1
1345 1344 1
1345 1346 1
1345 1347 1
1345 1348 1
1345 1349 1
1345 1350 1
1346 1344 1
1346 1345 1
1346 1347 1
1346 1348 1
1346 1349 1
1346 1350 1
1347 1344 1
1347 1345 1
1347 1346 1
1347 1348 1
1347 1349 1
1347 1350 1
1348 1344 1
1348 1345 1
1348 1346 1
1348 1347 1
1348 1349 1
1348 1350 1
1349 1344 1
1349 1345 1
1349 1346 1
1349 1347 1
1349 1348 1
1349 1350 1
1350 1344 1
1350 1345 1
1350 1346 1
1350 1347 1
1350 1348 1
1350 1349 1
1351 229 1
1351 279 1
1351 285 1
1351 452 1
1351 453 1
1351 914 1
1351 1463 1
1351 1553 1
1351 1685 1
1351 1694 1
1352 229 1
1352 453 1
1352 1353 1
1352 1504 1
1352 1506 1
1352 1508 1
1353 229 1
1353 275 1
1353 276 1
1353 280 1
1353 283 1
1353 452 1
1353 453 1
1353 1352 1
1353 1485 1
1354 47 1
1354 48 1
1354 229 1
1354 453 1
1354 1787 1
1355 229 1
1355 453 1
1355 1463 1
1355 1782 1
1355 1814 1
1356 48 1
1356 229 1
1356 276 1
1356 283 1
1356 716 1
1356 976 1
1356 1067 1
1356 1137 1
1356 1439 1
1356 1484 1
1356 1685 1
1357 47 1
1357 229 1
1357 280 1
1357 283 1
1357 729 1
1357 1403 1
1358 837 1
1358 1212 1
1358 1238 1
1358 1445 1
1358 1446 1
1358 1503 1
1359 292 1
1359 837 1
1359 1446 1
1359 1502 1
1360 837 1
1360 1446 1
1360 1503 1
1361 892 1
1361 1362 1
1361 1363 1
1361 1364 1
1362 335 1
1362 350 1
1362 445 1
1362 777 1
1362 1290 1
1362 1304 1
1362 1308 1
1362 1361 1
1362 1449 1
1362 1483 1
1362 1576 1
1362 1617 1
1362 1618 1
1363 121 1
1363 190 1
1363 627 1
1363 777 1
1363 1174 1
1363 1361 1
1363 1364 1
1363 1450 1
1363 1483 1
1363 1621 1
1363 1818 1
1364 190 1
1364 777 1
1364 1361 1
1364 1363 1
1364 1621 1
1364 1625 1
1365 248 1
1365 486 1
1365 660 1
1365 667 1
1365 669 1
1365 670 1
1365 674 1
1365 930 1
1365 1015 1
1365 1018 1
1365 1330 1
1365 1331 1
1366 781 1
1366 822 1
1366 1367 1
1366 1368 1
1366 1369 1
1366 1370 1
1367 203 1
1367 561 1
1367 1174 1
1367 1366 1
1367 1370 1
1367 1617 1
1368 141 1
1368 657 1
1368 1175 1
1368 1307 1
1368 1366 1
1369 822 1
1369 1366 1
1370 203 1
1370 928 1
1370 1366 1
1370 1367 1
1371 134 1
1371 198 1
1371 305 1
1371 646 1
1371 981 1
1371 1372 1
1372 624 1
1372 1371 1
1372 1379 1
1372 1692 1
1373 572 1
1374 302 1
1374 313 1
1374 318 1
1374 320 1
1374 321 1
1374 1166 1
1374 1375 1
1375 302 1
1375 313 1
1375 320 1
1375 321 1
1375 775 1
1375 1374 1
1375 1689 1
1376 303 1
1376 546 1
1376 1341 1
1376 1377 1
1376 1378 1
1377 303 1
1377 544 1
1377 994 1
1377 995 1
1377 1376 1
1377 1399 1
1378 303 1
1378 539 1
1378 540 1
1378 541 1
1378 543 1
1378 544 1
1378 870 1
1378 994 1
1378 995 1
1378 1015 1
1378 1376 1
1379 259 1
1379 624 1
1379 1372 1
1379 1674 1
1380 259 1
1380 927 1
1380 1341 1
1380 1618 1
1380 1711 1
1381 259 1
1381 396 1
1381 943 1
1381 1114 1
1381 1342 1
1382 121 1
1382 259 1
1382 571 1
1382 572 1
1382 819 1
1383 1384 1
1384 1383 1
1385 364 1
1385 879 1
1385 1386 1
1385 1387 1
1385 1388 1
1386 364 1
1386 709 1
1386 1385 1
1386 1387 1
1386 1388 1
1386 1824 1
1387 364 1
1387 709 1
1387 879 1
1387 1385 1
1387 1386 1
1387 1388 1
1388 1385 1
1388 1386 1
1388 1387 1
1389 1390 1
1390 779 1
1390 1343 1
1390 1389 1
1390 1399 1
1390 1458 1
1391 316 1
1391 335 1
1391 420 1
1391 1176 1
1391 1392 1
1391 1393 1
1391 1394 1
1391 1395 1
1391 1396 1
1391 1397 1
1391 1398 1
1391 1399 1
1392 304 1
1392 335 1
1392 1306 1
1392 1391 1
1392 1622 1
1393 316 1
1393 420 1
1393 928 1
1393 1391 1
1393 1394 1
1393 1626 1
1394 74 1
1394 322 1
1394 420 1
1394 630 1
1394 1176 1
1394 1290 1
1394 1391 1
1394 1393 1
1394 1396 1
1394 1619 1
1394 1626 1
1395 335 1
1395 1176 1
1395 1391 1
1395 1397 1
1395 1398 1
1395 1453 1
1396 317 1
1396 657 1
1396 777 1
1396 1176 1
1396 1290 1
1396 1391 1
1396 1394 1
1396 1399 1
1397 335 1
1397 612 1
1397 1176 1
1397 1391 1
1397 1395 1
1397 1398 1
1398 91 1
1398 144 1
1398 316 1
1398 335 1
1398 612 1
1398 1391 1
1398 1395 1
1398 1397 1
1398 1478 1
1398 1662 1
1398 1677 1
1399 544 1
1399 777 1
1399 1233 1
1399 1306 1
1399 1377 1
1399 1390 1
1399 1391 1
1399 1396 1
1399 1622 1
1399 1803 1
1400 283 1
1400 729 1
1401 38 1
1401 51 1
1401 1402 1
1401 1403 1
1401 1404 1
1402 51 1
1402 283 1
1402 1401 1
1403 38 1
1403 283 1
1403 959 1
1403 1357 1
1403 1401 1
1404 51 1
1404 152 1
1404 452 1
1404 453 1
1404 506 1
1404 510 1
1404 977 1
1404 1070 1
1404 1401 1
1404 1439 1
1404 1441 1
1404 1553 1
1404 1606 1
1404 1710 1
1404 1831 1
1405 1406 1
1405 1407 1
1406 1405 1
1407 1305 1
1407 1405 1
1407 1455 1
1408 1409 1
1408 1410 1
1409 91 1
1409 92 1
1409 1037 1
1409 1408 1
1409 1427 1
1409 1534 1
1410 232 1
1410 287 1
1410 504 1
1410 1162 1
1410 1342 1
1410 1408 1
1410 1847 1
1411 1 1
1411 2 1
1411 3 1
1411 4 1
1411 5 1
1411 6 1
1411 7 1
1411 1412 1
1411 1413 1
1411 1414 1
1411 1415 1
1412 1 1
1412 2 1
1412 3 1
1412 4 1
1412 7 1
1412 1411 1
1412 1413 1
1412 1414 1
1412 1415 1
1413 2 1
1413 3 1
1413 4 1
1413 5 1
1413 7 1
1413 1411 1
1413 1412 1
1413 1414 1
1414 1 1
1414 2 1
1414 3 1
1414 4 1
1414 5 1
1414 6 1
1414 7 1
1414 1411 1
1414 1412 1
1414 1413 1
1414 1415 1
1415 2 1
1415 3 1
1415 4 1
1415 5 1
1415 6 1
1415 7 1
1415 1411 1
1415 1412 1
1415 1414 1
1416 172 1
1417 1418 1
1418 648 1
1418 1417 1
1418 1479 1
1419 850 1
1419 1420 1
1420 445 1
1420 1037 1
1420 1126 1
1420 1419 1
1420 1739 1
1420 1746 1
1420 1747 1
1421 1422 1
1422 1421 1
1423 53 1
1423 275 1
1423 282 1
1423 453 1
1423 1424 1
1423 1425 1
1424 51 1
1424 53 1
1424 455 1
1424 1132 1
1424 1423 1
1424 1463 1
1424 1485 1
1424 1526 1
1424 1598 1
1425 275 1
1425 927 1
1425 1423 1
1425 1720 1
1426 271 1
1426 572 1
1426 601 1
1426 1427 1
1426 1428 1
1427 1285 1
1427 1409 1
1427 1426 1
1428 124 1
1428 144 1
1428 145 1
1428 191 1
1428 627 1
1428 947 1
1428 999 1
1428 1426 1
1428 1677 1
1429 1430 1
1429 1431 1
1429 1432 1
1429 1433 1
1429 1434 1
1429 1435 1
1429 1436 1
1429 1437 1
1430 1429 1
1430 1431 1
1430 1432 1
1430 1433 1
1430 1434 1
1430 1435 1
1430 1436 1
1430 1437 1
1431 1429 1
1431 1430 1
1431 1432 1
1431 1433 1
1431 1434 1
1431 1435 1
1431 1437 1
1432 1429 1
1432 1430 1
1432 1431 1
1432 1434 1
1432 1435 1
1432 1436 1
1432 1437 1
1433 1429 1
1433 1430 1
1433 1431 1
1433 1436 1
1433 1437 1
1434 1429 1
1434 1430 1
1434 1431 1
1434 1432 1
1434 1435 1
1434 1436 1
1434 1437 1
1435 1429 1
1435 1430 1
1435 1431 1
1435 1432 1
1435 1434 1
1435 1436 1
1435 1437 1
1436 766 1
1436 1029 1
1436 1429 1
1436 1430 1
1436 1432 1
1436 1433 1
1436 1434 1
1436 1435 1
1436 1437 1
1436 1481 1
1437 1429 1
1437 1430 1
1437 1431 1
1437 1432 1
1437 1433 1
1437 1434 1
1437 1435 1
1437 1436 1
1438 416 1
1438 729 1
1438 980 1
1439 153 1
1439 230 1
1439 275 1
1439 283 1
1439 452 1
1439 453 1
1439 510 1
1439 1067 1
1439 1269 1
1439 1356 1
1439 1404 1
1439 1606 1
1440 24 1
1440 51 1
1440 275 1
1440 280 1
1440 452 1
1440 453 1
1440 597 1
1440 599 1
1440 723 1
1440 1137 1
1440 1269 1
1440 1553 1
1440 1598 1
1440 1606 1
1440 1704 1
1440 1711 1
1441 51 1
1441 281 1
1441 332 1
1441 452 1
1441 453 1
1441 722 1
1441 982 1
1441 1269 1
1441 1404 1
1441 1708 1
1441 1831 1
1442 1443 1
1443 1442 1
1443 1485 1
1444 1238 1
1444 1445 1
1444 1446 1
1445 1212 1
1445 1238 1
1445 1358 1
1445 1444 1
1445 1446 1
1445 1503 1
1446 1212 1
1446 1238 1
1446 1358 1
1446 1359 1
1446 1360 1
1446 1444 1
1446 1445 1
1446 1502 1
1447 236 1
1448 125 1
1449 777 1
1449 1176 1
1449 1362 1
1449 1450 1
1450 192 1
1450 310 1
1450 322 1
1450 350 1
1450 777 1
1450 867 1
1450 892 1
1450 994 1
1450 1174 1
1450 1289 1
1450 1306 1
1450 1307 1
1450 1326 1
1450 1363 1
1450 1449 1
1450 1453 1
1450 1483 1
1450 1618 1
1451 189 1
1451 1235 1
1451 1289 1
1451 1452 1
1451 1453 1
1451 1454 1
1452 544 1
1452 994 1
1452 1235 1
1452 1303 1
1452 1304 1
1452 1451 1
1453 777 1
1453 867 1
1453 1395 1
1453 1450 1
1453 1451 1
1453 1624 1
1454 1451 1
1454 1687 1
1455 1407 1
1455 1456 1
1456 625 1
1456 1455 1
1456 1672 1
1456 1689 1
1457 624 1
1457 625 1
1457 1214 1
1457 1216 1
1458 1390 1
1459 953 1
1460 80 1
1461 152 1
1461 453 1
1461 613 1
1461 722 1
1461 942 1
1461 979 1
1461 1137 1
1461 1462 1
1461 1463 1
1461 1464 1
1461 1465 1
1461 1466 1
1461 1467 1
1461 1468 1
1461 1469 1
1461 1470 1
1461 1471 1
1461 1472 1
1461 1473 1
1461 1474 1
1462 627 1
1462 1461 1
1462 1482 1
1462 1483 1
1463 152 1
1463 153 1
1463 276 1
1463 1351 1
1463 1355 1
1463 1424 1
1463 1461 1
1463 1471 1
1463 1814 1
1464 152 1
1464 942 1
1464 1461 1
1464 1465 1
1464 1471 1
1465 51 1
1465 75 1
1465 843 1
1465 885 1
1465 942 1
1465 1277 1
1465 1461 1
1465 1464 1
1465 1834 1
1466 1461 1
1466 1473 1
1467 73 1
1467 306 1
1467 855 1
1467 1461 1
1467 1577 1
1468 48 1
1468 152 1
1468 153 1
1468 417 1
1468 1461 1
1469 47 1
1469 262 1
1469 453 1
1469 613 1
1469 1276 1
1469 1461 1
1469 1687 1
1469 1711 1
1470 627 1
1470 726 1
1470 1461 1
1470 1474 1
1471 283 1
1471 285 1
1471 456 1
1471 942 1
1471 982 1
1471 1066 1
1471 1461 1
1471 1463 1
1471 1464 1
1472 1461 1
1472 1473 1
1473 1461 1
1473 1466 1
1473 1472 1
1474 262 1
1474 267 1
1474 1461 1
1474 1470 1
1474 1843 1
1475 685 1
1475 813 1
1476 311 1
1476 613 1
1476 1477 1
1476 1478 1
1477 182 1
1477 271 1
1477 308 1
1477 311 1
1477 613 1
1477 819 1
1477 867 1
1477 1168 1
1477 1476 1
1477 1860 1
1478 602 1
1478 1398 1
1478 1476 1
1479 490 1
1479 648 1
1479 1418 1
1480 405 1
1480 587 1
1480 1029 1
1480 1811 1
1481 405 1
1481 1436 1
1482 203 1
1482 311 1
1482 627 1
1482 867 1
1482 1462 1
1483 347 1
1483 657 1
1483 777 1
1483 1174 1
1483 1176 1
1483 1289 1
1483 1303 1
1483 1306 1
1483 1307 1
1483 1362 1
1483 1363 1
1483 1450 1
1483 1462 1
1483 1618 1
1483 1619 1
1483 1822 1
1484 1356 1
1485 285 1
1485 651 1
1485 976 1
1485 1064 1
1485 1353 1
1485 1424 1
1485 1443 1
1485 1554 1
1486 1327 1
1486 1329 1
1486 1331 1
1486 1333 1
1487 660 1
1487 675 1
1487 712 1
1487 1327 1
1487 1329 1
1487 1331 1
1487 1333 1
1487 1773 1
1488 959 1
1488 1489 1
1488 1490 1
1488 1491 1
1488 1492 1
1488 1493 1
1488 1494 1
1488 1495 1
1488 1496 1
1488 1497 1
1488 1498 1
1488 1499 1
1488 1500 1
1488 1501 1
1489 1488 1
1489 1490 1
1489 1493 1
1489 1494 1
1489 1499 1
1490 1488 1
1490 1489 1
1490 1491 1
1490 1492 1
1490 1493 1
1490 1494 1
1490 1495 1
1490 1496 1
1490 1497 1
1490 1498 1
1490 1499 1
1490 1500 1
1491 1488 1
1491 1490 1
1491 1492 1
1491 1493 1
1491 1494 1
1491 1495 1
1491 1496 1
1491 1497 1
1491 1498 1
1491 1499 1
1491 1500 1
1492 1488 1
1492 1490 1
1492 1491 1
1492 1493 1
1492 1494 1
1492 1495 1
1492 1496 1
1492 1498 1
1492 1499 1
1492 1500 1
1492 1501 1
1493 1488 1
1493 1489 1
1493 1490 1
1493 1491 1
1493 1492 1
1493 1494 1
1493 1495 1
1493 1497 1
1493 1498 1
1493 1499 1
1493 1500 1
1493 1501 1
1494 1488 1
1494 1489 1
1494 1490 1
1494 1491 1
1494 1492 1
1494 1493 1
1494 1497 1
1494 1498 1
1494 1499 1
1494 1500 1
1495 1488 1
1495 1490 1
1495 1491 1
1495 1492 1
1495 1493 1
1495 1496 1
1495 1498 1
1495 1499 1
1495 1500 1
1496 1488 1
1496 1490 1
1496 1491 1
1496 1492 1
1496 1495 1
1496 1499 1
1496 1500 1
1497 1488 1
1497 1490 1
1497 1491 1
1497 1493 1
1497 1494 1
1497 1498 1
1497 1499 1
1497 1500 1
1497 1501 1
1498 1488 1
1498 1490 1
1498 1491 1
1498 1492 1
1498 1493 1
1498 1494 1
1498 1495 1
1498 1497 1
1498 1500 1
1498 1501 1
1499 1488 1
1499 1489 1
1499 1490 1
1499 1491 1
1499 1492 1
1499 1493 1
1499 1494 1
1499 1495 1
1499 1496 1
1499 1497 1
1500 1488 1
1500 1490 1
1500 1491 1
1500 1492 1
1500 1493 1
1500 1494 1
1500 1495 1
1500 1496 1
1500 1497 1
1500 1498 1
1500 1501 1
1501 1488 1
1501 1492 1
1501 1493 1
1501 1497 1
1501 1498 1
1501 1500 1
1502 1359 1
1502 1446 1
1502 1503 1
1503 1238 1
1503 1358 1
1503 1360 1
1503 1445 1
1503 1502 1
1504 916 1
1504 1352 1
1504 1505 1
1504 1506 1
1504 1507 1
1504 1508 1
1504 1509 1
1504 1510 1
1504 1511 1
1504 1512 1
1504 1513 1
1504 1514 1
1504 1515 1
1504 1516 1
1504 1517 1
1504 1518 1
1504 1519 1
1504 1520 1
1504 1521 1
1504 1522 1
1504 1523 1
1504 1524 1
1505 38 1
1505 153 1
1505 275 1
1505 455 1
1505 506 1
1505 916 1
1505 1504 1
1505 1508 1
1506 452 1
1506 820 1
1506 846 1
1506 1033 1
1506 1352 1
1506 1504 1
1506 1508 1
1506 1793 1
1507 1504 1
1507 1509 1
1507 1510 1
1507 1512 1
1507 1513 1
1507 1518 1
1507 1519 1
1507 1520 1
1507 1521 1
1508 467 1
1508 1033 1
1508 1352 1
1508 1504 1
1508 1505 1
1508 1506 1
1509 1504 1
1509 1507 1
1509 1510 1
1509 1512 1
1509 1513 1
1509 1518 1
1509 1520 1
1509 1524 1
1510 1504 1
1510 1507 1
1510 1509 1
1510 1512 1
1510 1513 1
1510 1518 1
1510 1519 1
1510 1520 1
1510 1521 1
1510 1524 1
1511 1504 1
1511 1514 1
1511 1515 1
1511 1516 1
1511 1517 1
1511 1522 1
1511 1523 1
1512 1504 1
1512 1507 1
1512 1509 1
1512 1510 1
1512 1518 1
1512 1519 1
1512 1524 1
1513 1504 1
1513 1507 1
1513 1509 1
1513 1510 1
1513 1518 1
1513 1519 1
1513 1520 1
1513 1521 1
1513 1524 1
1514 1504 1
1514 1511 1
1514 1515 1
1514 1517 1
1514 1522 1
1514 1523 1
1515 1504 1
1515 1511 1
1515 1514 1
1515 1516 1
1515 1517 1
1515 1522 1
1515 1523 1
1516 1504 1
1516 1511 1
1516 1515 1
1516 1517 1
1516 1522 1
1516 1523 1
1517 1504 1
1517 1511 1
1517 1514 1
1517 1515 1
1517 1516 1
1517 1522 1
1517 1523 1
1518 1504 1
1518 1507 1
1518 1509 1
1518 1510 1
1518 1512 1
1518 1513 1
1518 1519 1
1518 1520 1
1518 1521 1
1518 1524 1
1519 1504 1
1519 1507 1
1519 1510 1
1519 1512 1
1519 1513 1
1519 1518 1
1519 1520 1
1519 1521 1
1519 1524 1
1520 1504 1
1520 1507 1
1520 1509 1
1520 1510 1
1520 1513 1
1520 1518 1
1520 1519 1
1520 1524 1
1521 1504 1
1521 1507 1
1521 1510 1
1521 1513 1
1521 1518 1
1521 1519 1
1521 1524 1
1522 1504 1
1522 1511 1
1522 1514 1
1522 1515 1
1522 1516 1
1522 1517 1
1522 1523 1
1523 1504 1
1523 1511 1
1523 1514 1
1523 1515 1
1523 1516 1
1523 1517 1
1523 1522 1
1524 1504 1
1524 1509 1
1524 1510 1
1524 1512 1
1524 1513 1
1524 1518 1
1524 1519 1
1524 1520 1
1524 1521 1
1525 38 1
1525 51 1
1525 884 1
1525 916 1
1525 1526 1
1525 1527 1
1525 1528 1
1525 1529 1
1526 48 1
1526 453 1
1526 1065 1
1526 1133 1
1526 1424 1
1526 1525 1
1527 719 1
1527 1525 1
1527 1697 1
1527 1705 1
1527 1706 1
1527 1824 1
1528 51 1
1528 153 1
1528 452 1
1528 598 1
1528 721 1
1528 904 1
1528 1525 1
1528 1696 1
1528 1699 1
1529 51 1
1529 1525 1
1529 1585 1
1530 1531 1
1530 1532 1
1531 84 1
1531 452 1
1531 455 1
1531 856 1
1531 1530 1
1531 1532 1
1531 1696 1
1531 1707 1
1532 84 1
1532 1530 1
1532 1531 1
1532 1707 1
1533 707 1
1533 1012 1
1533 1534 1
1534 657 1
1534 1409 1
1534 1533 1
1534 1818 1
1535 1536 1
1536 381 1
1536 1535 1
1537 538 1
1537 632 1
1537 1538 1
1538 465 1
1538 538 1
1538 632 1
1538 1537 1
1539 779 1
1539 1008 1
1540 1279 1
1540 1541 1
1540 1542 1
1540 1543 1
1540 1544 1
1540 1545 1
1541 322 1
1541 666 1
1541 1016 1
1541 1279 1
1541 1305 1
1541 1540 1
1541 1542 1
1541 1543 1
1541 1544 1
1541 1545 1
1542 1279 1
1542 1540 1
1542 1541 1
1542 1543 1
1542 1545 1
1543 1279 1
1543 1540 1
1543 1541 1
1543 1542 1
1543 1545 1
1544 1279 1
1544 1540 1
1544 1541 1
1544 1545 1
1545 1279 1
1545 1540 1
1545 1541 1
1545 1542 1
1545 1543 1
1545 1544 1
1546 1547 1
1546 1548 1
1546 1549 1
1547 1546 1
1547 1548 1
1547 1549 1
1547 1809 1
1548 1546 1
1548 1547 1
1548 1549 1
1549 1546 1
1549 1547 1
1549 1548 1
1550 24 1
1550 51 1
1550 1551 1
1550 1552 1
1550 1553 1
1550 1554 1
1551 47 1
1551 51 1
1551 283 1
1551 722 1
1551 1133 1
1551 1550 1
1551 1552 1
1551 1611 1
1551 1702 1
1552 51 1
1552 1550 1
1552 1551 1
1553 47 1
1553 51 1
1553 452 1
1553 453 1
1553 1351 1
1553 1404 1
1553 1440 1
1553 1550 1
1554 47 1
1554 51 1
1554 275 1
1554 284 1
1554 452 1
1554 728 1
1554 914 1
1554 915 1
1554 978 1
1554 1485 1
1554 1550 1
1554 1608 1
1554 1694 1
1554 1703 1
1554 1708 1
1555 1556 1
1556 1555 1
1557 1168 1
1558 1559 1
1559 1558 1
1560 1561 1
1560 1562 1
1560 1563 1
1560 1564 1
1560 1565 1
1560 1566 1
1560 1567 1
1560 1568 1
1560 1569 1
1560 1570 1
1561 1560 1
1561 1562 1
1561 1564 1
1561 1565 1
1561 1566 1
1561 1567 1
1561 1569 1
1561 1570 1
1562 1560 1
1562 1561 1
1562 1563 1
1562 1564 1
1562 1565 1
1562 1566 1
1562 1567 1
1562 1569 1
1562 1570 1
1563 1560 1
1563 1562 1
1563 1564 1
1563 1565 1
1563 1566 1
1563 1567 1
1563 1569 1
1563 1570 1
1564 1560 1
1564 1561 1
1564 1562 1
1564 1563 1
1564 1565 1
1564 1566 1
1564 1567 1
1564 1569 1
1564 1570 1
1564 1847 1
1565 234 1
1565 1560 1
1565 1561 1
1565 1562 1
1565 1563 1
1565 1564 1
1565 1566 1
1565 1568 1
1565 1569 1
1565 1570 1
1566 1560 1
1566 1561 1
1566 1562 1
1566 1563 1
1566 1564 1
1566 1565 1
1566 1567 1
1566 1569 1
1566 1570 1
1567 1560 1
1567 1561 1
1567 1562 1
1567 1563 1
1567 1564 1
1567 1566 1
1567 1569 1
1567 1570 1
1568 121 1
1568 141 1
1568 203 1
1568 1560 1
1568 1565 1
1568 1618 1
1568 1847 1
1569 1560 1
1569 1561 1
1569 1562 1
1569 1563 1
1569 1564 1
1569 1565 1
1569 1566 1
1569 1567 1
1569 1570 1
1570 1560 1
1570 1561 1
1570 1562 1
1570 1563 1
1570 1564 1
1570 1565 1
1570 1566 1
1570 1567 1
1570 1569 1
1571 91 1
1571 320 1
1571 1572 1
1572 121 1
1572 132 1
1572 216 1
1572 242 1
1572 572 1
1572 1223 1
1572 1571 1
1573 1177 1
1573 1574 1
1574 657 1
1574 678 1
1574 1174 1
1574 1177 1
1574 1573 1
1575 869 1
1575 1576 1
1576 190 1
1576 445 1
1576 657 1
1576 707 1
1576 777 1
1576 1012 1
1576 1174 1
1576 1289 1
1576 1307 1
1576 1362 1
1576 1575 1
1576 1620 1
1576 1621 1
1577 73 1
1577 84 1
1577 1467 1
1577 1578 1
1577 1579 1
1578 265 1
1578 306 1
1578 1283 1
1578 1577 1
1578 1713 1
1579 719 1
1579 1577 1
1579 1845 1
1579 1850 1
1580 153 1
1580 332 1
1580 418 1
1580 452 1
1580 1581 1
1581 456 1
1581 1580 1
1582 1583 1
1582 1584 1
1582 1585 1
1582 1586 1
1582 1587 1
1582 1588 1
1582 1589 1
1582 1590 1
1582 1591 1
1582 1592 1
1582 1593 1
1583 1582 1
1583 1584 1
1583 1586 1
1583 1588 1
1583 1590 1
1583 1591 1
1583 1592 1
1583 1593 1
1584 1582 1
1584 1583 1
1584 1586 1
1584 1588 1
1584 1589 1
1584 1590 1
1584 1591 1
1584 1592 1
1584 1593 1
1585 1529 1
1585 1582 1
1585 1631 1
1585 1632 1
1585 1633 1
1585 1635 1
1585 1636 1
1585 1637 1
1585 1638 1
1585 1640 1
1585 1641 1
1586 1582 1
1586 1583 1
1586 1584 1
1586 1587 1
1586 1588 1
1586 1589 1
1586 1590 1
1586 1591 1
1586 1593 1
1587 1582 1
1587 1586 1
1587 1588 1
1587 1589 1
1587 1590 1
1587 1591 1
1587 1592 1
1587 1593 1
1588 1582 1
1588 1583 1
1588 1584 1
1588 1586 1
1588 1587 1
1588 1589 1
1588 1591 1
1588 1592 1
1588 1593 1
1589 1582 1
1589 1584 1
1589 1586 1
1589 1587 1
1589 1588 1
1589 1591 1
1589 1592 1
1590 1582 1
1590 1583 1
1590 1584 1
1590 1586 1
1590 1587 1
1590 1591 1
1590 1593 1
1591 1582 1
1591 1583 1
1591 1584 1
1591 1586 1
1591 1587 1
1591 1588 1
1591 1589 1
1591 1590 1
1591 1592 1
1591 1593 1
1592 1582 1
1592 1583 1
1592 1584 1
1592 1587 1
1592 1588 1
1592 1589 1
1592 1591 1
1593 1582 1
1593 1583 1
1593 1584 1
1593 1586 1
1593 1587 1
1593 1588 1
1593 1590 1
1593 1591 1
1594 1595 1
1595 152 1
1595 1594 1
1596 38 1
1596 728 1
1596 1597 1
1596 1598 1
1596 1599 1
1597 47 1
1597 728 1
1597 1596 1
1597 1599 1
1598 35 1
1598 48 1
1598 152 1
1598 332 1
1598 333 1
1598 597 1
1598 723 1
1598 952 1
1598 1424 1
1598 1440 1
1598 1596 1
1598 1710 1
1599 47 1
1599 48 1
1599 51 1
1599 152 1
1599 153 1
1599 417 1
1599 452 1
1599 453 1
1599 455 1
1599 597 1
1599 722 1
1599 728 1
1599 916 1
1599 978 1
1599 1068 1
1599 1596 1
1599 1597 1
1599 1611 1
1599 1700 1
1599 1704 1
1599 1708 1
1599 1710 1
1599 1829 1
1600 281 1
1600 283 1
1600 452 1
1600 455 1
1600 914 1
1600 916 1
1600 917 1
1600 1601 1
1600 1602 1
1600 1603 1
1600 1604 1
1600 1605 1
1601 51 1
1601 283 1
1601 452 1
1601 719 1
1601 915 1
1601 916 1
1601 1134 1
1601 1600 1
1601 1602 1
1601 1603 1
1601 1605 1
1601 1837 1
1602 269 1
1602 452 1
1602 1600 1
1602 1601 1
1602 1603 1
1602 1605 1
1602 1697 1
1602 1700 1
1602 1705 1
1602 1706 1
1603 269 1
1603 281 1
1603 452 1
1603 455 1
1603 916 1
1603 917 1
1603 1600 1
1603 1601 1
1603 1602 1
1603 1605 1
1603 1680 1
1603 1697 1
1603 1698 1
1603 1701 1
1603 1705 1
1603 1706 1
1603 1837 1
1604 283 1
1604 452 1
1604 455 1
1604 1600 1
1604 1605 1
1604 1696 1
1604 1699 1
1604 1705 1
1605 452 1
1605 914 1
1605 917 1
1605 1600 1
1605 1601 1
1605 1602 1
1605 1603 1
1605 1604 1
1605 1696 1
1605 1698 1
1605 1701 1
1605 1702 1
1605 1705 1
1605 1706 1
1605 1837 1
1606 51 1
1606 53 1
1606 599 1
1606 723 1
1606 1133 1
1606 1404 1
1606 1439 1
1606 1440 1
1606 1607 1
1606 1608 1
1606 1609 1
1606 1610 1
1606 1611 1
1607 283 1
1607 597 1
1607 1606 1
1607 1708 1
1607 1720 1
1608 35 1
1608 47 1
1608 48 1
1608 53 1
1608 276 1
1608 281 1
1608 452 1
1608 597 1
1608 916 1
1608 1067 1
1608 1133 1
1608 1282 1
1608 1554 1
1608 1606 1
1608 1609 1
1609 35 1
1609 38 1
1609 53 1
1609 230 1
1609 280 1
1609 723 1
1609 1133 1
1609 1137 1
1609 1606 1
1609 1608 1
1609 1610 1
1609 1611 1
1609 1710 1
1610 153 1
1610 280 1
1610 384 1
1610 385 1
1610 386 1
1610 387 1
1610 388 1
1610 389 1
1610 390 1
1610 391 1
1610 392 1
1610 393 1
1610 452 1
1610 719 1
1610 723 1
1610 1133 1
1610 1606 1
1610 1609 1
1610 1710 1
1611 452 1
1611 1070 1
1611 1551 1
1611 1599 1
1611 1606 1
1611 1609 1
1612 1007 1
1612 1011 1
1613 1614 1
1614 668 1
1614 1613 1
1614 1843 1
1615 1616 1
1616 1615 1
1616 1816 1
1617 657 1
1617 777 1
1617 1174 1
1617 1307 1
1617 1308 1
1617 1362 1
1617 1367 1
1617 1618 1
1618 190 1
1618 203 1
1618 335 1
1618 348 1
1618 349 1
1618 350 1
1618 445 1
1618 627 1
1618 657 1
1618 777 1
1618 873 1
1618 947 1
1618 992 1
1618 1174 1
1618 1223 1
1618 1304 1
1618 1308 1
1618 1326 1
1618 1362 1
1618 1380 1
1618 1450 1
1618 1483 1
1618 1568 1
1618 1617 1
1618 1671 1
1619 657 1
1619 777 1
1619 1174 1
1619 1176 1
1619 1394 1
1619 1483 1
1619 1620 1
1619 1626 1
1620 322 1
1620 629 1
1620 707 1
1620 1174 1
1620 1576 1
1620 1619 1
1620 1625 1
1621 657 1
1621 707 1
1621 777 1
1621 1174 1
1621 1176 1
1621 1290 1
1621 1363 1
1621 1364 1
1621 1576 1
1622 777 1
1622 1174 1
1622 1176 1
1622 1233 1
1622 1302 1
1622 1306 1
1622 1392 1
1622 1399 1
1623 479 1
1623 501 1
1623 1174 1
1623 1629 1
1623 1827 1
1624 505 1
1624 994 1
1624 1174 1
1624 1306 1
1624 1453 1
1624 1626 1
1625 1174 1
1625 1307 1
1625 1342 1
1625 1364 1
1625 1620 1
1626 328 1
1626 420 1
1626 445 1
1626 657 1
1626 1174 1
1626 1176 1
1626 1290 1
1626 1393 1
1626 1394 1
1626 1619 1
1626 1624 1
1626 1674 1
1627 118 1
1627 234 1
1627 261 1
1627 332 1
1627 507 1
1627 719 1
1627 1002 1
1627 1174 1
1627 1799 1
1628 1629 1
1629 174 1
1629 347 1
1629 348 1
1629 624 1
1629 777 1
1629 1306 1
1629 1623 1
1629 1628 1
1629 1672 1
1629 1783 1
1630 152 1
1630 1184 1
1631 1585 1
1631 1632 1
1631 1633 1
1631 1634 1
1631 1635 1
1631 1636 1
1631 1637 1
1631 1638 1
1631 1639 1
1631 1640 1
1631 1641 1
1632 1585 1
1632 1631 1
1632 1633 1
1632 1634 1
1632 1636 1
1632 1637 1
1632 1639 1
1632 1640 1
1632 1641 1
1633 1585 1
1633 1631 1
1633 1632 1
1633 1634 1
1633 1635 1
1633 1637 1
1633 1639 1
1633 1640 1
1633 1641 1
1634 1631 1
1634 1632 1
1634 1633 1
1634 1636 1
1634 1637 1
1634 1638 1
1634 1639 1
1634 1641 1
1635 1585 1
1635 1631 1
1635 1633 1
1635 1638 1
1635 1639 1
1635 1641 1
1636 1585 1
1636 1631 1
1636 1632 1
1636 1634 1
1636 1637 1
1636 1638 1
1636 1639 1
1636 1640 1
1636 1641 1
1637 1585 1
1637 1631 1
1637 1632 1
1637 1633 1
1637 1634 1
1637 1636 1
1637 1638 1
1637 1639 1
1637 1640 1
1637 1641 1
1638 1585 1
1638 1631 1
1638 1634 1
1638 1635 1
1638 1636 1
1638 1637 1
1638 1639 1
1638 1640 1
1638 1641 1
1639 1631 1
1639 1632 1
1639 1633 1
1639 1634 1
1639 1635 1
1639 1636 1
1639 1637 1
1639 1638 1
1639 1640 1
1639 1641 1
1640 1585 1
1640 1631 1
1640 1632 1
1640 1633 1
1640 1636 1
1640 1637 1
1640 1638 1
1640 1639 1
1640 1641 1
1641 1585 1
1641 1631 1
1641 1632 1
1641 1633 1
1641 1634 1
1641 1635 1
1641 1636 1
1641 1637 1
1641 1638 1
1641 1639 1
1641 1640 1
1642 24 1
1642 51 1
1642 728 1
1643 1644 1
1643 1645 1
1643 1646 1
1643 1647 1
1643 1648 1
1643 1649 1
1643 1650 1
1643 1651 1
1643 1652 1
1644 1643 1
1644 1645 1
1644 1646 1
1644 1647 1
1644 1648 1
1644 1649 1
1644 1650 1
1644 1651 1
1644 1652 1
1645 1643 1
1645 1644 1
1645 1646 1
1645 1647 1
1645 1648 1
1645 1649 1
1645 1650 1
1645 1651 1
1645 1652 1
1646 1643 1
1646 1644 1
1646 1645 1
1646 1647 1
1646 1648 1
1646 1649 1
1646 1650 1
1646 1651 1
1646 1652 1
1647 1643 1
1647 1644 1
1647 1645 1
1647 1646 1
1647 1648 1
1647 1649 1
1647 1650 1
1647 1651 1
1647 1652 1
1648 1643 1
1648 1644 1
1648 1645 1
1648 1646 1
1648 1647 1
1648 1649 1
1648 1650 1
1648 1651 1
1648 1652 1
1649 1643 1
1649 1644 1
1649 1645 1
1649 1646 1
1649 1647 1
1649 1648 1
1649 1650 1
1649 1651 1
1649 1652 1
1650 1643 1
1650 1644 1
1650 1645 1
1650 1646 1
1650 1647 1
1650 1648 1
1650 1649 1
1650 1651 1
1650 1652 1
1651 1643 1
1651 1644 1
1651 1645 1
1651 1646 1
1651 1647 1
1651 1648 1
1651 1649 1
1651 1650 1
1651 1652 1
1652 1643 1
1652 1644 1
1652 1645 1
1652 1646 1
1652 1647 1
1652 1648 1
1652 1649 1
1652 1650 1
1652 1651 1
1653 639 1
1653 640 1
1653 719 1
1653 876 1
1653 1125 1
1653 1128 1
1654 451 1
1654 1693 1
1654 1694 1
1655 1656 1
1655 1657 1
1655 1658 1
1656 1655 1
1656 1657 1
1656 1658 1
1656 1836 1
1657 1655 1
1657 1656 1
1657 1658 1
1657 1836 1
1658 1655 1
1658 1656 1
1658 1657 1
1658 1836 1
1659 1660 1
1660 1659 1
1661 350 1
1662 1398 1
1663 1664 1
1663 1665 1
1663 1666 1
1663 1667 1
1663 1668 1
1663 1669 1
1663 1670 1
1664 1663 1
1664 1665 1
1664 1666 1
1664 1667 1
1664 1668 1
1664 1669 1
1664 1670 1
1665 1663 1
1665 1664 1
1666 1663 1
1666 1664 1
1666 1667 1
1666 1668 1
1666 1669 1
1666 1670 1
1667 1663 1
1667 1664 1
1667 1666 1
1667 1668 1
1668 1663 1
1668 1664 1
1668 1666 1
1668 1667 1
1668 1669 1
1668 1670 1
1669 1663 1
1669 1664 1
1669 1666 1
1669 1668 1
1669 1670 1
1670 1663 1
1670 1664 1
1670 1666 1
1670 1668 1
1670 1669 1
1671 225 1
1671 544 1
1671 624 1
1671 855 1
1671 1618 1
1671 1673 1
1672 305 1
1672 479 1
1672 624 1
1672 1159 1
1672 1214 1
1672 1280 1
1672 1456 1
1672 1629 1
1672 1795 1
1673 544 1
1673 624 1
1673 855 1
1673 1671 1
1673 1678 1
1673 1836 1
1674 624 1
1674 890 1
1674 1216 1
1674 1290 1
1674 1379 1
1674 1626 1
1675 624 1
1675 625 1
1675 1283 1
1676 287 1
1676 349 1
1676 624 1
1676 1216 1
1676 1307 1
1676 1677 1
1677 305 1
1677 624 1
1677 855 1
1677 1398 1
1677 1428 1
1677 1676 1
1678 624 1
1678 855 1
1678 1673 1
1678 1836 1
1679 453 1
1679 1132 1
1680 267 1
1680 1206 1
1680 1209 1
1680 1603 1
1680 1700 1
1680 1752 1
1680 1753 1
1681 270 1
1681 719 1
1681 725 1
1681 1206 1
1681 1209 1
1681 1716 1
1681 1798 1
1682 1683 1
1683 1682 1
1684 978 1
1684 1685 1
1684 1686 1
1685 48 1
1685 51 1
1685 276 1
1685 281 1
1685 283 1
1685 453 1
1685 917 1
1685 1067 1
1685 1351 1
1685 1356 1
1685 1684 1
1685 1693 1
1685 1708 1
1685 1720 1
1686 152 1
1686 153 1
1686 279 1
1686 284 1
1686 332 1
1686 333 1
1686 417 1
1686 453 1
1686 716 1
1686 914 1
1686 915 1
1686 917 1
1686 975 1
1686 1684 1
1686 1712 1
1687 453 1
1687 613 1
1687 1454 1
1687 1469 1
1688 816 1
1688 1277 1
1689 51 1
1689 279 1
1689 283 1
1689 453 1
1689 613 1
1689 843 1
1689 928 1
1689 1136 1
1689 1276 1
1689 1375 1
1689 1456 1
1690 1691 1
1691 189 1
1691 1690 1
1691 1823 1
1692 379 1
1692 1215 1
1692 1216 1
1692 1372 1
1693 48 1
1693 51 1
1693 276 1
1693 283 1
1693 452 1
1693 716 1
1693 1137 1
1693 1654 1
1693 1685 1
1693 1694 1
1693 1696 1
1694 47 1
1694 51 1
1694 276 1
1694 283 1
1694 285 1
1694 452 1
1694 728 1
1694 917 1
1694 1351 1
1694 1554 1
1694 1654 1
1694 1693 1
1695 269 1
1695 452 1
1695 1697 1
1695 1698 1
1695 1705 1
1695 1706 1
1696 277 1
1696 452 1
1696 597 1
1696 598 1
1696 884 1
1696 1528 1
1696 1531 1
1696 1604 1
1696 1605 1
1696 1693 1
1697 94 1
1697 262 1
1697 267 1
1697 269 1
1697 452 1
1697 453 1
1697 455 1
1697 506 1
1697 856 1
1697 857 1
1697 874 1
1697 904 1
1697 1056 1
1697 1057 1
1697 1527 1
1697 1602 1
1697 1603 1
1697 1695 1
1697 1701 1
1697 1705 1
1697 1706 1
1697 1837 1
1698 452 1
1698 1603 1
1698 1605 1
1698 1695 1
1698 1701 1
1698 1706 1
1698 1808 1
1699 452 1
1699 455 1
1699 1528 1
1699 1604 1
1700 269 1
1700 452 1
1700 453 1
1700 455 1
1700 978 1
1700 1599 1
1700 1602 1
1700 1680 1
1700 1706 1
1700 1829 1
1701 452 1
1701 1603 1
1701 1605 1
1701 1697 1
1701 1698 1
1701 1706 1
1701 1837 1
1702 452 1
1702 916 1
1702 1551 1
1702 1605 1
1702 1814 1
1703 47 1
1703 48 1
1703 51 1
1703 152 1
1703 153 1
1703 283 1
1703 452 1
1703 728 1
1703 730 1
1703 975 1
1703 1554 1
1703 1704 1
1703 1710 1
1704 51 1
1704 152 1
1704 452 1
1704 820 1
1704 1067 1
1704 1440 1
1704 1599 1
1704 1703 1
1705 51 1
1705 267 1
1705 269 1
1705 283 1
1705 452 1
1705 455 1
1705 598 1
1705 916 1
1705 917 1
1705 1065 1
1705 1527 1
1705 1602 1
1705 1603 1
1705 1604 1
1705 1605 1
1705 1695 1
1705 1697 1
1705 1706 1
1705 1837 1
1706 51 1
1706 94 1
1706 267 1
1706 283 1
1706 452 1
1706 455 1
1706 598 1
1706 846 1
1706 916 1
1706 1137 1
1706 1527 1
1706 1602 1
1706 1603 1
1706 1605 1
1706 1695 1
1706 1697 1
1706 1698 1
1706 1700 1
1706 1701 1
1706 1705 1
1706 1707 1
1706 1837 1
1707 452 1
1707 1531 1
1707 1532 1
1707 1706 1
1708 47 1
1708 51 1
1708 152 1
1708 452 1
1708 1441 1
1708 1554 1
1708 1599 1
1708 1607 1
1708 1685 1
1708 1710 1
1708 1831 1
1709 248 1
1709 452 1
1709 453 1
1709 544 1
1709 545 1
1709 662 1
1709 664 1
1709 670 1
1709 930 1
1709 1015 1
1709 1016 1
1709 1020 1
1709 1331 1
1709 1333 1
1709 1772 1
1709 1775 1
1710 35 1
1710 275 1
1710 276 1
1710 452 1
1710 597 1
1710 1404 1
1710 1598 1
1710 1599 1
1710 1609 1
1710 1610 1
1710 1703 1
1710 1708 1
1711 452 1
1711 453 1
1711 1380 1
1711 1440 1
1711 1469 1
1712 1686 1
1713 1578 1
1714 416 1
1715 817 1
1715 818 1
1716 735 1
1716 817 1
1716 818 1
1716 827 1
1716 829 1
1716 1681 1
1717 657 1
1718 614 1
1719 364 1
1720 38 1
1720 47 1
1720 51 1
1720 276 1
1720 283 1
1720 722 1
1720 1425 1
1720 1607 1
1720 1685 1
1721 612 1
1721 746 1
1721 1722 1
1721 1723 1
1721 1724 1
1721 1725 1
1721 1726 1
1721 1727 1
1721 1728 1
1721 1729 1
1721 1730 1
1721 1731 1
1721 1732 1
1721 1733 1
1721 1734 1
1721 1735 1
1721 1736 1
1721 1737 1
1722 746 1
1722 1721 1
1722 1724 1
1722 1725 1
1722 1727 1
1722 1729 1
1722 1731 1
1722 1736 1
1722 1737 1
1723 746 1
1723 1721 1
1723 1724 1
1723 1729 1
1723 1730 1
1723 1731 1
1723 1732 1
1723 1736 1
1724 746 1
1724 1721 1
1724 1722 1
1724 1723 1
1724 1725 1
1724 1726 1
1724 1727 1
1724 1729 1
1724 1730 1
1724 1731 1
1724 1732 1
1724 1733 1
1724 1734 1
1724 1736 1
1724 1737 1
1725 746 1
1725 1721 1
1725 1722 1
1725 1724 1
1725 1727 1
1725 1728 1
1725 1729 1
1725 1730 1
1725 1731 1
1725 1732 1
1725 1734 1
1725 1736 1
1725 1737 1
1726 1721 1
1726 1724 1
1726 1729 1
1726 1730 1
1726 1731 1
1726 1732 1
1726 1733 1
1726 1734 1
1726 1735 1
1727 746 1
1727 1721 1
1727 1722 1
1727 1724 1
1727 1725 1
1727 1729 1
1727 1733 1
1727 1736 1
1727 1737 1
1728 1721 1
1728 1725 1
1728 1730 1
1728 1732 1
1728 1734 1
1728 1736 1
1728 1737 1
1729 746 1
1729 1721 1
1729 1722 1
1729 1723 1
1729 1724 1
1729 1725 1
1729 1726 1
1729 1727 1
1729 1730 1
1729 1731 1
1729 1733 1
1729 1734 1
1729 1735 1
1729 1736 1
1729 1737 1
1730 746 1
1730 1721 1
1730 1723 1
1730 1724 1
1730 1725 1
1730 1726 1
1730 1728 1
1730 1729 1
1730 1731 1
1730 1732 1
1730 1733 1
1730 1734 1
1730 1735 1
1730 1736 1
1730 1737 1
1731 746 1
1731 1721 1
1731 1722 1
1731 1723 1
1731 1724 1
1731 1725 1
1731 1726 1
1731 1729 1
1731 1730 1
1731 1732 1
1731 1733 1
1731 1734 1
1731 1736 1
1731 1737 1
1732 1721 1
1732 1723 1
1732 1724 1
1732 1725 1
1732 1726 1
1732 1728 1
1732 1730 1
1732 1731 1
1732 1733 1
1732 1734 1
1732 1735 1
1732 1736 1
1733 746 1
1733 1721 1
1733 1724 1
1733 1726 1
1733 1727 1
1733 1729 1
1733 1730 1
1733 1731 1
1733 1732 1
1733 1734 1
1733 1735 1
1733 1736 1
1734 746 1
1734 1721 1
1734 1724 1
1734 1725 1
1734 1726 1
1734 1728 1
1734 1729 1
1734 1730 1
1734 1731 1
1734 1732 1
1734 1733 1
1734 1735 1
1734 1736 1
1735 1721 1
1735 1726 1
1735 1729 1
1735 1730 1
1735 1732 1
1735 1733 1
1735 1734 1
1736 746 1
1736 1721 1
1736 1722 1
1736 1723 1
1736 1724 1
1736 1725 1
1736 1727 1
1736 1728 1
1736 1729 1
1736 1730 1
1736 1731 1
1736 1732 1
1736 1733 1
1736 1734 1
1736 1737 1
1737 746 1
1737 1721 1
1737 1722 1
1737 1724 1
1737 1725 1
1737 1727 1
1737 1728 1
1737 1729 1
1737 1730 1
1737 1731 1
1737 1736 1
1738 1739 1
1738 1740 1
1738 1741 1
1738 1742 1
1738 1743 1
1738 1744 1
1738 1745 1
1738 1746 1
1738 1747 1
1738 1748 1
1738 1749 1
1738 1750 1
1739 1420 1
1739 1738 1
1739 1740 1
1739 1741 1
1739 1742 1
1739 1743 1
1739 1746 1
1739 1747 1
1739 1749 1
1739 1750 1
1740 1031 1
1740 1738 1
1740 1739 1
1740 1742 1
1740 1743 1
1740 1744 1
1740 1745 1
1740 1747 1
1740 1748 1
1740 1750 1
1740 1842 1
1741 1738 1
1741 1739 1
1741 1742 1
1741 1743 1
1741 1745 1
1741 1746 1
1741 1747 1
1741 1750 1
1742 1738 1
1742 1739 1
1742 1740 1
1742 1741 1
1742 1743 1
1742 1746 1
1742 1747 1
1742 1749 1
1742 1750 1
1743 1031 1
1743 1738 1
1743 1739 1
1743 1740 1
1743 1741 1
1743 1742 1
1743 1744 1
1743 1745 1
1743 1746 1
1743 1747 1
1743 1748 1
1743 1749 1
1743 1750 1
1743 1842 1
1744 1738 1
1744 1740 1
1744 1743 1
1744 1745 1
1744 1747 1
1744 1748 1
1744 1749 1
1744 1750 1
1745 1031 1
1745 1738 1
1745 1740 1
1745 1741 1
1745 1743 1
1745 1744 1
1745 1747 1
1745 1748 1
1746 1420 1
1746 1738 1
1746 1739 1
1746 1741 1
1746 1742 1
1746 1743 1
1746 1747 1
1746 1749 1
1746 1750 1
1747 1031 1
1747 1420 1
1747 1738 1
1747 1739 1
1747 1740 1
1747 1741 1
1747 1742 1
1747 1743 1
1747 1744 1
1747 1745 1
1747 1746 1
1747 1750 1
1748 1031 1
1748 1738 1
1748 1740 1
1748 1743 1
1748 1744 1
1748 1745 1
1748 1842 1
1749 1738 1
1749 1739 1
1749 1742 1
1749 1743 1
1749 1744 1
1749 1746 1
1749 1750 1
1749 1842 1
1750 1738 1
1750 1739 1
1750 1740 1
1750 1741 1
1750 1742 1
1750 1743 1
1750 1744 1
1750 1746 1
1750 1747 1
1750 1749 1
1750 1842 1
1751 1006 1
1751 1007 1
1751 1008 1
1751 1009 1
1751 1010 1
1751 1011 1
1751 1110 1
1752 1680 1
1752 1753 1
1753 267 1
1753 1680 1
1753 1752 1
1754 894 1
1755 51 1
1755 719 1
1755 884 1
1756 775 1
1756 1757 1
1756 1758 1
1757 1756 1
1757 1758 1
1758 1270 1
1758 1756 1
1758 1757 1
1759 1760 1
1759 1761 1
1759 1762 1
1759 1763 1
1759 1764 1
1759 1765 1
1759 1766 1
1760 1759 1
1760 1761 1
1760 1762 1
1760 1763 1
1760 1764 1
1760 1765 1
1760 1766 1
1761 1759 1
1761 1760 1
1761 1762 1
1761 1763 1
1761 1764 1
1761 1765 1
1761 1766 1
1762 1759 1
1762 1760 1
1762 1761 1
1762 1763 1
1762 1764 1
1762 1765 1
1762 1766 1
1763 1759 1
1763 1760 1
1763 1761 1
1763 1762 1
1763 1764 1
1763 1765 1
1763 1766 1
1764 1759 1
1764 1760 1
1764 1761 1
1764 1762 1
1764 1763 1
1764 1765 1
1764 1766 1
1765 1759 1
1765 1760 1
1765 1761 1
1765 1762 1
1765 1763 1
1765 1764 1
1765 1766 1
1766 1759 1
1766 1760 1
1766 1761 1
1766 1762 1
1766 1763 1
1766 1764 1
1766 1765 1
1767 719 1
1768 21 1
1768 105 1
1768 131 1
1768 204 1
1768 208 1
1768 211 1
1769 1342 1
1769 1770 1
1769 1771 1
1770 20 1
1770 118 1
1770 125 1
1770 135 1
1770 144 1
1770 216 1
1770 235 1
1770 1074 1
1770 1769 1
1771 215 1
1771 627 1
1771 1342 1
1771 1769 1
1772 712 1
1772 1709 1
1772 1773 1
1773 710 1
1773 712 1
1773 930 1
1773 1487 1
1773 1772 1
1773 1818 1
1774 248 1
1774 370 1
1774 486 1
1774 544 1
1774 660 1
1774 664 1
1774 670 1
1774 675 1
1774 712 1
1774 847 1
1774 1018 1
1774 1329 1
1774 1331 1
1774 1333 1
1775 248 1
1775 544 1
1775 662 1
1775 670 1
1775 674 1
1775 1709 1
1776 1777 1
1776 1778 1
1776 1779 1
1776 1780 1
1776 1781 1
1777 1776 1
1777 1778 1
1777 1779 1
1777 1780 1
1777 1781 1
1778 1776 1
1778 1777 1
1778 1779 1
1778 1780 1
1778 1781 1
1779 1776 1
1779 1777 1
1779 1778 1
1779 1780 1
1779 1781 1
1780 1776 1
1780 1777 1
1780 1778 1
1780 1779 1
1780 1781 1
1781 1776 1
1781 1777 1
1781 1778 1
1781 1779 1
1781 1780 1
1782 415 1
1782 1137 1
1782 1355 1
1783 1629 1
1783 1784 1
1783 1785 1
1784 347 1
1784 1783 1
1785 1783 1
1786 539 1
1786 541 1
1786 544 1
1786 545 1
1786 662 1
1786 708 1
1787 152 1
1787 275 1
1787 1354 1
1787 1788 1
1787 1789 1
1788 275 1
1788 283 1
1788 453 1
1788 506 1
1788 1787 1
1789 47 1
1789 51 1
1789 275 1
1789 283 1
1789 1069 1
1789 1787 1
1790 87 1
1790 562 1
1790 563 1
1790 564 1
1790 957 1
1790 1791 1
1790 1792 1
1791 562 1
1791 629 1
1791 957 1
1791 1790 1
1792 309 1
1792 319 1
1792 709 1
1792 1790 1
1793 268 1
1793 834 1
1793 981 1
1793 1506 1
1794 997 1
1794 1036 1
1795 304 1
1795 855 1
1795 857 1
1795 1672 1
1795 1851 1
1796 72 1
1796 73 1
1797 304 1
1797 1836 1
1797 1854 1
1798 1147 1
1798 1681 1
1798 1804 1
1799 141 1
1799 234 1
1799 473 1
1799 507 1
1799 719 1
1799 889 1
1799 1108 1
1799 1112 1
1799 1117 1
1799 1119 1
1799 1122 1
1799 1159 1
1799 1627 1
1800 71 1
1800 1215 1
1800 1283 1
1800 1802 1
1801 71 1
1801 475 1
1801 1802 1
1802 71 1
1802 75 1
1802 475 1
1802 885 1
1802 1800 1
1802 1801 1
1803 343 1
1803 1233 1
1803 1306 1
1803 1399 1
1804 324 1
1804 330 1
1804 477 1
1804 1156 1
1804 1798 1
1805 805 1
1805 807 1
1805 808 1
1805 809 1
1805 1806 1
1805 1835 1
1806 805 1
1806 808 1
1806 809 1
1806 1805 1
1807 94 1
1807 269 1
1807 1056 1
1808 1056 1
1808 1058 1
1808 1698 1
1809 1056 1
1809 1547 1
1810 17 1
1810 118 1
1810 125 1
1810 146 1
1810 239 1
1810 1307 1
1811 764 1
1811 1028 1
1811 1029 1
1811 1480 1
1811 1812 1
1812 289 1
1812 588 1
1812 764 1
1812 1027 1
1812 1028 1
1812 1029 1
1812 1811 1
1813 1130 1
1814 453 1
1814 1355 1
1814 1463 1
1814 1702 1
1815 18 1
1816 326 1
1816 1035 1
1816 1616 1
1817 479 1
1817 818 1
1817 1203 1
1818 121 1
1818 572 1
1818 657 1
1818 1222 1
1818 1223 1
1818 1363 1
1818 1534 1
1818 1773 1
1819 86 1
1819 88 1
1819 89 1
1819 630 1
1819 1820 1
1820 86 1
1820 88 1
1820 630 1
1820 1819 1
1821 189 1
1821 1191 1
1821 1192 1
1822 347 1
1822 505 1
1822 726 1
1822 777 1
1822 999 1
1822 1483 1
1823 347 1
1823 777 1
1823 1306 1
1823 1691 1
1824 364 1
1824 719 1
1824 843 1
1824 1386 1
1824 1527 1
1824 1830 1
1825 232 1
1825 1270 1
1826 370 1
1826 544 1
1826 708 1
1826 710 1
1826 930 1
1827 260 1
1827 651 1
1827 1162 1
1827 1623 1
1827 1833 1
1828 260 1
1828 262 1
1828 465 1
1828 559 1
1829 48 1
1829 51 1
1829 453 1
1829 1136 1
1829 1599 1
1829 1700 1
1830 981 1
1830 1824 1
1831 48 1
1831 51 1
1831 152 1
1831 597 1
1831 721 1
1831 1071 1
1831 1404 1
1831 1441 1
1831 1708 1
1832 907 1
1832 909 1
1832 1217 1
1833 113 1
1833 726 1
1833 954 1
1833 1827 1
1834 75 1
1834 276 1
1834 843 1
1834 1465 1
1835 955 1
1835 1805 1
1836 709 1
1836 904 1
1836 1283 1
1836 1656 1
1836 1657 1
1836 1658 1
1836 1673 1
1836 1678 1
1836 1797 1
1836 1854 1
1837 94 1
1837 874 1
1837 1601 1
1837 1603 1
1837 1605 1
1837 1697 1
1837 1701 1
1837 1705 1
1837 1706 1
1838 185 1
1838 261 1
1838 629 1
1838 846 1
1839 261 1
1839 465 1
1840 868 1
1841 1027 1
1842 1740 1
1842 1743 1
1842 1748 1
1842 1749 1
1842 1750 1
1843 266 1
1843 954 1
1843 1000 1
1843 1474 1
1843 1614 1
1843 1844 1
1844 144 1
1844 145 1
1844 185 1
1844 311 1
1844 1843 1
1845 469 1
1845 1579 1
1846 1231 1
1847 203 1
1847 216 1
1847 273 1
1847 950 1
1847 1075 1
1847 1410 1
1847 1564 1
1847 1568 1
1848 268 1
1848 465 1
1848 981 1
1849 465 1
1849 1299 1
1850 199 1
1850 1579 1
1851 521 1
1851 522 1
1851 1795 1
1852 813 1
1852 814 1
1852 1853 1
1853 813 1
1853 814 1
1853 1852 1
1854 846 1
1854 1797 1
1854 1836 1
1855 871 1
1855 950 1
1856 350 1
1856 1139 1
1856 1290 1
1857 416 1
1857 1135 1
1858 320 1
1859 917 1
1860 1477 1
